{"type": "FeatureCollection", "features": [{"type": "Feature", "geometry": {"type": "Point", "coordinates": [30.0755, -1.5786]}, "properties": {"radio": "GSM", "range_m": "6592", "samples": "26"}}, {"type": "Feature", "geometry": {"type": "Point", "coordinates": [30.7815, -2.3767]}, "properties": {"radio": "GSM", "range_m": "4119", "samples": "22"}}, {"type": "Feature", "geometry": {"type": "Point", "coordinates": [30.7764, -2.3724]}, "properties": {"radio": "GSM", "range_m": "3182", "samples": "22"}}, {"type": "Feature", "geometry": {"type": "Point", "coordinates": [30.7595, -2.3433]}, "properties": {"radio": "GSM", "range_m": "8020", "samples": "20"}}, {"type": "Feature", "geometry": {"type": "Point", "coordinates": [30.3921, -1.9489]}, "properties": {"radio": "GSM", "range_m": "3386", "samples": "22"}}, {"type": "Feature", "geometry": {"type": "Point", "coordinates": [30.4135, -1.9429]}, "properties": {"radio": "GSM", "range_m": "9894", "samples": "21"}}, {"type": "Feature", "geometry": {"type": "Point", "coordinates": [30.3977, -1.9409]}, "properties": {"radio": "GSM", "range_m": "14806", "samples": "25"}}, {"type": "Feature", "geometry": {"type": "Point", "coordinates": [30.3155, -1.9198]}, "properties": {"radio": "GSM", "range_m": "3486", "samples": "26"}}, {"type": "Feature", "geometry": {"type": "Point", "coordinates": [30.3275, -1.9184]}, "properties": {"radio": "GSM", "range_m": "13569", "samples": "21"}}, {"type": "Feature", "geometry": {"type": "Point", "coordinates": [30.2499, -1.9539]}, "properties": {"radio": "GSM", "range_m": "4030", "samples": "21"}}, {"type": "Feature", "geometry": {"type": "Point", "coordinates": [30.2559, -1.949]}, "properties": {"radio": "GSM", "range_m": "4349", "samples": "25"}}, {"type": "Feature", "geometry": {"type": "Point", "coordinates": [30.2341, -1.9601]}, "properties": {"radio": "GSM", "range_m": "6639", "samples": "21"}}, {"type": "Feature", "geometry": {"type": "Point", "coordinates": [30.2433, -1.956]}, "properties": {"radio": "GSM", "range_m": "3320", "samples": "22"}}, {"type": "Feature", "geometry": {"type": "Point", "coordinates": [30.2649, -1.9515]}, "properties": {"radio": "GSM", "range_m": "19832", "samples": "18"}}, {"type": "Feature", "geometry": {"type": "Point", "coordinates": [30.3501, -1.909]}, "properties": {"radio": "GSM", "range_m": "15812", "samples": "21"}}, {"type": "Feature", "geometry": {"type": "Point", "coordinates": [30.4844, -1.934]}, "properties": {"radio": "GSM", "range_m": "10553", "samples": "21"}}, {"type": "Feature", "geometry": {"type": "Point", "coordinates": [30.2599, -1.9512]}, "properties": {"radio": "GSM", "range_m": "9471", "samples": "24"}}, {"type": "Feature", "geometry": {"type": "Point", "coordinates": [30.416, -1.9446]}, "properties": {"radio": "GSM", "range_m": "7923", "samples": "23"}}, {"type": "Feature", "geometry": {"type": "Point", "coordinates": [30.401, -1.947]}, "properties": {"radio": "GSM", "range_m": "5804", "samples": "21"}}, {"type": "Feature", "geometry": {"type": "Point", "coordinates": [30.427, -1.944]}, "properties": {"radio": "GSM", "range_m": "3476", "samples": "25"}}, {"type": "Feature", "geometry": {"type": "Point", "coordinates": [30.4012, -1.9468]}, "properties": {"radio": "GSM", "range_m": "5223", "samples": "27"}}, {"type": "Feature", "geometry": {"type": "Point", "coordinates": [30.0956, -1.8278]}, "properties": {"radio": "GSM", "range_m": "6944", "samples": "23"}}, {"type": "Feature", "geometry": {"type": "Point", "coordinates": [30.0927, -1.8257]}, "properties": {"radio": "GSM", "range_m": "6212", "samples": "24"}}, {"type": "Feature", "geometry": {"type": "Point", "coordinates": [30.0893, -1.8327]}, "properties": {"radio": "GSM", "range_m": "2884", "samples": "22"}}, {"type": "Feature", "geometry": {"type": "Point", "coordinates": [30.0941, -1.8303]}, "properties": {"radio": "GSM", "range_m": "2733", "samples": "26"}}, {"type": "Feature", "geometry": {"type": "Point", "coordinates": [30.0791, -1.8618]}, "properties": {"radio": "GSM", "range_m": "6058", "samples": "21"}}, {"type": "Feature", "geometry": {"type": "Point", "coordinates": [30.07, -1.8848]}, "properties": {"radio": "GSM", "range_m": "6020", "samples": "26"}}, {"type": "Feature", "geometry": {"type": "Point", "coordinates": [30.7857, -2.3763]}, "properties": {"radio": "GSM", "range_m": "9051", "samples": "16"}}, {"type": "Feature", "geometry": {"type": "Point", "coordinates": [29.4496, -1.6183]}, "properties": {"radio": "GSM", "range_m": "8166", "samples": "24"}}, {"type": "Feature", "geometry": {"type": "Point", "coordinates": [29.4548, -1.6182]}, "properties": {"radio": "GSM", "range_m": "4114", "samples": "26"}}, {"type": "Feature", "geometry": {"type": "Point", "coordinates": [29.4371, -1.6208]}, "properties": {"radio": "GSM", "range_m": "8160", "samples": "23"}}, {"type": "Feature", "geometry": {"type": "Point", "coordinates": [29.4577, -1.6159]}, "properties": {"radio": "GSM", "range_m": "6249", "samples": "26"}}, {"type": "Feature", "geometry": {"type": "Point", "coordinates": [29.4598, -1.6184]}, "properties": {"radio": "GSM", "range_m": "2478", "samples": "24"}}, {"type": "Feature", "geometry": {"type": "Point", "coordinates": [29.4736, -1.6218]}, "properties": {"radio": "GSM", "range_m": "7287", "samples": "27"}}, {"type": "Feature", "geometry": {"type": "Point", "coordinates": [29.4306, -1.6236]}, "properties": {"radio": "GSM", "range_m": "6340", "samples": "27"}}, {"type": "Feature", "geometry": {"type": "Point", "coordinates": [29.4147, -1.6305]}, "properties": {"radio": "GSM", "range_m": "5171", "samples": "23"}}, {"type": "Feature", "geometry": {"type": "Point", "coordinates": [29.3931, -1.6418]}, "properties": {"radio": "GSM", "range_m": "7478", "samples": "26"}}, {"type": "Feature", "geometry": {"type": "Point", "coordinates": [29.3975, -1.6407]}, "properties": {"radio": "GSM", "range_m": "6067", "samples": "26"}}, {"type": "Feature", "geometry": {"type": "Point", "coordinates": [29.4617, -1.615]}, "properties": {"radio": "GSM", "range_m": "7686", "samples": "22"}}, {"type": "Feature", "geometry": {"type": "Point", "coordinates": [29.3957, -1.6409]}, "properties": {"radio": "GSM", "range_m": "5887", "samples": "26"}}, {"type": "Feature", "geometry": {"type": "Point", "coordinates": [29.3183, -1.6868]}, "properties": {"radio": "GSM", "range_m": "6620", "samples": "21"}}, {"type": "Feature", "geometry": {"type": "Point", "coordinates": [29.3321, -1.6918]}, "properties": {"radio": "GSM", "range_m": "5226", "samples": "24"}}, {"type": "Feature", "geometry": {"type": "Point", "coordinates": [29.34, -1.6861]}, "properties": {"radio": "GSM", "range_m": "7766", "samples": "23"}}, {"type": "Feature", "geometry": {"type": "Point", "coordinates": [29.3364, -1.6942]}, "properties": {"radio": "GSM", "range_m": "6100", "samples": "22"}}, {"type": "Feature", "geometry": {"type": "Point", "coordinates": [29.3292, -1.6961]}, "properties": {"radio": "GSM", "range_m": "7508", "samples": "25"}}, {"type": "Feature", "geometry": {"type": "Point", "coordinates": [29.2897, -1.6801]}, "properties": {"radio": "GSM", "range_m": "6031", "samples": "22"}}, {"type": "Feature", "geometry": {"type": "Point", "coordinates": [29.3001, -1.6892]}, "properties": {"radio": "GSM", "range_m": "3307", "samples": "21"}}, {"type": "Feature", "geometry": {"type": "Point", "coordinates": [29.314, -1.7322]}, "properties": {"radio": "GSM", "range_m": "7905", "samples": "27"}}, {"type": "Feature", "geometry": {"type": "Point", "coordinates": [29.2994, -1.6877]}, "properties": {"radio": "GSM", "range_m": "4440", "samples": "27"}}, {"type": "Feature", "geometry": {"type": "Point", "coordinates": [29.2663, -1.6976]}, "properties": {"radio": "GSM", "range_m": "3991", "samples": "27"}}, {"type": "Feature", "geometry": {"type": "Point", "coordinates": [29.2633, -1.7031]}, "properties": {"radio": "GSM", "range_m": "7449", "samples": "25"}}, {"type": "Feature", "geometry": {"type": "Point", "coordinates": [29.2761, -1.6739]}, "properties": {"radio": "GSM", "range_m": "8465", "samples": "25"}}, {"type": "Feature", "geometry": {"type": "Point", "coordinates": [29.2857, -1.679]}, "properties": {"radio": "GSM", "range_m": "7204", "samples": "23"}}, {"type": "Feature", "geometry": {"type": "Point", "coordinates": [29.2625, -1.7016]}, "properties": {"radio": "GSM", "range_m": "4408", "samples": "22"}}, {"type": "Feature", "geometry": {"type": "Point", "coordinates": [29.2632, -1.7072]}, "properties": {"radio": "GSM", "range_m": "4323", "samples": "24"}}, {"type": "Feature", "geometry": {"type": "Point", "coordinates": [29.2598, -1.6939]}, "properties": {"radio": "GSM", "range_m": "2691", "samples": "21"}}, {"type": "Feature", "geometry": {"type": "Point", "coordinates": [29.2605, -1.689]}, "properties": {"radio": "GSM", "range_m": "3560", "samples": "26"}}, {"type": "Feature", "geometry": {"type": "Point", "coordinates": [29.2612, -1.6934]}, "properties": {"radio": "GSM", "range_m": "5553", "samples": "24"}}, {"type": "Feature", "geometry": {"type": "Point", "coordinates": [29.2572, -1.6891]}, "properties": {"radio": "GSM", "range_m": "3399", "samples": "21"}}, {"type": "Feature", "geometry": {"type": "Point", "coordinates": [29.2598, -1.6864]}, "properties": {"radio": "GSM", "range_m": "8205", "samples": "26"}}, {"type": "Feature", "geometry": {"type": "Point", "coordinates": [29.2625, -1.6765]}, "properties": {"radio": "GSM", "range_m": "2243", "samples": "21"}}, {"type": "Feature", "geometry": {"type": "Point", "coordinates": [29.7405, -1.3554]}, "properties": {"radio": "GSM", "range_m": "7791", "samples": "23"}}, {"type": "Feature", "geometry": {"type": "Point", "coordinates": [29.2651, -1.6745]}, "properties": {"radio": "GSM", "range_m": "4386", "samples": "26"}}, {"type": "Feature", "geometry": {"type": "Point", "coordinates": [29.2608, -1.6961]}, "properties": {"radio": "GSM", "range_m": "2544", "samples": "22"}}, {"type": "Feature", "geometry": {"type": "Point", "coordinates": [29.2629, -1.6968]}, "properties": {"radio": "GSM", "range_m": "5205", "samples": "23"}}, {"type": "Feature", "geometry": {"type": "Point", "coordinates": [29.2678, -1.7]}, "properties": {"radio": "GSM", "range_m": "7843", "samples": "27"}}, {"type": "Feature", "geometry": {"type": "Point", "coordinates": [29.2622, -1.6978]}, "properties": {"radio": "GSM", "range_m": "2368", "samples": "25"}}, {"type": "Feature", "geometry": {"type": "Point", "coordinates": [29.2658, -1.6952]}, "properties": {"radio": "GSM", "range_m": "2348", "samples": "27"}}, {"type": "Feature", "geometry": {"type": "Point", "coordinates": [29.265, -1.7052]}, "properties": {"radio": "GSM", "range_m": "3942", "samples": "27"}}, {"type": "Feature", "geometry": {"type": "Point", "coordinates": [29.2599, -1.7084]}, "properties": {"radio": "GSM", "range_m": "4969", "samples": "24"}}, {"type": "Feature", "geometry": {"type": "Point", "coordinates": [29.2634, -1.6939]}, "properties": {"radio": "GSM", "range_m": "4153", "samples": "21"}}, {"type": "Feature", "geometry": {"type": "Point", "coordinates": [29.2636, -1.7066]}, "properties": {"radio": "GSM", "range_m": "2391", "samples": "27"}}, {"type": "Feature", "geometry": {"type": "Point", "coordinates": [29.7286, -1.4165]}, "properties": {"radio": "GSM", "range_m": "3731", "samples": "21"}}, {"type": "Feature", "geometry": {"type": "Point", "coordinates": [29.7413, -1.3797]}, "properties": {"radio": "GSM", "range_m": "8268", "samples": "22"}}, {"type": "Feature", "geometry": {"type": "Point", "coordinates": [29.7287, -1.4127]}, "properties": {"radio": "GSM", "range_m": "4414", "samples": "23"}}, {"type": "Feature", "geometry": {"type": "Point", "coordinates": [29.7287, -1.416]}, "properties": {"radio": "GSM", "range_m": "2275", "samples": "22"}}, {"type": "Feature", "geometry": {"type": "Point", "coordinates": [29.7378, -1.3904]}, "properties": {"radio": "GSM", "range_m": "5355", "samples": "22"}}, {"type": "Feature", "geometry": {"type": "Point", "coordinates": [29.6927, -1.4612]}, "properties": {"radio": "GSM", "range_m": "8378", "samples": "21"}}, {"type": "Feature", "geometry": {"type": "Point", "coordinates": [29.6891, -1.4702]}, "properties": {"radio": "GSM", "range_m": "6642", "samples": "21"}}, {"type": "Feature", "geometry": {"type": "Point", "coordinates": [29.6226, -1.4986]}, "properties": {"radio": "GSM", "range_m": "9182", "samples": "27"}}, {"type": "Feature", "geometry": {"type": "Point", "coordinates": [29.6058, -1.5085]}, "properties": {"radio": "GSM", "range_m": "12362", "samples": "22"}}, {"type": "Feature", "geometry": {"type": "Point", "coordinates": [29.5815, -1.5205]}, "properties": {"radio": "GSM", "range_m": "8236", "samples": "24"}}, {"type": "Feature", "geometry": {"type": "Point", "coordinates": [29.5872, -1.5166]}, "properties": {"radio": "GSM", "range_m": "9050", "samples": "21"}}, {"type": "Feature", "geometry": {"type": "Point", "coordinates": [29.5766, -1.5267]}, "properties": {"radio": "GSM", "range_m": "7409", "samples": "24"}}, {"type": "Feature", "geometry": {"type": "Point", "coordinates": [29.5746, -1.5257]}, "properties": {"radio": "GSM", "range_m": "3163", "samples": "25"}}, {"type": "Feature", "geometry": {"type": "Point", "coordinates": [29.5884, -1.5161]}, "properties": {"radio": "GSM", "range_m": "5495", "samples": "22"}}, {"type": "Feature", "geometry": {"type": "Point", "coordinates": [29.5563, -1.552]}, "properties": {"radio": "GSM", "range_m": "3220", "samples": "26"}}, {"type": "Feature", "geometry": {"type": "Point", "coordinates": [29.5394, -1.5716]}, "properties": {"radio": "GSM", "range_m": "3674", "samples": "24"}}, {"type": "Feature", "geometry": {"type": "Point", "coordinates": [29.5314, -1.5796]}, "properties": {"radio": "GSM", "range_m": "3024", "samples": "22"}}, {"type": "Feature", "geometry": {"type": "Point", "coordinates": [29.5589, -1.5502]}, "properties": {"radio": "GSM", "range_m": "9449", "samples": "21"}}, {"type": "Feature", "geometry": {"type": "Point", "coordinates": [29.5468, -1.5609]}, "properties": {"radio": "GSM", "range_m": "5439", "samples": "26"}}, {"type": "Feature", "geometry": {"type": "Point", "coordinates": [29.5617, -1.5425]}, "properties": {"radio": "GSM", "range_m": "8661", "samples": "23"}}, {"type": "Feature", "geometry": {"type": "Point", "coordinates": [29.5539, -1.5553]}, "properties": {"radio": "GSM", "range_m": "6605", "samples": "26"}}, {"type": "Feature", "geometry": {"type": "Point", "coordinates": [29.5266, -1.5843]}, "properties": {"radio": "GSM", "range_m": "8874", "samples": "26"}}, {"type": "Feature", "geometry": {"type": "Point", "coordinates": [29.507, -1.6081]}, "properties": {"radio": "GSM", "range_m": "3536", "samples": "24"}}, {"type": "Feature", "geometry": {"type": "Point", "coordinates": [29.4816, -1.6172]}, "properties": {"radio": "GSM", "range_m": "5152", "samples": "24"}}, {"type": "Feature", "geometry": {"type": "Point", "coordinates": [29.4992, -1.6081]}, "properties": {"radio": "GSM", "range_m": "6476", "samples": "26"}}, {"type": "Feature", "geometry": {"type": "Point", "coordinates": [29.4946, -1.6177]}, "properties": {"radio": "GSM", "range_m": "2682", "samples": "24"}}, {"type": "Feature", "geometry": {"type": "Point", "coordinates": [29.4987, -1.6145]}, "properties": {"radio": "GSM", "range_m": "6288", "samples": "22"}}, {"type": "Feature", "geometry": {"type": "Point", "coordinates": [29.4594, -1.6195]}, "properties": {"radio": "GSM", "range_m": "3973", "samples": "23"}}, {"type": "Feature", "geometry": {"type": "Point", "coordinates": [29.5042, -1.606]}, "properties": {"radio": "GSM", "range_m": "5646", "samples": "22"}}, {"type": "Feature", "geometry": {"type": "Point", "coordinates": [29.4545, -1.615]}, "properties": {"radio": "GSM", "range_m": "3312", "samples": "26"}}, {"type": "Feature", "geometry": {"type": "Point", "coordinates": [29.3822, -1.6475]}, "properties": {"radio": "GSM", "range_m": "5414", "samples": "24"}}, {"type": "Feature", "geometry": {"type": "Point", "coordinates": [29.3047, -1.6893]}, "properties": {"radio": "GSM", "range_m": "5487", "samples": "26"}}, {"type": "Feature", "geometry": {"type": "Point", "coordinates": [29.3199, -1.6954]}, "properties": {"radio": "GSM", "range_m": "6689", "samples": "22"}}, {"type": "Feature", "geometry": {"type": "Point", "coordinates": [29.2587, -1.7018]}, "properties": {"radio": "GSM", "range_m": "2885", "samples": "20"}}, {"type": "Feature", "geometry": {"type": "Point", "coordinates": [29.7399, -1.3537]}, "properties": {"radio": "GSM", "range_m": "7080", "samples": "25"}}, {"type": "Feature", "geometry": {"type": "Point", "coordinates": [29.265, -1.6986]}, "properties": {"radio": "GSM", "range_m": "8540", "samples": "26"}}, {"type": "Feature", "geometry": {"type": "Point", "coordinates": [29.2621, -1.699]}, "properties": {"radio": "GSM", "range_m": "2016", "samples": "22"}}, {"type": "Feature", "geometry": {"type": "Point", "coordinates": [29.7054, -1.4484]}, "properties": {"radio": "GSM", "range_m": "5708", "samples": "25"}}, {"type": "Feature", "geometry": {"type": "Point", "coordinates": [29.626, -1.5014]}, "properties": {"radio": "GSM", "range_m": "6458", "samples": "24"}}, {"type": "Feature", "geometry": {"type": "Point", "coordinates": [29.6489, -1.4933]}, "properties": {"radio": "GSM", "range_m": "4334", "samples": "26"}}, {"type": "Feature", "geometry": {"type": "Point", "coordinates": [29.6883, -1.4612]}, "properties": {"radio": "GSM", "range_m": "6646", "samples": "7"}}, {"type": "Feature", "geometry": {"type": "Point", "coordinates": [29.6843, -1.4694]}, "properties": {"radio": "GSM", "range_m": "8774", "samples": "24"}}, {"type": "Feature", "geometry": {"type": "Point", "coordinates": [29.6453, -1.4943]}, "properties": {"radio": "GSM", "range_m": "4320", "samples": "21"}}, {"type": "Feature", "geometry": {"type": "Point", "coordinates": [29.6339, -1.496]}, "properties": {"radio": "GSM", "range_m": "9218", "samples": "24"}}, {"type": "Feature", "geometry": {"type": "Point", "coordinates": [29.5993, -1.5106]}, "properties": {"radio": "GSM", "range_m": "5911", "samples": "26"}}, {"type": "Feature", "geometry": {"type": "Point", "coordinates": [29.6403, -1.4978]}, "properties": {"radio": "GSM", "range_m": "8209", "samples": "27"}}, {"type": "Feature", "geometry": {"type": "Point", "coordinates": [29.5643, -1.5371]}, "properties": {"radio": "GSM", "range_m": "5201", "samples": "22"}}, {"type": "Feature", "geometry": {"type": "Point", "coordinates": [29.5765, -1.5283]}, "properties": {"radio": "GSM", "range_m": "9232", "samples": "23"}}, {"type": "Feature", "geometry": {"type": "Point", "coordinates": [29.5456, -1.5615]}, "properties": {"radio": "GSM", "range_m": "5278", "samples": "23"}}, {"type": "Feature", "geometry": {"type": "Point", "coordinates": [29.5276, -1.5847]}, "properties": {"radio": "GSM", "range_m": "5972", "samples": "27"}}, {"type": "Feature", "geometry": {"type": "Point", "coordinates": [29.4262, -1.6257]}, "properties": {"radio": "GSM", "range_m": "7719", "samples": "25"}}, {"type": "Feature", "geometry": {"type": "Point", "coordinates": [29.2773, -1.6693]}, "properties": {"radio": "GSM", "range_m": "8398", "samples": "23"}}, {"type": "Feature", "geometry": {"type": "Point", "coordinates": [30.0131, -1.4293]}, "properties": {"radio": "GSM", "range_m": "9795", "samples": "23"}}, {"type": "Feature", "geometry": {"type": "Point", "coordinates": [30.093, -1.8263]}, "properties": {"radio": "GSM", "range_m": "5542", "samples": "26"}}, {"type": "Feature", "geometry": {"type": "Point", "coordinates": [30.0879, -1.8407]}, "properties": {"radio": "GSM", "range_m": "8816", "samples": "21"}}, {"type": "Feature", "geometry": {"type": "Point", "coordinates": [29.2528, -1.6968]}, "properties": {"radio": "GSM", "range_m": "5916", "samples": "23"}}, {"type": "Feature", "geometry": {"type": "Point", "coordinates": [30.0958, -1.865]}, "properties": {"radio": "GSM", "range_m": "9962", "samples": "22"}}, {"type": "Feature", "geometry": {"type": "Point", "coordinates": [29.9735, -1.8248]}, "properties": {"radio": "GSM", "range_m": "7153", "samples": "13"}}, {"type": "Feature", "geometry": {"type": "Point", "coordinates": [29.918, -1.7439]}, "properties": {"radio": "GSM", "range_m": "14729", "samples": "25"}}, {"type": "Feature", "geometry": {"type": "Point", "coordinates": [29.9359, -1.7867]}, "properties": {"radio": "GSM", "range_m": "7279", "samples": "10"}}, {"type": "Feature", "geometry": {"type": "Point", "coordinates": [29.9502, -1.7997]}, "properties": {"radio": "GSM", "range_m": "8434", "samples": "14"}}, {"type": "Feature", "geometry": {"type": "Point", "coordinates": [29.9294, -1.7595]}, "properties": {"radio": "GSM", "range_m": "8351", "samples": "17"}}, {"type": "Feature", "geometry": {"type": "Point", "coordinates": [29.9121, -1.6885]}, "properties": {"radio": "GSM", "range_m": "8506", "samples": "6"}}, {"type": "Feature", "geometry": {"type": "Point", "coordinates": [29.9372, -1.7473]}, "properties": {"radio": "GSM", "range_m": "8154", "samples": "10"}}, {"type": "Feature", "geometry": {"type": "Point", "coordinates": [29.9157, -1.7243]}, "properties": {"radio": "GSM", "range_m": "3694", "samples": "8"}}, {"type": "Feature", "geometry": {"type": "Point", "coordinates": [29.918, -1.733]}, "properties": {"radio": "GSM", "range_m": "7301", "samples": "13"}}, {"type": "Feature", "geometry": {"type": "Point", "coordinates": [29.8923, -1.656]}, "properties": {"radio": "GSM", "range_m": "4697", "samples": "23"}}, {"type": "Feature", "geometry": {"type": "Point", "coordinates": [29.8887, -1.666]}, "properties": {"radio": "GSM", "range_m": "5150", "samples": "21"}}, {"type": "Feature", "geometry": {"type": "Point", "coordinates": [29.7948, -1.6442]}, "properties": {"radio": "GSM", "range_m": "7074", "samples": "24"}}, {"type": "Feature", "geometry": {"type": "Point", "coordinates": [29.7777, -1.636]}, "properties": {"radio": "GSM", "range_m": "3874", "samples": "20"}}, {"type": "Feature", "geometry": {"type": "Point", "coordinates": [29.7958, -1.6349]}, "properties": {"radio": "GSM", "range_m": "8825", "samples": "21"}}, {"type": "Feature", "geometry": {"type": "Point", "coordinates": [29.7695, -1.6192]}, "properties": {"radio": "GSM", "range_m": "2388", "samples": "27"}}, {"type": "Feature", "geometry": {"type": "Point", "coordinates": [29.7928, -1.644]}, "properties": {"radio": "GSM", "range_m": "5661", "samples": "27"}}, {"type": "Feature", "geometry": {"type": "Point", "coordinates": [29.7956, -1.6414]}, "properties": {"radio": "GSM", "range_m": "7318", "samples": "21"}}, {"type": "Feature", "geometry": {"type": "Point", "coordinates": [29.7815, -1.6242]}, "properties": {"radio": "GSM", "range_m": "7474", "samples": "9"}}, {"type": "Feature", "geometry": {"type": "Point", "coordinates": [29.8165, -1.6556]}, "properties": {"radio": "GSM", "range_m": "5976", "samples": "27"}}, {"type": "Feature", "geometry": {"type": "Point", "coordinates": [29.7319, -1.582]}, "properties": {"radio": "GSM", "range_m": "4464", "samples": "27"}}, {"type": "Feature", "geometry": {"type": "Point", "coordinates": [29.6617, -1.5234]}, "properties": {"radio": "GSM", "range_m": "8428", "samples": "16"}}, {"type": "Feature", "geometry": {"type": "Point", "coordinates": [29.7567, -1.5985]}, "properties": {"radio": "GSM", "range_m": "2472", "samples": "27"}}, {"type": "Feature", "geometry": {"type": "Point", "coordinates": [29.7527, -1.6043]}, "properties": {"radio": "GSM", "range_m": "7751", "samples": "19"}}, {"type": "Feature", "geometry": {"type": "Point", "coordinates": [29.7381, -1.5839]}, "properties": {"radio": "GSM", "range_m": "4364", "samples": "23"}}, {"type": "Feature", "geometry": {"type": "Point", "coordinates": [29.6881, -1.5502]}, "properties": {"radio": "GSM", "range_m": "8906", "samples": "22"}}, {"type": "Feature", "geometry": {"type": "Point", "coordinates": [29.733, -1.5815]}, "properties": {"radio": "GSM", "range_m": "4897", "samples": "25"}}, {"type": "Feature", "geometry": {"type": "Point", "coordinates": [29.6656, -1.5356]}, "properties": {"radio": "GSM", "range_m": "9503", "samples": "22"}}, {"type": "Feature", "geometry": {"type": "Point", "coordinates": [29.6521, -1.513]}, "properties": {"radio": "GSM", "range_m": "1504", "samples": "14"}}, {"type": "Feature", "geometry": {"type": "Point", "coordinates": [29.6495, -1.5131]}, "properties": {"radio": "GSM", "range_m": "4240", "samples": "27"}}, {"type": "Feature", "geometry": {"type": "Point", "coordinates": [29.6443, -1.5228]}, "properties": {"radio": "GSM", "range_m": "8590", "samples": "22"}}, {"type": "Feature", "geometry": {"type": "Point", "coordinates": [29.7072, -1.5639]}, "properties": {"radio": "GSM", "range_m": "7773", "samples": "20"}}, {"type": "Feature", "geometry": {"type": "Point", "coordinates": [29.6598, -1.5236]}, "properties": {"radio": "GSM", "range_m": "4780", "samples": "27"}}, {"type": "Feature", "geometry": {"type": "Point", "coordinates": [29.673, -1.5119]}, "properties": {"radio": "GSM", "range_m": "8755", "samples": "22"}}, {"type": "Feature", "geometry": {"type": "Point", "coordinates": [29.6392, -1.5033]}, "properties": {"radio": "GSM", "range_m": "5834", "samples": "27"}}, {"type": "Feature", "geometry": {"type": "Point", "coordinates": [29.6183, -1.5028]}, "properties": {"radio": "GSM", "range_m": "4448", "samples": "22"}}, {"type": "Feature", "geometry": {"type": "Point", "coordinates": [29.6128, -1.5044]}, "properties": {"radio": "GSM", "range_m": "10587", "samples": "23"}}, {"type": "Feature", "geometry": {"type": "Point", "coordinates": [29.6182, -1.4999]}, "properties": {"radio": "GSM", "range_m": "7907", "samples": "24"}}, {"type": "Feature", "geometry": {"type": "Point", "coordinates": [29.6659, -1.539]}, "properties": {"radio": "GSM", "range_m": "9612", "samples": "27"}}, {"type": "Feature", "geometry": {"type": "Point", "coordinates": [29.5744, -1.5293]}, "properties": {"radio": "GSM", "range_m": "7834", "samples": "23"}}, {"type": "Feature", "geometry": {"type": "Point", "coordinates": [29.442, -1.6203]}, "properties": {"radio": "GSM", "range_m": "8470", "samples": "21"}}, {"type": "Feature", "geometry": {"type": "Point", "coordinates": [29.3741, -1.6524]}, "properties": {"radio": "GSM", "range_m": "8623", "samples": "21"}}, {"type": "Feature", "geometry": {"type": "Point", "coordinates": [29.3867, -1.6438]}, "properties": {"radio": "GSM", "range_m": "4337", "samples": "24"}}, {"type": "Feature", "geometry": {"type": "Point", "coordinates": [29.5284, -1.5816]}, "properties": {"radio": "GSM", "range_m": "2347", "samples": "27"}}, {"type": "Feature", "geometry": {"type": "Point", "coordinates": [29.5784, -1.5278]}, "properties": {"radio": "GSM", "range_m": "8063", "samples": "22"}}, {"type": "Feature", "geometry": {"type": "Point", "coordinates": [29.5684, -1.5328]}, "properties": {"radio": "GSM", "range_m": "5650", "samples": "21"}}, {"type": "Feature", "geometry": {"type": "Point", "coordinates": [29.6297, -1.5]}, "properties": {"radio": "GSM", "range_m": "5375", "samples": "22"}}, {"type": "Feature", "geometry": {"type": "Point", "coordinates": [29.6298, -1.5013]}, "properties": {"radio": "GSM", "range_m": "4100", "samples": "25"}}, {"type": "Feature", "geometry": {"type": "Point", "coordinates": [29.6228, -1.5013]}, "properties": {"radio": "GSM", "range_m": "7290", "samples": "22"}}, {"type": "Feature", "geometry": {"type": "Point", "coordinates": [29.6362, -1.4994]}, "properties": {"radio": "GSM", "range_m": "7783", "samples": "27"}}, {"type": "Feature", "geometry": {"type": "Point", "coordinates": [29.6908, -1.4691]}, "properties": {"radio": "GSM", "range_m": "8786", "samples": "25"}}, {"type": "Feature", "geometry": {"type": "Point", "coordinates": [29.7235, -1.4187]}, "properties": {"radio": "GSM", "range_m": "8669", "samples": "23"}}, {"type": "Feature", "geometry": {"type": "Point", "coordinates": [29.7271, -1.4146]}, "properties": {"radio": "GSM", "range_m": "8149", "samples": "21"}}, {"type": "Feature", "geometry": {"type": "Point", "coordinates": [29.6374, -1.4983]}, "properties": {"radio": "GSM", "range_m": "9406", "samples": "24"}}, {"type": "Feature", "geometry": {"type": "Point", "coordinates": [29.741, -1.3606]}, "properties": {"radio": "GSM", "range_m": "5194", "samples": "23"}}, {"type": "Feature", "geometry": {"type": "Point", "coordinates": [29.7392, -1.3789]}, "properties": {"radio": "GSM", "range_m": "6641", "samples": "25"}}, {"type": "Feature", "geometry": {"type": "Point", "coordinates": [29.263, -1.6958]}, "properties": {"radio": "GSM", "range_m": "3703", "samples": "21"}}, {"type": "Feature", "geometry": {"type": "Point", "coordinates": [29.7413, -1.3432]}, "properties": {"radio": "GSM", "range_m": "2124", "samples": "25"}}, {"type": "Feature", "geometry": {"type": "Point", "coordinates": [29.7445, -1.372]}, "properties": {"radio": "GSM", "range_m": "5308", "samples": "26"}}, {"type": "Feature", "geometry": {"type": "Point", "coordinates": [29.7393, -1.3392]}, "properties": {"radio": "GSM", "range_m": "1000", "samples": "23"}}, {"type": "Feature", "geometry": {"type": "Point", "coordinates": [29.7398, -1.3571]}, "properties": {"radio": "GSM", "range_m": "6703", "samples": "19"}}, {"type": "Feature", "geometry": {"type": "Point", "coordinates": [29.2866, -1.6727]}, "properties": {"radio": "GSM", "range_m": "9295", "samples": "23"}}, {"type": "Feature", "geometry": {"type": "Point", "coordinates": [29.6501, -1.4943]}, "properties": {"radio": "GSM", "range_m": "6922", "samples": "21"}}, {"type": "Feature", "geometry": {"type": "Point", "coordinates": [29.6624, -1.4858]}, "properties": {"radio": "GSM", "range_m": "7899", "samples": "22"}}, {"type": "Feature", "geometry": {"type": "Point", "coordinates": [29.742, -1.3604]}, "properties": {"radio": "GSM", "range_m": "4942", "samples": "26"}}, {"type": "Feature", "geometry": {"type": "Point", "coordinates": [29.7377, -1.3918]}, "properties": {"radio": "GSM", "range_m": "6913", "samples": "21"}}, {"type": "Feature", "geometry": {"type": "Point", "coordinates": [29.74, -1.3504]}, "properties": {"radio": "GSM", "range_m": "5405", "samples": "12"}}, {"type": "Feature", "geometry": {"type": "Point", "coordinates": [29.7418, -1.3853]}, "properties": {"radio": "GSM", "range_m": "3464", "samples": "21"}}, {"type": "Feature", "geometry": {"type": "Point", "coordinates": [29.2696, -1.6761]}, "properties": {"radio": "GSM", "range_m": "7677", "samples": "21"}}, {"type": "Feature", "geometry": {"type": "Point", "coordinates": [29.7376, -1.3964]}, "properties": {"radio": "GSM", "range_m": "6283", "samples": "22"}}, {"type": "Feature", "geometry": {"type": "Point", "coordinates": [29.6663, -1.49]}, "properties": {"radio": "GSM", "range_m": "8149", "samples": "23"}}, {"type": "Feature", "geometry": {"type": "Point", "coordinates": [29.6918, -1.4691]}, "properties": {"radio": "GSM", "range_m": "3120", "samples": "23"}}, {"type": "Feature", "geometry": {"type": "Point", "coordinates": [29.6694, -1.4749]}, "properties": {"radio": "GSM", "range_m": "7437", "samples": "22"}}, {"type": "Feature", "geometry": {"type": "Point", "coordinates": [29.6293, -1.5011]}, "properties": {"radio": "GSM", "range_m": "8376", "samples": "25"}}, {"type": "Feature", "geometry": {"type": "Point", "coordinates": [29.6754, -1.4707]}, "properties": {"radio": "GSM", "range_m": "9465", "samples": "21"}}, {"type": "Feature", "geometry": {"type": "Point", "coordinates": [29.6534, -1.4829]}, "properties": {"radio": "GSM", "range_m": "7591", "samples": "8"}}, {"type": "Feature", "geometry": {"type": "Point", "coordinates": [29.5955, -1.5133]}, "properties": {"radio": "GSM", "range_m": "6296", "samples": "16"}}, {"type": "Feature", "geometry": {"type": "Point", "coordinates": [29.4311, -1.6229]}, "properties": {"radio": "GSM", "range_m": "6192", "samples": "21"}}, {"type": "Feature", "geometry": {"type": "Point", "coordinates": [29.3981, -1.6436]}, "properties": {"radio": "GSM", "range_m": "7212", "samples": "21"}}, {"type": "Feature", "geometry": {"type": "Point", "coordinates": [29.2933, -1.6973]}, "properties": {"radio": "GSM", "range_m": "8548", "samples": "15"}}, {"type": "Feature", "geometry": {"type": "Point", "coordinates": [30.0939, -1.8279]}, "properties": {"radio": "GSM", "range_m": "2964", "samples": "21"}}, {"type": "Feature", "geometry": {"type": "Point", "coordinates": [30.1008, -1.662]}, "properties": {"radio": "GSM", "range_m": "7285", "samples": "24"}}, {"type": "Feature", "geometry": {"type": "Point", "coordinates": [30.0215, -1.4627]}, "properties": {"radio": "GSM", "range_m": "7323", "samples": "22"}}, {"type": "Feature", "geometry": {"type": "Point", "coordinates": [29.2729, -1.717]}, "properties": {"radio": "GSM", "range_m": "7561", "samples": "27"}}, {"type": "Feature", "geometry": {"type": "Point", "coordinates": [29.2847, -1.6934]}, "properties": {"radio": "GSM", "range_m": "3698", "samples": "4"}}, {"type": "Feature", "geometry": {"type": "Point", "coordinates": [30.781, -2.3783]}, "properties": {"radio": "GSM", "range_m": "2460", "samples": "18"}}, {"type": "Feature", "geometry": {"type": "Point", "coordinates": [30.7682, -2.3557]}, "properties": {"radio": "GSM", "range_m": "5125", "samples": "13"}}, {"type": "Feature", "geometry": {"type": "Point", "coordinates": [29.2555, -1.6898]}, "properties": {"radio": "GSM", "range_m": "6142", "samples": "25"}}, {"type": "Feature", "geometry": {"type": "Point", "coordinates": [30.1106, -1.814]}, "properties": {"radio": "GSM", "range_m": "6631", "samples": "16"}}, {"type": "Feature", "geometry": {"type": "Point", "coordinates": [30.1282, -1.7839]}, "properties": {"radio": "GSM", "range_m": "3951", "samples": "23"}}, {"type": "Feature", "geometry": {"type": "Point", "coordinates": [30.449, -1.0732]}, "properties": {"radio": "GSM", "range_m": "10702", "samples": "24"}}, {"type": "Feature", "geometry": {"type": "Point", "coordinates": [29.5801, -1.5242]}, "properties": {"radio": "GSM", "range_m": "6532", "samples": "23"}}, {"type": "Feature", "geometry": {"type": "Point", "coordinates": [29.4899, -1.6177]}, "properties": {"radio": "GSM", "range_m": "7432", "samples": "22"}}, {"type": "Feature", "geometry": {"type": "Point", "coordinates": [29.6888, -1.4605]}, "properties": {"radio": "GSM", "range_m": "8425", "samples": "24"}}, {"type": "Feature", "geometry": {"type": "Point", "coordinates": [29.645, -1.4945]}, "properties": {"radio": "GSM", "range_m": "1207", "samples": "23"}}, {"type": "Feature", "geometry": {"type": "Point", "coordinates": [29.5951, -1.5126]}, "properties": {"radio": "GSM", "range_m": "4735", "samples": "23"}}, {"type": "Feature", "geometry": {"type": "Point", "coordinates": [29.6392, -1.4979]}, "properties": {"radio": "GSM", "range_m": "7424", "samples": "4"}}, {"type": "Feature", "geometry": {"type": "Point", "coordinates": [29.7364, -1.3339]}, "properties": {"radio": "GSM", "range_m": "4310", "samples": "22"}}, {"type": "Feature", "geometry": {"type": "Point", "coordinates": [29.4257, -1.6254]}, "properties": {"radio": "GSM", "range_m": "8363", "samples": "23"}}, {"type": "Feature", "geometry": {"type": "Point", "coordinates": [29.573, -1.5312]}, "properties": {"radio": "GSM", "range_m": "9530", "samples": "23"}}, {"type": "Feature", "geometry": {"type": "Point", "coordinates": [29.598, -1.5126]}, "properties": {"radio": "GSM", "range_m": "6912", "samples": "25"}}, {"type": "Feature", "geometry": {"type": "Point", "coordinates": [29.372, -1.6554]}, "properties": {"radio": "GSM", "range_m": "9456", "samples": "16"}}, {"type": "Feature", "geometry": {"type": "Point", "coordinates": [29.3381, -1.6714]}, "properties": {"radio": "GSM", "range_m": "6292", "samples": "25"}}, {"type": "Feature", "geometry": {"type": "Point", "coordinates": [29.7158, -1.4338]}, "properties": {"radio": "GSM", "range_m": "7664", "samples": "25"}}, {"type": "Feature", "geometry": {"type": "Point", "coordinates": [30.4071, -1.9389]}, "properties": {"radio": "GSM", "range_m": "7483", "samples": "20"}}, {"type": "Feature", "geometry": {"type": "Point", "coordinates": [30.4206, -1.9461]}, "properties": {"radio": "GSM", "range_m": "3840", "samples": "26"}}, {"type": "Feature", "geometry": {"type": "Point", "coordinates": [30.4439, -1.9083]}, "properties": {"radio": "GSM", "range_m": "8460", "samples": "24"}}, {"type": "Feature", "geometry": {"type": "Point", "coordinates": [30.3979, -1.9481]}, "properties": {"radio": "GSM", "range_m": "2747", "samples": "21"}}, {"type": "Feature", "geometry": {"type": "Point", "coordinates": [30.4456, -1.8882]}, "properties": {"radio": "GSM", "range_m": "21330", "samples": "21"}}, {"type": "Feature", "geometry": {"type": "Point", "coordinates": [30.1054, -1.6823]}, "properties": {"radio": "GSM", "range_m": "4818", "samples": "21"}}, {"type": "Feature", "geometry": {"type": "Point", "coordinates": [30.0869, -1.876]}, "properties": {"radio": "GSM", "range_m": "7045", "samples": "26"}}, {"type": "Feature", "geometry": {"type": "Point", "coordinates": [29.6364, -1.4976]}, "properties": {"radio": "GSM", "range_m": "4866", "samples": "22"}}, {"type": "Feature", "geometry": {"type": "Point", "coordinates": [30.0887, -1.8213]}, "properties": {"radio": "GSM", "range_m": "5026", "samples": "26"}}, {"type": "Feature", "geometry": {"type": "Point", "coordinates": [30.1062, -1.6801]}, "properties": {"radio": "GSM", "range_m": "4964", "samples": "22"}}, {"type": "Feature", "geometry": {"type": "Point", "coordinates": [29.3913, -1.6418]}, "properties": {"radio": "GSM", "range_m": "7664", "samples": "21"}}, {"type": "Feature", "geometry": {"type": "Point", "coordinates": [29.9756, -1.9759]}, "properties": {"radio": "GSM", "range_m": "4362", "samples": "21"}}, {"type": "Feature", "geometry": {"type": "Point", "coordinates": [29.9709, -1.9783]}, "properties": {"radio": "GSM", "range_m": "1853", "samples": "21"}}, {"type": "Feature", "geometry": {"type": "Point", "coordinates": [29.9435, -1.9835]}, "properties": {"radio": "GSM", "range_m": "3476", "samples": "22"}}, {"type": "Feature", "geometry": {"type": "Point", "coordinates": [29.943, -1.984]}, "properties": {"radio": "GSM", "range_m": "3330", "samples": "21"}}, {"type": "Feature", "geometry": {"type": "Point", "coordinates": [29.9376, -1.9861]}, "properties": {"radio": "GSM", "range_m": "3953", "samples": "23"}}, {"type": "Feature", "geometry": {"type": "Point", "coordinates": [29.9372, -1.9856]}, "properties": {"radio": "GSM", "range_m": "3050", "samples": "26"}}, {"type": "Feature", "geometry": {"type": "Point", "coordinates": [29.91, -2.0001]}, "properties": {"radio": "GSM", "range_m": "6464", "samples": "23"}}, {"type": "Feature", "geometry": {"type": "Point", "coordinates": [29.9002, -2.0056]}, "properties": {"radio": "GSM", "range_m": "8322", "samples": "22"}}, {"type": "Feature", "geometry": {"type": "Point", "coordinates": [29.8875, -2.012]}, "properties": {"radio": "GSM", "range_m": "9425", "samples": "22"}}, {"type": "Feature", "geometry": {"type": "Point", "coordinates": [29.9375, -1.986]}, "properties": {"radio": "GSM", "range_m": "3508", "samples": "21"}}, {"type": "Feature", "geometry": {"type": "Point", "coordinates": [29.9125, -1.9965]}, "properties": {"radio": "GSM", "range_m": "2386", "samples": "23"}}, {"type": "Feature", "geometry": {"type": "Point", "coordinates": [29.9072, -2.0006]}, "properties": {"radio": "GSM", "range_m": "7317", "samples": "21"}}, {"type": "Feature", "geometry": {"type": "Point", "coordinates": [29.8804, -2.015]}, "properties": {"radio": "GSM", "range_m": "10522", "samples": "24"}}, {"type": "Feature", "geometry": {"type": "Point", "coordinates": [29.8843, -2.0121]}, "properties": {"radio": "GSM", "range_m": "10663", "samples": "21"}}, {"type": "Feature", "geometry": {"type": "Point", "coordinates": [29.8892, -2.0085]}, "properties": {"radio": "GSM", "range_m": "4044", "samples": "22"}}, {"type": "Feature", "geometry": {"type": "Point", "coordinates": [29.8917, -2.0108]}, "properties": {"radio": "GSM", "range_m": "4108", "samples": "23"}}, {"type": "Feature", "geometry": {"type": "Point", "coordinates": [29.829, -2.045]}, "properties": {"radio": "GSM", "range_m": "7354", "samples": "22"}}, {"type": "Feature", "geometry": {"type": "Point", "coordinates": [29.8765, -2.0148]}, "properties": {"radio": "GSM", "range_m": "4994", "samples": "23"}}, {"type": "Feature", "geometry": {"type": "Point", "coordinates": [29.8096, -2.0547]}, "properties": {"radio": "GSM", "range_m": "7107", "samples": "22"}}, {"type": "Feature", "geometry": {"type": "Point", "coordinates": [29.8658, -2.0209]}, "properties": {"radio": "GSM", "range_m": "4575", "samples": "23"}}, {"type": "Feature", "geometry": {"type": "Point", "coordinates": [29.7875, -2.0681]}, "properties": {"radio": "GSM", "range_m": "3702", "samples": "25"}}, {"type": "Feature", "geometry": {"type": "Point", "coordinates": [29.8482, -2.0322]}, "properties": {"radio": "GSM", "range_m": "7442", "samples": "45"}}, {"type": "Feature", "geometry": {"type": "Point", "coordinates": [29.8136, -2.0526]}, "properties": {"radio": "GSM", "range_m": "7844", "samples": "25"}}, {"type": "Feature", "geometry": {"type": "Point", "coordinates": [29.812, -2.0545]}, "properties": {"radio": "GSM", "range_m": "6874", "samples": "22"}}, {"type": "Feature", "geometry": {"type": "Point", "coordinates": [29.7878, -2.0684]}, "properties": {"radio": "GSM", "range_m": "6327", "samples": "23"}}, {"type": "Feature", "geometry": {"type": "Point", "coordinates": [29.8179, -2.0541]}, "properties": {"radio": "GSM", "range_m": "2485", "samples": "23"}}, {"type": "Feature", "geometry": {"type": "Point", "coordinates": [29.8225, -2.0477]}, "properties": {"radio": "GSM", "range_m": "9072", "samples": "23"}}, {"type": "Feature", "geometry": {"type": "Point", "coordinates": [29.8045, -2.0579]}, "properties": {"radio": "GSM", "range_m": "5846", "samples": "23"}}, {"type": "Feature", "geometry": {"type": "Point", "coordinates": [29.7776, -2.0743]}, "properties": {"radio": "GSM", "range_m": "3533", "samples": "24"}}, {"type": "Feature", "geometry": {"type": "Point", "coordinates": [29.7838, -2.0713]}, "properties": {"radio": "GSM", "range_m": "7747", "samples": "24"}}, {"type": "Feature", "geometry": {"type": "Point", "coordinates": [29.7489, -2.1137]}, "properties": {"radio": "GSM", "range_m": "5250", "samples": "31"}}, {"type": "Feature", "geometry": {"type": "Point", "coordinates": [30.4045, -1.9462]}, "properties": {"radio": "GSM", "range_m": "10905", "samples": "22"}}, {"type": "Feature", "geometry": {"type": "Point", "coordinates": [30.485, -1.8947]}, "properties": {"radio": "GSM", "range_m": "12588", "samples": "24"}}, {"type": "Feature", "geometry": {"type": "Point", "coordinates": [30.026, -1.4873]}, "properties": {"radio": "GSM", "range_m": "7520", "samples": "21"}}, {"type": "Feature", "geometry": {"type": "Point", "coordinates": [29.9309, -1.7873]}, "properties": {"radio": "GSM", "range_m": "6129", "samples": "27"}}, {"type": "Feature", "geometry": {"type": "Point", "coordinates": [29.9522, -1.7973]}, "properties": {"radio": "GSM", "range_m": "8360", "samples": "16"}}, {"type": "Feature", "geometry": {"type": "Point", "coordinates": [29.9375, -1.8109]}, "properties": {"radio": "GSM", "range_m": "1778", "samples": "8"}}, {"type": "Feature", "geometry": {"type": "Point", "coordinates": [29.9382, -1.8134]}, "properties": {"radio": "GSM", "range_m": "2470", "samples": "4"}}, {"type": "Feature", "geometry": {"type": "Point", "coordinates": [29.9382, -1.8131]}, "properties": {"radio": "GSM", "range_m": "1609", "samples": "33"}}, {"type": "Feature", "geometry": {"type": "Point", "coordinates": [29.3674, -1.6628]}, "properties": {"radio": "GSM", "range_m": "7190", "samples": "22"}}, {"type": "Feature", "geometry": {"type": "Point", "coordinates": [29.9369, -1.8111]}, "properties": {"radio": "GSM", "range_m": "1000", "samples": "7"}}, {"type": "Feature", "geometry": {"type": "Point", "coordinates": [30.1185, -1.7129]}, "properties": {"radio": "GSM", "range_m": "5925", "samples": "22"}}, {"type": "Feature", "geometry": {"type": "Point", "coordinates": [29.9398, -1.79]}, "properties": {"radio": "GSM", "range_m": "6899", "samples": "7"}}, {"type": "Feature", "geometry": {"type": "Point", "coordinates": [29.9284, -1.7767]}, "properties": {"radio": "GSM", "range_m": "3315", "samples": "9"}}, {"type": "Feature", "geometry": {"type": "Point", "coordinates": [30.3387, -1.9458]}, "properties": {"radio": "GSM", "range_m": "8036", "samples": "22"}}, {"type": "Feature", "geometry": {"type": "Point", "coordinates": [30.7367, -2.2958]}, "properties": {"radio": "GSM", "range_m": "3402", "samples": "22"}}, {"type": "Feature", "geometry": {"type": "Point", "coordinates": [30.7323, -2.2913]}, "properties": {"radio": "GSM", "range_m": "4078", "samples": "25"}}, {"type": "Feature", "geometry": {"type": "Point", "coordinates": [30.647, -2.2687]}, "properties": {"radio": "GSM", "range_m": "5900", "samples": "13"}}, {"type": "Feature", "geometry": {"type": "Point", "coordinates": [30.6166, -2.2706]}, "properties": {"radio": "GSM", "range_m": "3230", "samples": "20"}}, {"type": "Feature", "geometry": {"type": "Point", "coordinates": [30.5672, -2.1808]}, "properties": {"radio": "GSM", "range_m": "6400", "samples": "18"}}, {"type": "Feature", "geometry": {"type": "Point", "coordinates": [30.5934, -2.2749]}, "properties": {"radio": "GSM", "range_m": "5549", "samples": "23"}}, {"type": "Feature", "geometry": {"type": "Point", "coordinates": [30.6082, -2.272]}, "properties": {"radio": "GSM", "range_m": "6044", "samples": "16"}}, {"type": "Feature", "geometry": {"type": "Point", "coordinates": [30.5659, -2.2144]}, "properties": {"radio": "GSM", "range_m": "8091", "samples": "24"}}, {"type": "Feature", "geometry": {"type": "Point", "coordinates": [30.5714, -2.1696]}, "properties": {"radio": "GSM", "range_m": "5530", "samples": "24"}}, {"type": "Feature", "geometry": {"type": "Point", "coordinates": [30.5657, -2.1877]}, "properties": {"radio": "GSM", "range_m": "9320", "samples": "25"}}, {"type": "Feature", "geometry": {"type": "Point", "coordinates": [30.5741, -2.1621]}, "properties": {"radio": "GSM", "range_m": "3568", "samples": "24"}}, {"type": "Feature", "geometry": {"type": "Point", "coordinates": [30.5583, -2.0872]}, "properties": {"radio": "GSM", "range_m": "6383", "samples": "20"}}, {"type": "Feature", "geometry": {"type": "Point", "coordinates": [30.5592, -2.0887]}, "properties": {"radio": "GSM", "range_m": "6202", "samples": "22"}}, {"type": "Feature", "geometry": {"type": "Point", "coordinates": [30.5588, -2.0792]}, "properties": {"radio": "GSM", "range_m": "6729", "samples": "23"}}, {"type": "Feature", "geometry": {"type": "Point", "coordinates": [30.5581, -2.0996]}, "properties": {"radio": "GSM", "range_m": "6698", "samples": "26"}}, {"type": "Feature", "geometry": {"type": "Point", "coordinates": [30.559, -2.0472]}, "properties": {"radio": "GSM", "range_m": "17813", "samples": "24"}}, {"type": "Feature", "geometry": {"type": "Point", "coordinates": [30.5613, -2.0533]}, "properties": {"radio": "GSM", "range_m": "4478", "samples": "8"}}, {"type": "Feature", "geometry": {"type": "Point", "coordinates": [30.5168, -1.9385]}, "properties": {"radio": "GSM", "range_m": "18456", "samples": "21"}}, {"type": "Feature", "geometry": {"type": "Point", "coordinates": [30.5553, -1.9906]}, "properties": {"radio": "GSM", "range_m": "4519", "samples": "18"}}, {"type": "Feature", "geometry": {"type": "Point", "coordinates": [30.5282, -1.9792]}, "properties": {"radio": "GSM", "range_m": "15442", "samples": "14"}}, {"type": "Feature", "geometry": {"type": "Point", "coordinates": [30.4944, -1.902]}, "properties": {"radio": "GSM", "range_m": "9595", "samples": "21"}}, {"type": "Feature", "geometry": {"type": "Point", "coordinates": [30.4798, -1.8667]}, "properties": {"radio": "GSM", "range_m": "13715", "samples": "23"}}, {"type": "Feature", "geometry": {"type": "Point", "coordinates": [30.49, -1.8902]}, "properties": {"radio": "GSM", "range_m": "18386", "samples": "23"}}, {"type": "Feature", "geometry": {"type": "Point", "coordinates": [30.5014, -1.8995]}, "properties": {"radio": "GSM", "range_m": "23018", "samples": "18"}}, {"type": "Feature", "geometry": {"type": "Point", "coordinates": [30.5047, -1.9169]}, "properties": {"radio": "GSM", "range_m": "6291", "samples": "22"}}, {"type": "Feature", "geometry": {"type": "Point", "coordinates": [30.4267, -1.9429]}, "properties": {"radio": "GSM", "range_m": "12545", "samples": "24"}}, {"type": "Feature", "geometry": {"type": "Point", "coordinates": [30.4358, -1.9141]}, "properties": {"radio": "GSM", "range_m": "8647", "samples": "22"}}, {"type": "Feature", "geometry": {"type": "Point", "coordinates": [30.4339, -1.9447]}, "properties": {"radio": "GSM", "range_m": "2851", "samples": "24"}}, {"type": "Feature", "geometry": {"type": "Point", "coordinates": [30.4605, -1.9139]}, "properties": {"radio": "GSM", "range_m": "5770", "samples": "23"}}, {"type": "Feature", "geometry": {"type": "Point", "coordinates": [30.456, -1.9031]}, "properties": {"radio": "GSM", "range_m": "8330", "samples": "25"}}, {"type": "Feature", "geometry": {"type": "Point", "coordinates": [30.4797, -1.9089]}, "properties": {"radio": "GSM", "range_m": "8800", "samples": "22"}}, {"type": "Feature", "geometry": {"type": "Point", "coordinates": [30.4314, -1.9354]}, "properties": {"radio": "GSM", "range_m": "10818", "samples": "23"}}, {"type": "Feature", "geometry": {"type": "Point", "coordinates": [29.8956, -1.6506]}, "properties": {"radio": "GSM", "range_m": "9405", "samples": "19"}}, {"type": "Feature", "geometry": {"type": "Point", "coordinates": [29.9044, -1.6612]}, "properties": {"radio": "GSM", "range_m": "5360", "samples": "22"}}, {"type": "Feature", "geometry": {"type": "Point", "coordinates": [29.6306, -1.5004]}, "properties": {"radio": "GSM", "range_m": "5714", "samples": "27"}}, {"type": "Feature", "geometry": {"type": "Point", "coordinates": [30.4251, -1.945]}, "properties": {"radio": "GSM", "range_m": "10331", "samples": "23"}}, {"type": "Feature", "geometry": {"type": "Point", "coordinates": [30.1935, -1.9688]}, "properties": {"radio": "GSM", "range_m": "14672", "samples": "8"}}, {"type": "Feature", "geometry": {"type": "Point", "coordinates": [30.1232, -1.7402]}, "properties": {"radio": "GSM", "range_m": "7490", "samples": "21"}}, {"type": "Feature", "geometry": {"type": "Point", "coordinates": [30.4007, -1.7772]}, "properties": {"radio": "GSM", "range_m": "19269", "samples": "21"}}, {"type": "Feature", "geometry": {"type": "Point", "coordinates": [30.4161, -1.8083]}, "properties": {"radio": "GSM", "range_m": "16115", "samples": "22"}}, {"type": "Feature", "geometry": {"type": "Point", "coordinates": [30.3893, -1.766]}, "properties": {"radio": "GSM", "range_m": "19428", "samples": "23"}}, {"type": "Feature", "geometry": {"type": "Point", "coordinates": [30.7554, -2.3228]}, "properties": {"radio": "GSM", "range_m": "8879", "samples": "14"}}, {"type": "Feature", "geometry": {"type": "Point", "coordinates": [29.9343, -1.9868]}, "properties": {"radio": "GSM", "range_m": "8346", "samples": "19"}}, {"type": "Feature", "geometry": {"type": "Point", "coordinates": [29.9111, -1.9981]}, "properties": {"radio": "GSM", "range_m": "7823", "samples": "30"}}, {"type": "Feature", "geometry": {"type": "Point", "coordinates": [29.8814, -2.0127]}, "properties": {"radio": "GSM", "range_m": "4678", "samples": "21"}}, {"type": "Feature", "geometry": {"type": "Point", "coordinates": [29.8485, -2.0312]}, "properties": {"radio": "GSM", "range_m": "2323", "samples": "13"}}, {"type": "Feature", "geometry": {"type": "Point", "coordinates": [29.7501, -2.1412]}, "properties": {"radio": "GSM", "range_m": "7477", "samples": "23"}}, {"type": "Feature", "geometry": {"type": "Point", "coordinates": [29.7515, -2.1375]}, "properties": {"radio": "GSM", "range_m": "7042", "samples": "22"}}, {"type": "Feature", "geometry": {"type": "Point", "coordinates": [29.747, -2.1401]}, "properties": {"radio": "GSM", "range_m": "3490", "samples": "25"}}, {"type": "Feature", "geometry": {"type": "Point", "coordinates": [29.8703, -2.02]}, "properties": {"radio": "GSM", "range_m": "4437", "samples": "11"}}, {"type": "Feature", "geometry": {"type": "Point", "coordinates": [29.7464, -2.1379]}, "properties": {"radio": "GSM", "range_m": "3239", "samples": "21"}}, {"type": "Feature", "geometry": {"type": "Point", "coordinates": [30.1192, -1.8086]}, "properties": {"radio": "GSM", "range_m": "1376", "samples": "2"}}, {"type": "Feature", "geometry": {"type": "Point", "coordinates": [29.6988, -1.4461]}, "properties": {"radio": "GSM", "range_m": "9341", "samples": "16"}}, {"type": "Feature", "geometry": {"type": "Point", "coordinates": [29.5514, -1.5559]}, "properties": {"radio": "GSM", "range_m": "6679", "samples": "21"}}, {"type": "Feature", "geometry": {"type": "Point", "coordinates": [29.5062, -1.6024]}, "properties": {"radio": "GSM", "range_m": "7020", "samples": "20"}}, {"type": "Feature", "geometry": {"type": "Point", "coordinates": [29.2745, -1.736]}, "properties": {"radio": "GSM", "range_m": "3580", "samples": "23"}}, {"type": "Feature", "geometry": {"type": "Point", "coordinates": [29.2758, -1.7377]}, "properties": {"radio": "GSM", "range_m": "2564", "samples": "24"}}, {"type": "Feature", "geometry": {"type": "Point", "coordinates": [29.7623, -2.0918]}, "properties": {"radio": "GSM", "range_m": "4257", "samples": "8"}}, {"type": "Feature", "geometry": {"type": "Point", "coordinates": [29.5044, -1.6096]}, "properties": {"radio": "GSM", "range_m": "3460", "samples": "25"}}, {"type": "Feature", "geometry": {"type": "Point", "coordinates": [29.6437, -1.4972]}, "properties": {"radio": "GSM", "range_m": "5396", "samples": "27"}}, {"type": "Feature", "geometry": {"type": "Point", "coordinates": [29.6346, -1.4992]}, "properties": {"radio": "GSM", "range_m": "7287", "samples": "38"}}, {"type": "Feature", "geometry": {"type": "Point", "coordinates": [29.6708, -1.4853]}, "properties": {"radio": "GSM", "range_m": "5959", "samples": "23"}}, {"type": "Feature", "geometry": {"type": "Point", "coordinates": [29.3845, -1.6496]}, "properties": {"radio": "GSM", "range_m": "8656", "samples": "27"}}, {"type": "Feature", "geometry": {"type": "Point", "coordinates": [29.3373, -1.6923]}, "properties": {"radio": "GSM", "range_m": "7963", "samples": "27"}}, {"type": "Feature", "geometry": {"type": "Point", "coordinates": [29.3048, -1.6931]}, "properties": {"radio": "GSM", "range_m": "3873", "samples": "27"}}, {"type": "Feature", "geometry": {"type": "Point", "coordinates": [29.3628, -1.6657]}, "properties": {"radio": "GSM", "range_m": "6045", "samples": "27"}}, {"type": "Feature", "geometry": {"type": "Point", "coordinates": [29.3908, -1.6452]}, "properties": {"radio": "GSM", "range_m": "8994", "samples": "21"}}, {"type": "Feature", "geometry": {"type": "Point", "coordinates": [29.5377, -1.5718]}, "properties": {"radio": "GSM", "range_m": "8981", "samples": "27"}}, {"type": "Feature", "geometry": {"type": "Point", "coordinates": [29.3284, -1.6924]}, "properties": {"radio": "GSM", "range_m": "7538", "samples": "22"}}, {"type": "Feature", "geometry": {"type": "Point", "coordinates": [29.3124, -1.6938]}, "properties": {"radio": "GSM", "range_m": "5956", "samples": "27"}}, {"type": "Feature", "geometry": {"type": "Point", "coordinates": [30.6519, -2.2708]}, "properties": {"radio": "GSM", "range_m": "8101", "samples": "18"}}, {"type": "Feature", "geometry": {"type": "Point", "coordinates": [30.5597, -2.2788]}, "properties": {"radio": "GSM", "range_m": "2501", "samples": "17"}}, {"type": "Feature", "geometry": {"type": "Point", "coordinates": [30.5622, -2.1412]}, "properties": {"radio": "GSM", "range_m": "1995", "samples": "14"}}, {"type": "Feature", "geometry": {"type": "Point", "coordinates": [30.5577, -2.1371]}, "properties": {"radio": "GSM", "range_m": "1593", "samples": "13"}}, {"type": "Feature", "geometry": {"type": "Point", "coordinates": [30.4834, -1.8949]}, "properties": {"radio": "GSM", "range_m": "12392", "samples": "23"}}, {"type": "Feature", "geometry": {"type": "Point", "coordinates": [30.4427, -1.9116]}, "properties": {"radio": "GSM", "range_m": "12274", "samples": "26"}}, {"type": "Feature", "geometry": {"type": "Point", "coordinates": [30.4393, -1.9305]}, "properties": {"radio": "GSM", "range_m": "5245", "samples": "22"}}, {"type": "Feature", "geometry": {"type": "Point", "coordinates": [30.441, -1.9395]}, "properties": {"radio": "GSM", "range_m": "6497", "samples": "22"}}, {"type": "Feature", "geometry": {"type": "Point", "coordinates": [30.4179, -1.9451]}, "properties": {"radio": "GSM", "range_m": "3412", "samples": "26"}}, {"type": "Feature", "geometry": {"type": "Point", "coordinates": [30.4206, -1.9473]}, "properties": {"radio": "GSM", "range_m": "3304", "samples": "25"}}, {"type": "Feature", "geometry": {"type": "Point", "coordinates": [30.443, -1.8272]}, "properties": {"radio": "GSM", "range_m": "14969", "samples": "22"}}, {"type": "Feature", "geometry": {"type": "Point", "coordinates": [30.4765, -1.8995]}, "properties": {"radio": "GSM", "range_m": "17675", "samples": "23"}}, {"type": "Feature", "geometry": {"type": "Point", "coordinates": [30.4495, -1.8855]}, "properties": {"radio": "GSM", "range_m": "6739", "samples": "23"}}, {"type": "Feature", "geometry": {"type": "Point", "coordinates": [30.4524, -1.8997]}, "properties": {"radio": "GSM", "range_m": "6010", "samples": "21"}}, {"type": "Feature", "geometry": {"type": "Point", "coordinates": [30.5321, -1.9618]}, "properties": {"radio": "GSM", "range_m": "8104", "samples": "17"}}, {"type": "Feature", "geometry": {"type": "Point", "coordinates": [30.4134, -1.7883]}, "properties": {"radio": "GSM", "range_m": "22350", "samples": "11"}}, {"type": "Feature", "geometry": {"type": "Point", "coordinates": [30.5607, -2.0581]}, "properties": {"radio": "GSM", "range_m": "7670", "samples": "18"}}, {"type": "Feature", "geometry": {"type": "Point", "coordinates": [30.6177, -1.983]}, "properties": {"radio": "GSM", "range_m": "15895", "samples": "5"}}, {"type": "Feature", "geometry": {"type": "Point", "coordinates": [30.5573, -2.1269]}, "properties": {"radio": "GSM", "range_m": "5614", "samples": "20"}}, {"type": "Feature", "geometry": {"type": "Point", "coordinates": [30.683, -2.2724]}, "properties": {"radio": "GSM", "range_m": "2341", "samples": "4"}}, {"type": "Feature", "geometry": {"type": "Point", "coordinates": [30.7074, -2.2873]}, "properties": {"radio": "GSM", "range_m": "10102", "samples": "14"}}, {"type": "Feature", "geometry": {"type": "Point", "coordinates": [30.7364, -2.2883]}, "properties": {"radio": "GSM", "range_m": "1000", "samples": "6"}}, {"type": "Feature", "geometry": {"type": "Point", "coordinates": [30.668, -2.2704]}, "properties": {"radio": "GSM", "range_m": "6257", "samples": "26"}}, {"type": "Feature", "geometry": {"type": "Point", "coordinates": [30.5599, -2.1412]}, "properties": {"radio": "GSM", "range_m": "8659", "samples": "13"}}, {"type": "Feature", "geometry": {"type": "Point", "coordinates": [30.5654, -2.0177]}, "properties": {"radio": "GSM", "range_m": "5911", "samples": "5"}}, {"type": "Feature", "geometry": {"type": "Point", "coordinates": [29.6245, -1.4818]}, "properties": {"radio": "GSM", "range_m": "7552", "samples": "27"}}, {"type": "Feature", "geometry": {"type": "Point", "coordinates": [29.311, -1.7257]}, "properties": {"radio": "GSM", "range_m": "5944", "samples": "27"}}, {"type": "Feature", "geometry": {"type": "Point", "coordinates": [29.2557, -1.6865]}, "properties": {"radio": "GSM", "range_m": "2712", "samples": "19"}}, {"type": "Feature", "geometry": {"type": "Point", "coordinates": [29.2681, -1.6731]}, "properties": {"radio": "GSM", "range_m": "8441", "samples": "26"}}, {"type": "Feature", "geometry": {"type": "Point", "coordinates": [29.2523, -1.6839]}, "properties": {"radio": "GSM", "range_m": "3010", "samples": "17"}}, {"type": "Feature", "geometry": {"type": "Point", "coordinates": [29.2622, -1.6794]}, "properties": {"radio": "GSM", "range_m": "1654", "samples": "22"}}, {"type": "Feature", "geometry": {"type": "Point", "coordinates": [29.2515, -1.6824]}, "properties": {"radio": "GSM", "range_m": "3250", "samples": "16"}}, {"type": "Feature", "geometry": {"type": "Point", "coordinates": [29.6359, -1.5105]}, "properties": {"radio": "GSM", "range_m": "9652", "samples": "24"}}, {"type": "Feature", "geometry": {"type": "Point", "coordinates": [30.0969, -1.8201]}, "properties": {"radio": "GSM", "range_m": "8832", "samples": "25"}}, {"type": "Feature", "geometry": {"type": "Point", "coordinates": [30.5622, -1.9978]}, "properties": {"radio": "GSM", "range_m": "7977", "samples": "19"}}, {"type": "Feature", "geometry": {"type": "Point", "coordinates": [30.5642, -2.2813]}, "properties": {"radio": "GSM", "range_m": "1502", "samples": "7"}}, {"type": "Feature", "geometry": {"type": "Point", "coordinates": [30.1174, -1.7865]}, "properties": {"radio": "GSM", "range_m": "7582", "samples": "23"}}, {"type": "Feature", "geometry": {"type": "Point", "coordinates": [29.3355, -1.6922]}, "properties": {"radio": "GSM", "range_m": "8287", "samples": "8"}}, {"type": "Feature", "geometry": {"type": "Point", "coordinates": [29.265, -1.6803]}, "properties": {"radio": "GSM", "range_m": "6340", "samples": "24"}}, {"type": "Feature", "geometry": {"type": "Point", "coordinates": [29.266, -1.6718]}, "properties": {"radio": "GSM", "range_m": "1803", "samples": "22"}}, {"type": "Feature", "geometry": {"type": "Point", "coordinates": [30.0225, -1.4643]}, "properties": {"radio": "GSM", "range_m": "4844", "samples": "26"}}, {"type": "Feature", "geometry": {"type": "Point", "coordinates": [30.0343, -1.5087]}, "properties": {"radio": "GSM", "range_m": "8486", "samples": "26"}}, {"type": "Feature", "geometry": {"type": "Point", "coordinates": [30.0242, -1.4706]}, "properties": {"radio": "GSM", "range_m": "7339", "samples": "21"}}, {"type": "Feature", "geometry": {"type": "Point", "coordinates": [30.0528, -1.5436]}, "properties": {"radio": "GSM", "range_m": "8704", "samples": "25"}}, {"type": "Feature", "geometry": {"type": "Point", "coordinates": [30.0656, -1.5555]}, "properties": {"radio": "GSM", "range_m": "5681", "samples": "23"}}, {"type": "Feature", "geometry": {"type": "Point", "coordinates": [30.0778, -1.5703]}, "properties": {"radio": "GSM", "range_m": "2601", "samples": "21"}}, {"type": "Feature", "geometry": {"type": "Point", "coordinates": [30.0795, -1.5783]}, "properties": {"radio": "GSM", "range_m": "6188", "samples": "21"}}, {"type": "Feature", "geometry": {"type": "Point", "coordinates": [30.0851, -1.5926]}, "properties": {"radio": "GSM", "range_m": "4138", "samples": "26"}}, {"type": "Feature", "geometry": {"type": "Point", "coordinates": [30.0993, -1.6243]}, "properties": {"radio": "GSM", "range_m": "3360", "samples": "21"}}, {"type": "Feature", "geometry": {"type": "Point", "coordinates": [30.1015, -1.6299]}, "properties": {"radio": "GSM", "range_m": "10104", "samples": "23"}}, {"type": "Feature", "geometry": {"type": "Point", "coordinates": [30.0671, -1.5581]}, "properties": {"radio": "GSM", "range_m": "8999", "samples": "24"}}, {"type": "Feature", "geometry": {"type": "Point", "coordinates": [30.0992, -1.6253]}, "properties": {"radio": "GSM", "range_m": "6991", "samples": "26"}}, {"type": "Feature", "geometry": {"type": "Point", "coordinates": [30.0975, -1.6268]}, "properties": {"radio": "GSM", "range_m": "6130", "samples": "22"}}, {"type": "Feature", "geometry": {"type": "Point", "coordinates": [30.0976, -1.6422]}, "properties": {"radio": "GSM", "range_m": "7731", "samples": "21"}}, {"type": "Feature", "geometry": {"type": "Point", "coordinates": [30.0844, -1.594]}, "properties": {"radio": "GSM", "range_m": "9860", "samples": "24"}}, {"type": "Feature", "geometry": {"type": "Point", "coordinates": [30.1026, -1.6705]}, "properties": {"radio": "GSM", "range_m": "2644", "samples": "23"}}, {"type": "Feature", "geometry": {"type": "Point", "coordinates": [30.4289, -1.1184]}, "properties": {"radio": "GSM", "range_m": "2119", "samples": "22"}}, {"type": "Feature", "geometry": {"type": "Point", "coordinates": [30.421, -1.1343]}, "properties": {"radio": "GSM", "range_m": "3343", "samples": "24"}}, {"type": "Feature", "geometry": {"type": "Point", "coordinates": [30.3794, -1.3894]}, "properties": {"radio": "GSM", "range_m": "16350", "samples": "23"}}, {"type": "Feature", "geometry": {"type": "Point", "coordinates": [30.3803, -1.3345]}, "properties": {"radio": "GSM", "range_m": "7186", "samples": "24"}}, {"type": "Feature", "geometry": {"type": "Point", "coordinates": [30.3736, -1.3453]}, "properties": {"radio": "GSM", "range_m": "7813", "samples": "21"}}, {"type": "Feature", "geometry": {"type": "Point", "coordinates": [30.3764, -1.3632]}, "properties": {"radio": "GSM", "range_m": "14772", "samples": "22"}}, {"type": "Feature", "geometry": {"type": "Point", "coordinates": [30.3956, -1.4364]}, "properties": {"radio": "GSM", "range_m": "18531", "samples": "21"}}, {"type": "Feature", "geometry": {"type": "Point", "coordinates": [30.3941, -1.4408]}, "properties": {"radio": "GSM", "range_m": "7068", "samples": "26"}}, {"type": "Feature", "geometry": {"type": "Point", "coordinates": [30.031, -1.4971]}, "properties": {"radio": "GSM", "range_m": "6771", "samples": "22"}}, {"type": "Feature", "geometry": {"type": "Point", "coordinates": [30.0093, -1.4152]}, "properties": {"radio": "GSM", "range_m": "7807", "samples": "26"}}, {"type": "Feature", "geometry": {"type": "Point", "coordinates": [30.0494, -1.5411]}, "properties": {"radio": "GSM", "range_m": "9031", "samples": "22"}}, {"type": "Feature", "geometry": {"type": "Point", "coordinates": [30.3981, -1.4916]}, "properties": {"radio": "GSM", "range_m": "16112", "samples": "25"}}, {"type": "Feature", "geometry": {"type": "Point", "coordinates": [30.3949, -1.5609]}, "properties": {"radio": "GSM", "range_m": "11718", "samples": "23"}}, {"type": "Feature", "geometry": {"type": "Point", "coordinates": [30.0708, -1.5656]}, "properties": {"radio": "GSM", "range_m": "11156", "samples": "24"}}, {"type": "Feature", "geometry": {"type": "Point", "coordinates": [30.4048, -1.6788]}, "properties": {"radio": "GSM", "range_m": "14041", "samples": "24"}}, {"type": "Feature", "geometry": {"type": "Point", "coordinates": [30.3981, -1.7372]}, "properties": {"radio": "GSM", "range_m": "7516", "samples": "24"}}, {"type": "Feature", "geometry": {"type": "Point", "coordinates": [30.3967, -1.7336]}, "properties": {"radio": "GSM", "range_m": "7808", "samples": "25"}}, {"type": "Feature", "geometry": {"type": "Point", "coordinates": [30.3935, -1.7402]}, "properties": {"radio": "GSM", "range_m": "6052", "samples": "24"}}, {"type": "Feature", "geometry": {"type": "Point", "coordinates": [30.3998, -1.7271]}, "properties": {"radio": "GSM", "range_m": "5260", "samples": "21"}}, {"type": "Feature", "geometry": {"type": "Point", "coordinates": [30.4148, -1.792]}, "properties": {"radio": "GSM", "range_m": "15593", "samples": "23"}}, {"type": "Feature", "geometry": {"type": "Point", "coordinates": [30.4054, -1.78]}, "properties": {"radio": "GSM", "range_m": "11089", "samples": "22"}}, {"type": "Feature", "geometry": {"type": "Point", "coordinates": [30.4115, -1.79]}, "properties": {"radio": "GSM", "range_m": "4861", "samples": "26"}}, {"type": "Feature", "geometry": {"type": "Point", "coordinates": [30.4453, -1.8462]}, "properties": {"radio": "GSM", "range_m": "17176", "samples": "22"}}, {"type": "Feature", "geometry": {"type": "Point", "coordinates": [30.417, -1.791]}, "properties": {"radio": "GSM", "range_m": "14011", "samples": "23"}}, {"type": "Feature", "geometry": {"type": "Point", "coordinates": [30.4387, -1.8179]}, "properties": {"radio": "GSM", "range_m": "2485", "samples": "24"}}, {"type": "Feature", "geometry": {"type": "Point", "coordinates": [30.4375, -1.8166]}, "properties": {"radio": "GSM", "range_m": "4554", "samples": "26"}}, {"type": "Feature", "geometry": {"type": "Point", "coordinates": [30.4532, -1.8298]}, "properties": {"radio": "GSM", "range_m": "4554", "samples": "25"}}, {"type": "Feature", "geometry": {"type": "Point", "coordinates": [30.4235, -1.7912]}, "properties": {"radio": "GSM", "range_m": "25935", "samples": "21"}}, {"type": "Feature", "geometry": {"type": "Point", "coordinates": [30.4495, -1.8267]}, "properties": {"radio": "GSM", "range_m": "3417", "samples": "21"}}, {"type": "Feature", "geometry": {"type": "Point", "coordinates": [30.4627, -1.8431]}, "properties": {"radio": "GSM", "range_m": "8203", "samples": "21"}}, {"type": "Feature", "geometry": {"type": "Point", "coordinates": [30.4911, -1.8931]}, "properties": {"radio": "GSM", "range_m": "9868", "samples": "24"}}, {"type": "Feature", "geometry": {"type": "Point", "coordinates": [30.4764, -1.8831]}, "properties": {"radio": "GSM", "range_m": "12345", "samples": "24"}}, {"type": "Feature", "geometry": {"type": "Point", "coordinates": [30.1084, -1.6532]}, "properties": {"radio": "GSM", "range_m": "9167", "samples": "22"}}, {"type": "Feature", "geometry": {"type": "Point", "coordinates": [30.4439, -1.9442]}, "properties": {"radio": "GSM", "range_m": "9030", "samples": "24"}}, {"type": "Feature", "geometry": {"type": "Point", "coordinates": [30.4361, -1.9417]}, "properties": {"radio": "GSM", "range_m": "8688", "samples": "25"}}, {"type": "Feature", "geometry": {"type": "Point", "coordinates": [30.4379, -1.9462]}, "properties": {"radio": "GSM", "range_m": "5780", "samples": "26"}}, {"type": "Feature", "geometry": {"type": "Point", "coordinates": [30.399, -1.7812]}, "properties": {"radio": "GSM", "range_m": "3681", "samples": "25"}}, {"type": "Feature", "geometry": {"type": "Point", "coordinates": [30.3865, -1.7651]}, "properties": {"radio": "GSM", "range_m": "21587", "samples": "22"}}, {"type": "Feature", "geometry": {"type": "Point", "coordinates": [30.0299, -1.5024]}, "properties": {"radio": "GSM", "range_m": "7908", "samples": "26"}}, {"type": "Feature", "geometry": {"type": "Point", "coordinates": [30.0749, -1.5665]}, "properties": {"radio": "GSM", "range_m": "6255", "samples": "22"}}, {"type": "Feature", "geometry": {"type": "Point", "coordinates": [30.091, -1.6087]}, "properties": {"radio": "GSM", "range_m": "6551", "samples": "25"}}, {"type": "Feature", "geometry": {"type": "Point", "coordinates": [30.0829, -1.6481]}, "properties": {"radio": "GSM", "range_m": "8413", "samples": "24"}}, {"type": "Feature", "geometry": {"type": "Point", "coordinates": [30.0691, -1.5591]}, "properties": {"radio": "GSM", "range_m": "1965", "samples": "25"}}, {"type": "Feature", "geometry": {"type": "Point", "coordinates": [30.1092, -1.6753]}, "properties": {"radio": "GSM", "range_m": "6889", "samples": "25"}}, {"type": "Feature", "geometry": {"type": "Point", "coordinates": [29.304, -1.6884]}, "properties": {"radio": "GSM", "range_m": "4789", "samples": "21"}}, {"type": "Feature", "geometry": {"type": "Point", "coordinates": [30.4263, -1.9429]}, "properties": {"radio": "GSM", "range_m": "5591", "samples": "25"}}, {"type": "Feature", "geometry": {"type": "Point", "coordinates": [30.4612, -1.8428]}, "properties": {"radio": "GSM", "range_m": "12539", "samples": "21"}}, {"type": "Feature", "geometry": {"type": "Point", "coordinates": [30.443, -1.8127]}, "properties": {"radio": "GSM", "range_m": "19024", "samples": "25"}}, {"type": "Feature", "geometry": {"type": "Point", "coordinates": [30.4598, -1.8402]}, "properties": {"radio": "GSM", "range_m": "14813", "samples": "21"}}, {"type": "Feature", "geometry": {"type": "Point", "coordinates": [30.3916, -1.6406]}, "properties": {"radio": "GSM", "range_m": "20102", "samples": "26"}}, {"type": "Feature", "geometry": {"type": "Point", "coordinates": [30.3893, -1.6176]}, "properties": {"radio": "GSM", "range_m": "16750", "samples": "25"}}, {"type": "Feature", "geometry": {"type": "Point", "coordinates": [30.3989, -1.5739]}, "properties": {"radio": "GSM", "range_m": "25734", "samples": "22"}}, {"type": "Feature", "geometry": {"type": "Point", "coordinates": [30.3927, -1.4747]}, "properties": {"radio": "GSM", "range_m": "15905", "samples": "24"}}, {"type": "Feature", "geometry": {"type": "Point", "coordinates": [30.3936, -1.4378]}, "properties": {"radio": "GSM", "range_m": "10430", "samples": "12"}}, {"type": "Feature", "geometry": {"type": "Point", "coordinates": [30.3978, -1.4917]}, "properties": {"radio": "GSM", "range_m": "21612", "samples": "22"}}, {"type": "Feature", "geometry": {"type": "Point", "coordinates": [30.4017, -1.5095]}, "properties": {"radio": "GSM", "range_m": "28198", "samples": "23"}}, {"type": "Feature", "geometry": {"type": "Point", "coordinates": [30.3977, -1.4449]}, "properties": {"radio": "GSM", "range_m": "22949", "samples": "24"}}, {"type": "Feature", "geometry": {"type": "Point", "coordinates": [30.4511, -1.8269]}, "properties": {"radio": "GSM", "range_m": "8823", "samples": "26"}}, {"type": "Feature", "geometry": {"type": "Point", "coordinates": [30.4541, -1.8289]}, "properties": {"radio": "GSM", "range_m": "5113", "samples": "24"}}, {"type": "Feature", "geometry": {"type": "Point", "coordinates": [30.3858, -1.3938]}, "properties": {"radio": "GSM", "range_m": "7172", "samples": "24"}}, {"type": "Feature", "geometry": {"type": "Point", "coordinates": [30.3914, -1.4222]}, "properties": {"radio": "GSM", "range_m": "4367", "samples": "25"}}, {"type": "Feature", "geometry": {"type": "Point", "coordinates": [30.4096, -1.7891]}, "properties": {"radio": "GSM", "range_m": "7575", "samples": "21"}}, {"type": "Feature", "geometry": {"type": "Point", "coordinates": [30.401, -1.9213]}, "properties": {"radio": "GSM", "range_m": "15674", "samples": "6"}}, {"type": "Feature", "geometry": {"type": "Point", "coordinates": [30.4057, -1.7851]}, "properties": {"radio": "GSM", "range_m": "2992", "samples": "24"}}, {"type": "Feature", "geometry": {"type": "Point", "coordinates": [30.3941, -1.3066]}, "properties": {"radio": "GSM", "range_m": "9861", "samples": "26"}}, {"type": "Feature", "geometry": {"type": "Point", "coordinates": [30.413, -1.2258]}, "properties": {"radio": "GSM", "range_m": "16124", "samples": "23"}}, {"type": "Feature", "geometry": {"type": "Point", "coordinates": [30.3911, -1.3382]}, "properties": {"radio": "GSM", "range_m": "18777", "samples": "23"}}, {"type": "Feature", "geometry": {"type": "Point", "coordinates": [30.4076, -1.685]}, "properties": {"radio": "GSM", "range_m": "6782", "samples": "23"}}, {"type": "Feature", "geometry": {"type": "Point", "coordinates": [30.4101, -1.2091]}, "properties": {"radio": "GSM", "range_m": "4528", "samples": "26"}}, {"type": "Feature", "geometry": {"type": "Point", "coordinates": [30.3942, -1.5529]}, "properties": {"radio": "GSM", "range_m": "13535", "samples": "23"}}, {"type": "Feature", "geometry": {"type": "Point", "coordinates": [30.4531, -1.0521]}, "properties": {"radio": "GSM", "range_m": "5591", "samples": "25"}}, {"type": "Feature", "geometry": {"type": "Point", "coordinates": [30.4, -1.5283]}, "properties": {"radio": "GSM", "range_m": "5873", "samples": "25"}}, {"type": "Feature", "geometry": {"type": "Point", "coordinates": [30.3984, -1.4849]}, "properties": {"radio": "GSM", "range_m": "17718", "samples": "26"}}, {"type": "Feature", "geometry": {"type": "Point", "coordinates": [30.1262, -1.778]}, "properties": {"radio": "GSM", "range_m": "6276", "samples": "25"}}, {"type": "Feature", "geometry": {"type": "Point", "coordinates": [30.1243, -1.7576]}, "properties": {"radio": "GSM", "range_m": "5548", "samples": "25"}}, {"type": "Feature", "geometry": {"type": "Point", "coordinates": [30.1272, -1.7767]}, "properties": {"radio": "GSM", "range_m": "5549", "samples": "25"}}, {"type": "Feature", "geometry": {"type": "Point", "coordinates": [30.1162, -1.704]}, "properties": {"radio": "GSM", "range_m": "5330", "samples": "25"}}, {"type": "Feature", "geometry": {"type": "Point", "coordinates": [30.41, -1.2015]}, "properties": {"radio": "GSM", "range_m": "8963", "samples": "25"}}, {"type": "Feature", "geometry": {"type": "Point", "coordinates": [30.0154, -1.4324]}, "properties": {"radio": "GSM", "range_m": "7589", "samples": "21"}}, {"type": "Feature", "geometry": {"type": "Point", "coordinates": [30.4099, -1.248]}, "properties": {"radio": "GSM", "range_m": "22912", "samples": "25"}}, {"type": "Feature", "geometry": {"type": "Point", "coordinates": [30.3902, -1.2821]}, "properties": {"radio": "GSM", "range_m": "13146", "samples": "25"}}, {"type": "Feature", "geometry": {"type": "Point", "coordinates": [30.4089, -1.1881]}, "properties": {"radio": "GSM", "range_m": "2852", "samples": "13"}}, {"type": "Feature", "geometry": {"type": "Point", "coordinates": [30.1253, -1.7515]}, "properties": {"radio": "GSM", "range_m": "4349", "samples": "21"}}, {"type": "Feature", "geometry": {"type": "Point", "coordinates": [30.1256, -1.7591]}, "properties": {"radio": "GSM", "range_m": "4664", "samples": "25"}}, {"type": "Feature", "geometry": {"type": "Point", "coordinates": [30.1262, -1.7666]}, "properties": {"radio": "GSM", "range_m": "3829", "samples": "22"}}, {"type": "Feature", "geometry": {"type": "Point", "coordinates": [30.399, -1.2923]}, "properties": {"radio": "GSM", "range_m": "18954", "samples": "24"}}, {"type": "Feature", "geometry": {"type": "Point", "coordinates": [30.3797, -1.3956]}, "properties": {"radio": "GSM", "range_m": "15764", "samples": "24"}}, {"type": "Feature", "geometry": {"type": "Point", "coordinates": [30.1071, -1.6455]}, "properties": {"radio": "GSM", "range_m": "8604", "samples": "21"}}, {"type": "Feature", "geometry": {"type": "Point", "coordinates": [30.3891, -1.4099]}, "properties": {"radio": "GSM", "range_m": "4233", "samples": "25"}}, {"type": "Feature", "geometry": {"type": "Point", "coordinates": [30.3918, -1.4213]}, "properties": {"radio": "GSM", "range_m": "12005", "samples": "22"}}, {"type": "Feature", "geometry": {"type": "Point", "coordinates": [30.3975, -1.6257]}, "properties": {"radio": "GSM", "range_m": "26499", "samples": "14"}}, {"type": "Feature", "geometry": {"type": "Point", "coordinates": [30.3992, -1.5768]}, "properties": {"radio": "GSM", "range_m": "25446", "samples": "22"}}, {"type": "Feature", "geometry": {"type": "Point", "coordinates": [30.3879, -1.625]}, "properties": {"radio": "GSM", "range_m": "13223", "samples": "21"}}, {"type": "Feature", "geometry": {"type": "Point", "coordinates": [30.3951, -1.7768]}, "properties": {"radio": "GSM", "range_m": "4421", "samples": "26"}}, {"type": "Feature", "geometry": {"type": "Point", "coordinates": [30.3862, -1.7574]}, "properties": {"radio": "GSM", "range_m": "17295", "samples": "25"}}, {"type": "Feature", "geometry": {"type": "Point", "coordinates": [30.0895, -1.5974]}, "properties": {"radio": "GSM", "range_m": "3286", "samples": "24"}}, {"type": "Feature", "geometry": {"type": "Point", "coordinates": [29.757, -2.1608]}, "properties": {"radio": "GSM", "range_m": "3430", "samples": "24"}}, {"type": "Feature", "geometry": {"type": "Point", "coordinates": [29.7872, -2.2224]}, "properties": {"radio": "GSM", "range_m": "7163", "samples": "26"}}, {"type": "Feature", "geometry": {"type": "Point", "coordinates": [29.7918, -2.2338]}, "properties": {"radio": "GSM", "range_m": "9259", "samples": "24"}}, {"type": "Feature", "geometry": {"type": "Point", "coordinates": [29.7897, -2.2238]}, "properties": {"radio": "GSM", "range_m": "4120", "samples": "22"}}, {"type": "Feature", "geometry": {"type": "Point", "coordinates": [29.7913, -2.2184]}, "properties": {"radio": "GSM", "range_m": "7060", "samples": "21"}}, {"type": "Feature", "geometry": {"type": "Point", "coordinates": [29.7864, -2.2136]}, "properties": {"radio": "GSM", "range_m": "9026", "samples": "21"}}, {"type": "Feature", "geometry": {"type": "Point", "coordinates": [29.7906, -2.2544]}, "properties": {"radio": "GSM", "range_m": "7439", "samples": "22"}}, {"type": "Feature", "geometry": {"type": "Point", "coordinates": [29.7901, -2.2585]}, "properties": {"radio": "GSM", "range_m": "7870", "samples": "23"}}, {"type": "Feature", "geometry": {"type": "Point", "coordinates": [29.7905, -2.2639]}, "properties": {"radio": "GSM", "range_m": "6948", "samples": "25"}}, {"type": "Feature", "geometry": {"type": "Point", "coordinates": [29.7738, -2.2947]}, "properties": {"radio": "GSM", "range_m": "3863", "samples": "24"}}, {"type": "Feature", "geometry": {"type": "Point", "coordinates": [29.7897, -2.2502]}, "properties": {"radio": "GSM", "range_m": "6717", "samples": "18"}}, {"type": "Feature", "geometry": {"type": "Point", "coordinates": [29.7678, -2.305]}, "properties": {"radio": "GSM", "range_m": "4989", "samples": "22"}}, {"type": "Feature", "geometry": {"type": "Point", "coordinates": [29.7716, -2.3222]}, "properties": {"radio": "GSM", "range_m": "4155", "samples": "25"}}, {"type": "Feature", "geometry": {"type": "Point", "coordinates": [29.769, -2.2991]}, "properties": {"radio": "GSM", "range_m": "2910", "samples": "25"}}, {"type": "Feature", "geometry": {"type": "Point", "coordinates": [29.7697, -2.3171]}, "properties": {"radio": "GSM", "range_m": "9271", "samples": "26"}}, {"type": "Feature", "geometry": {"type": "Point", "coordinates": [29.7724, -2.2915]}, "properties": {"radio": "GSM", "range_m": "2923", "samples": "21"}}, {"type": "Feature", "geometry": {"type": "Point", "coordinates": [29.7783, -2.29]}, "properties": {"radio": "GSM", "range_m": "4012", "samples": "23"}}, {"type": "Feature", "geometry": {"type": "Point", "coordinates": [29.7868, -2.3207]}, "properties": {"radio": "GSM", "range_m": "5367", "samples": "27"}}, {"type": "Feature", "geometry": {"type": "Point", "coordinates": [29.7693, -2.344]}, "properties": {"radio": "GSM", "range_m": "2570", "samples": "23"}}, {"type": "Feature", "geometry": {"type": "Point", "coordinates": [29.7766, -2.3662]}, "properties": {"radio": "GSM", "range_m": "5173", "samples": "23"}}, {"type": "Feature", "geometry": {"type": "Point", "coordinates": [29.7798, -2.3758]}, "properties": {"radio": "GSM", "range_m": "2874", "samples": "25"}}, {"type": "Feature", "geometry": {"type": "Point", "coordinates": [29.7779, -2.3814]}, "properties": {"radio": "GSM", "range_m": "7999", "samples": "25"}}, {"type": "Feature", "geometry": {"type": "Point", "coordinates": [29.7738, -2.3468]}, "properties": {"radio": "GSM", "range_m": "8804", "samples": "25"}}, {"type": "Feature", "geometry": {"type": "Point", "coordinates": [29.7733, -2.3539]}, "properties": {"radio": "GSM", "range_m": "7396", "samples": "19"}}, {"type": "Feature", "geometry": {"type": "Point", "coordinates": [29.78, -2.3749]}, "properties": {"radio": "GSM", "range_m": "5375", "samples": "25"}}, {"type": "Feature", "geometry": {"type": "Point", "coordinates": [29.7676, -2.4808]}, "properties": {"radio": "GSM", "range_m": "5626", "samples": "24"}}, {"type": "Feature", "geometry": {"type": "Point", "coordinates": [29.7684, -2.4754]}, "properties": {"radio": "GSM", "range_m": "4076", "samples": "25"}}, {"type": "Feature", "geometry": {"type": "Point", "coordinates": [29.7645, -2.4706]}, "properties": {"radio": "GSM", "range_m": "2458", "samples": "22"}}, {"type": "Feature", "geometry": {"type": "Point", "coordinates": [29.7652, -2.4763]}, "properties": {"radio": "GSM", "range_m": "6713", "samples": "20"}}, {"type": "Feature", "geometry": {"type": "Point", "coordinates": [29.7701, -2.4545]}, "properties": {"radio": "GSM", "range_m": "6044", "samples": "25"}}, {"type": "Feature", "geometry": {"type": "Point", "coordinates": [29.7668, -2.5189]}, "properties": {"radio": "GSM", "range_m": "6616", "samples": "25"}}, {"type": "Feature", "geometry": {"type": "Point", "coordinates": [29.7719, -2.446]}, "properties": {"radio": "GSM", "range_m": "8868", "samples": "23"}}, {"type": "Feature", "geometry": {"type": "Point", "coordinates": [29.7701, -2.5079]}, "properties": {"radio": "GSM", "range_m": "3540", "samples": "22"}}, {"type": "Feature", "geometry": {"type": "Point", "coordinates": [29.7624, -2.5397]}, "properties": {"radio": "GSM", "range_m": "5674", "samples": "21"}}, {"type": "Feature", "geometry": {"type": "Point", "coordinates": [29.7462, -2.5824]}, "properties": {"radio": "GSM", "range_m": "3941", "samples": "14"}}, {"type": "Feature", "geometry": {"type": "Point", "coordinates": [29.7462, -2.5716]}, "properties": {"radio": "GSM", "range_m": "3636", "samples": "24"}}, {"type": "Feature", "geometry": {"type": "Point", "coordinates": [29.7328, -2.5776]}, "properties": {"radio": "GSM", "range_m": "8083", "samples": "27"}}, {"type": "Feature", "geometry": {"type": "Point", "coordinates": [29.7125, -2.5636]}, "properties": {"radio": "GSM", "range_m": "10092", "samples": "18"}}, {"type": "Feature", "geometry": {"type": "Point", "coordinates": [30.1193, -1.8194]}, "properties": {"radio": "GSM", "range_m": "8060", "samples": "21"}}, {"type": "Feature", "geometry": {"type": "Point", "coordinates": [30.0144, -1.408]}, "properties": {"radio": "GSM", "range_m": "5890", "samples": "22"}}, {"type": "Feature", "geometry": {"type": "Point", "coordinates": [29.6515, -1.4998]}, "properties": {"radio": "GSM", "range_m": "4046", "samples": "22"}}, {"type": "Feature", "geometry": {"type": "Point", "coordinates": [30.4295, -1.9418]}, "properties": {"radio": "GSM", "range_m": "9365", "samples": "11"}}, {"type": "Feature", "geometry": {"type": "Point", "coordinates": [30.4086, -1.2376]}, "properties": {"radio": "GSM", "range_m": "15137", "samples": "17"}}, {"type": "Feature", "geometry": {"type": "Point", "coordinates": [30.4098, -1.2399]}, "properties": {"radio": "GSM", "range_m": "9610", "samples": "21"}}, {"type": "Feature", "geometry": {"type": "Point", "coordinates": [30.3906, -1.3698]}, "properties": {"radio": "GSM", "range_m": "21843", "samples": "24"}}, {"type": "Feature", "geometry": {"type": "Point", "coordinates": [30.3975, -1.3302]}, "properties": {"radio": "GSM", "range_m": "26700", "samples": "25"}}, {"type": "Feature", "geometry": {"type": "Point", "coordinates": [30.3869, -1.3406]}, "properties": {"radio": "GSM", "range_m": "17962", "samples": "8"}}, {"type": "Feature", "geometry": {"type": "Point", "coordinates": [30.3996, -1.4961]}, "properties": {"radio": "GSM", "range_m": "17781", "samples": "23"}}, {"type": "Feature", "geometry": {"type": "Point", "coordinates": [30.4042, -1.6667]}, "properties": {"radio": "GSM", "range_m": "8971", "samples": "25"}}, {"type": "Feature", "geometry": {"type": "Point", "coordinates": [30.4047, -1.6749]}, "properties": {"radio": "GSM", "range_m": "12851", "samples": "24"}}, {"type": "Feature", "geometry": {"type": "Point", "coordinates": [30.3971, -1.6845]}, "properties": {"radio": "GSM", "range_m": "18078", "samples": "11"}}, {"type": "Feature", "geometry": {"type": "Point", "coordinates": [30.4018, -1.6674]}, "properties": {"radio": "GSM", "range_m": "13740", "samples": "26"}}, {"type": "Feature", "geometry": {"type": "Point", "coordinates": [30.3989, -1.4989]}, "properties": {"radio": "GSM", "range_m": "11423", "samples": "21"}}, {"type": "Feature", "geometry": {"type": "Point", "coordinates": [30.3926, -1.4364]}, "properties": {"radio": "GSM", "range_m": "12099", "samples": "26"}}, {"type": "Feature", "geometry": {"type": "Point", "coordinates": [30.1194, -1.7403]}, "properties": {"radio": "GSM", "range_m": "8229", "samples": "24"}}, {"type": "Feature", "geometry": {"type": "Point", "coordinates": [30.3623, -1.3314]}, "properties": {"radio": "GSM", "range_m": "4656", "samples": "7"}}, {"type": "Feature", "geometry": {"type": "Point", "coordinates": [30.1033, -1.6462]}, "properties": {"radio": "GSM", "range_m": "3339", "samples": "23"}}, {"type": "Feature", "geometry": {"type": "Point", "coordinates": [30.413, -1.1765]}, "properties": {"radio": "GSM", "range_m": "10887", "samples": "23"}}, {"type": "Feature", "geometry": {"type": "Point", "coordinates": [30.3889, -1.4064]}, "properties": {"radio": "GSM", "range_m": "3984", "samples": "26"}}, {"type": "Feature", "geometry": {"type": "Point", "coordinates": [30.3823, -1.3936]}, "properties": {"radio": "GSM", "range_m": "17094", "samples": "23"}}, {"type": "Feature", "geometry": {"type": "Point", "coordinates": [29.2582, -1.684]}, "properties": {"radio": "GSM", "range_m": "2779", "samples": "6"}}, {"type": "Feature", "geometry": {"type": "Point", "coordinates": [30.3966, -1.7672]}, "properties": {"radio": "GSM", "range_m": "6372", "samples": "21"}}, {"type": "Feature", "geometry": {"type": "Point", "coordinates": [30.4377, -1.8746]}, "properties": {"radio": "GSM", "range_m": "20041", "samples": "26"}}, {"type": "Feature", "geometry": {"type": "Point", "coordinates": [30.4152, -1.1632]}, "properties": {"radio": "GSM", "range_m": "4911", "samples": "26"}}, {"type": "Feature", "geometry": {"type": "Point", "coordinates": [30.3713, -1.9536]}, "properties": {"radio": "GSM", "range_m": "5686", "samples": "22"}}, {"type": "Feature", "geometry": {"type": "Point", "coordinates": [30.2916, -1.9506]}, "properties": {"radio": "GSM", "range_m": "5148", "samples": "2"}}, {"type": "Feature", "geometry": {"type": "Point", "coordinates": [30.3213, -1.949]}, "properties": {"radio": "GSM", "range_m": "8458", "samples": "2"}}, {"type": "Feature", "geometry": {"type": "Point", "coordinates": [30.119, -2.0101]}, "properties": {"radio": "GSM", "range_m": "16598", "samples": "25"}}, {"type": "Feature", "geometry": {"type": "Point", "coordinates": [30.4643, -1.8418]}, "properties": {"radio": "GSM", "range_m": "7601", "samples": "22"}}, {"type": "Feature", "geometry": {"type": "Point", "coordinates": [30.46, -1.8654]}, "properties": {"radio": "GSM", "range_m": "20878", "samples": "25"}}, {"type": "Feature", "geometry": {"type": "Point", "coordinates": [30.3995, -1.5314]}, "properties": {"radio": "GSM", "range_m": "3835", "samples": "8"}}, {"type": "Feature", "geometry": {"type": "Point", "coordinates": [30.3996, -1.5142]}, "properties": {"radio": "GSM", "range_m": "12116", "samples": "21"}}, {"type": "Feature", "geometry": {"type": "Point", "coordinates": [30.4145, -1.9108]}, "properties": {"radio": "GSM", "range_m": "11862", "samples": "5"}}, {"type": "Feature", "geometry": {"type": "Point", "coordinates": [30.4033, -1.6772]}, "properties": {"radio": "GSM", "range_m": "19116", "samples": "22"}}, {"type": "Feature", "geometry": {"type": "Point", "coordinates": [30.4251, -1.1314]}, "properties": {"radio": "GSM", "range_m": "9829", "samples": "25"}}, {"type": "Feature", "geometry": {"type": "Point", "coordinates": [30.0321, -1.5081]}, "properties": {"radio": "GSM", "range_m": "9962", "samples": "26"}}, {"type": "Feature", "geometry": {"type": "Point", "coordinates": [30.0513, -1.6008]}, "properties": {"radio": "GSM", "range_m": "4267", "samples": "16"}}, {"type": "Feature", "geometry": {"type": "Point", "coordinates": [30.0545, -1.5918]}, "properties": {"radio": "GSM", "range_m": "5640", "samples": "12"}}, {"type": "Feature", "geometry": {"type": "Point", "coordinates": [30.026, -1.6202]}, "properties": {"radio": "GSM", "range_m": "4787", "samples": "21"}}, {"type": "Feature", "geometry": {"type": "Point", "coordinates": [30.0188, -1.6085]}, "properties": {"radio": "GSM", "range_m": "7967", "samples": "21"}}, {"type": "Feature", "geometry": {"type": "Point", "coordinates": [30.0189, -1.6154]}, "properties": {"radio": "GSM", "range_m": "3873", "samples": "20"}}, {"type": "Feature", "geometry": {"type": "Point", "coordinates": [29.9876, -1.6076]}, "properties": {"radio": "GSM", "range_m": "6831", "samples": "15"}}, {"type": "Feature", "geometry": {"type": "Point", "coordinates": [29.8939, -1.6509]}, "properties": {"radio": "GSM", "range_m": "2638", "samples": "18"}}, {"type": "Feature", "geometry": {"type": "Point", "coordinates": [29.8355, -1.653]}, "properties": {"radio": "GSM", "range_m": "8674", "samples": "27"}}, {"type": "Feature", "geometry": {"type": "Point", "coordinates": [29.8395, -1.6547]}, "properties": {"radio": "GSM", "range_m": "7888", "samples": "19"}}, {"type": "Feature", "geometry": {"type": "Point", "coordinates": [29.8798, -1.6591]}, "properties": {"radio": "GSM", "range_m": "2942", "samples": "27"}}, {"type": "Feature", "geometry": {"type": "Point", "coordinates": [29.8164, -1.646]}, "properties": {"radio": "GSM", "range_m": "6411", "samples": "19"}}, {"type": "Feature", "geometry": {"type": "Point", "coordinates": [29.8422, -1.6621]}, "properties": {"radio": "GSM", "range_m": "1323", "samples": "8"}}, {"type": "Feature", "geometry": {"type": "Point", "coordinates": [30.4276, -1.1332]}, "properties": {"radio": "GSM", "range_m": "18721", "samples": "23"}}, {"type": "Feature", "geometry": {"type": "Point", "coordinates": [30.3922, -1.4217]}, "properties": {"radio": "GSM", "range_m": "15569", "samples": "16"}}, {"type": "Feature", "geometry": {"type": "Point", "coordinates": [30.4063, -1.678]}, "properties": {"radio": "GSM", "range_m": "14503", "samples": "22"}}, {"type": "Feature", "geometry": {"type": "Point", "coordinates": [30.4561, -1.833]}, "properties": {"radio": "GSM", "range_m": "8431", "samples": "21"}}, {"type": "Feature", "geometry": {"type": "Point", "coordinates": [30.3947, -1.2352]}, "properties": {"radio": "GSM", "range_m": "13613", "samples": "9"}}, {"type": "Feature", "geometry": {"type": "Point", "coordinates": [29.6963, -1.4573]}, "properties": {"radio": "GSM", "range_m": "4483", "samples": "21"}}, {"type": "Feature", "geometry": {"type": "Point", "coordinates": [29.275, -1.6705]}, "properties": {"radio": "GSM", "range_m": "5155", "samples": "24"}}, {"type": "Feature", "geometry": {"type": "Point", "coordinates": [30.1278, -1.7638]}, "properties": {"radio": "GSM", "range_m": "3999", "samples": "12"}}, {"type": "Feature", "geometry": {"type": "Point", "coordinates": [30.4203, -1.131]}, "properties": {"radio": "GSM", "range_m": "8057", "samples": "24"}}, {"type": "Feature", "geometry": {"type": "Point", "coordinates": [29.2642, -1.6764]}, "properties": {"radio": "GSM", "range_m": "2350", "samples": "26"}}, {"type": "Feature", "geometry": {"type": "Point", "coordinates": [29.2687, -1.6788]}, "properties": {"radio": "GSM", "range_m": "3415", "samples": "25"}}, {"type": "Feature", "geometry": {"type": "Point", "coordinates": [29.5884, -1.5107]}, "properties": {"radio": "GSM", "range_m": "1000", "samples": "3"}}, {"type": "Feature", "geometry": {"type": "Point", "coordinates": [30.1005, -1.9787]}, "properties": {"radio": "GSM", "range_m": "6843", "samples": "25"}}, {"type": "Feature", "geometry": {"type": "Point", "coordinates": [30.446, -1.8867]}, "properties": {"radio": "GSM", "range_m": "9484", "samples": "11"}}, {"type": "Feature", "geometry": {"type": "Point", "coordinates": [29.7567, -2.1586]}, "properties": {"radio": "GSM", "range_m": "5751", "samples": "23"}}, {"type": "Feature", "geometry": {"type": "Point", "coordinates": [29.7833, -2.1946]}, "properties": {"radio": "GSM", "range_m": "3814", "samples": "26"}}, {"type": "Feature", "geometry": {"type": "Point", "coordinates": [29.7849, -2.1986]}, "properties": {"radio": "GSM", "range_m": "5238", "samples": "22"}}, {"type": "Feature", "geometry": {"type": "Point", "coordinates": [29.7919, -2.2444]}, "properties": {"radio": "GSM", "range_m": "3928", "samples": "25"}}, {"type": "Feature", "geometry": {"type": "Point", "coordinates": [29.7902, -2.2488]}, "properties": {"radio": "GSM", "range_m": "8577", "samples": "24"}}, {"type": "Feature", "geometry": {"type": "Point", "coordinates": [29.7725, -2.339]}, "properties": {"radio": "GSM", "range_m": "2282", "samples": "27"}}, {"type": "Feature", "geometry": {"type": "Point", "coordinates": [29.7738, -2.3699]}, "properties": {"radio": "GSM", "range_m": "9254", "samples": "17"}}, {"type": "Feature", "geometry": {"type": "Point", "coordinates": [29.7778, -2.3869]}, "properties": {"radio": "GSM", "range_m": "6706", "samples": "21"}}, {"type": "Feature", "geometry": {"type": "Point", "coordinates": [29.7697, -2.443]}, "properties": {"radio": "GSM", "range_m": "2829", "samples": "21"}}, {"type": "Feature", "geometry": {"type": "Point", "coordinates": [29.7716, -2.454]}, "properties": {"radio": "GSM", "range_m": "7602", "samples": "11"}}, {"type": "Feature", "geometry": {"type": "Point", "coordinates": [29.7457, -2.5668]}, "properties": {"radio": "GSM", "range_m": "5534", "samples": "25"}}, {"type": "Feature", "geometry": {"type": "Point", "coordinates": [29.7499, -2.5804]}, "properties": {"radio": "GSM", "range_m": "1831", "samples": "25"}}, {"type": "Feature", "geometry": {"type": "Point", "coordinates": [29.706, -2.5545]}, "properties": {"radio": "GSM", "range_m": "6460", "samples": "23"}}, {"type": "Feature", "geometry": {"type": "Point", "coordinates": [29.6816, -2.5418]}, "properties": {"radio": "GSM", "range_m": "15379", "samples": "27"}}, {"type": "Feature", "geometry": {"type": "Point", "coordinates": [29.6677, -2.534]}, "properties": {"radio": "GSM", "range_m": "5191", "samples": "27"}}, {"type": "Feature", "geometry": {"type": "Point", "coordinates": [29.5946, -2.4905]}, "properties": {"radio": "GSM", "range_m": "9964", "samples": "24"}}, {"type": "Feature", "geometry": {"type": "Point", "coordinates": [29.5955, -2.4905]}, "properties": {"radio": "GSM", "range_m": "5456", "samples": "26"}}, {"type": "Feature", "geometry": {"type": "Point", "coordinates": [29.5984, -2.5002]}, "properties": {"radio": "GSM", "range_m": "6365", "samples": "20"}}, {"type": "Feature", "geometry": {"type": "Point", "coordinates": [29.5678, -2.4774]}, "properties": {"radio": "GSM", "range_m": "6118", "samples": "23"}}, {"type": "Feature", "geometry": {"type": "Point", "coordinates": [29.5955, -2.4909]}, "properties": {"radio": "GSM", "range_m": "5553", "samples": "25"}}, {"type": "Feature", "geometry": {"type": "Point", "coordinates": [29.6079, -2.5042]}, "properties": {"radio": "GSM", "range_m": "6637", "samples": "22"}}, {"type": "Feature", "geometry": {"type": "Point", "coordinates": [29.5736, -2.4765]}, "properties": {"radio": "GSM", "range_m": "2305", "samples": "23"}}, {"type": "Feature", "geometry": {"type": "Point", "coordinates": [29.5767, -2.4724]}, "properties": {"radio": "GSM", "range_m": "2559", "samples": "16"}}, {"type": "Feature", "geometry": {"type": "Point", "coordinates": [29.5692, -2.4799]}, "properties": {"radio": "GSM", "range_m": "2966", "samples": "18"}}, {"type": "Feature", "geometry": {"type": "Point", "coordinates": [29.5593, -2.4752]}, "properties": {"radio": "GSM", "range_m": "4269", "samples": "27"}}, {"type": "Feature", "geometry": {"type": "Point", "coordinates": [29.5589, -2.4765]}, "properties": {"radio": "GSM", "range_m": "3061", "samples": "20"}}, {"type": "Feature", "geometry": {"type": "Point", "coordinates": [29.5411, -2.4829]}, "properties": {"radio": "GSM", "range_m": "5843", "samples": "18"}}, {"type": "Feature", "geometry": {"type": "Point", "coordinates": [29.518, -2.4881]}, "properties": {"radio": "GSM", "range_m": "2963", "samples": "20"}}, {"type": "Feature", "geometry": {"type": "Point", "coordinates": [29.5242, -2.4879]}, "properties": {"radio": "GSM", "range_m": "4620", "samples": "27"}}, {"type": "Feature", "geometry": {"type": "Point", "coordinates": [29.5173, -2.49]}, "properties": {"radio": "GSM", "range_m": "4457", "samples": "21"}}, {"type": "Feature", "geometry": {"type": "Point", "coordinates": [29.4977, -2.4996]}, "properties": {"radio": "GSM", "range_m": "5319", "samples": "21"}}, {"type": "Feature", "geometry": {"type": "Point", "coordinates": [29.5199, -2.4875]}, "properties": {"radio": "GSM", "range_m": "2739", "samples": "21"}}, {"type": "Feature", "geometry": {"type": "Point", "coordinates": [29.5031, -2.4957]}, "properties": {"radio": "GSM", "range_m": "8167", "samples": "20"}}, {"type": "Feature", "geometry": {"type": "Point", "coordinates": [29.4491, -2.5191]}, "properties": {"radio": "GSM", "range_m": "4592", "samples": "26"}}, {"type": "Feature", "geometry": {"type": "Point", "coordinates": [29.4838, -2.5092]}, "properties": {"radio": "GSM", "range_m": "7618", "samples": "27"}}, {"type": "Feature", "geometry": {"type": "Point", "coordinates": [29.4592, -2.5149]}, "properties": {"radio": "GSM", "range_m": "5715", "samples": "26"}}, {"type": "Feature", "geometry": {"type": "Point", "coordinates": [29.4536, -2.5207]}, "properties": {"radio": "GSM", "range_m": "4702", "samples": "27"}}, {"type": "Feature", "geometry": {"type": "Point", "coordinates": [29.4398, -2.5242]}, "properties": {"radio": "GSM", "range_m": "2647", "samples": "27"}}, {"type": "Feature", "geometry": {"type": "Point", "coordinates": [29.3948, -2.5266]}, "properties": {"radio": "GSM", "range_m": "5100", "samples": "17"}}, {"type": "Feature", "geometry": {"type": "Point", "coordinates": [29.3707, -2.5263]}, "properties": {"radio": "GSM", "range_m": "5256", "samples": "15"}}, {"type": "Feature", "geometry": {"type": "Point", "coordinates": [30.3917, -1.9499]}, "properties": {"radio": "GSM", "range_m": "5202", "samples": "25"}}, {"type": "Feature", "geometry": {"type": "Point", "coordinates": [29.2497, -2.4776]}, "properties": {"radio": "GSM", "range_m": "6855", "samples": "27"}}, {"type": "Feature", "geometry": {"type": "Point", "coordinates": [29.2301, -2.4794]}, "properties": {"radio": "GSM", "range_m": "8914", "samples": "26"}}, {"type": "Feature", "geometry": {"type": "Point", "coordinates": [29.2327, -2.4755]}, "properties": {"radio": "GSM", "range_m": "3281", "samples": "27"}}, {"type": "Feature", "geometry": {"type": "Point", "coordinates": [29.2067, -2.4785]}, "properties": {"radio": "GSM", "range_m": "1090", "samples": "19"}}, {"type": "Feature", "geometry": {"type": "Point", "coordinates": [29.2184, -2.4805]}, "properties": {"radio": "GSM", "range_m": "10171", "samples": "21"}}, {"type": "Feature", "geometry": {"type": "Point", "coordinates": [29.1769, -2.4835]}, "properties": {"radio": "GSM", "range_m": "4820", "samples": "15"}}, {"type": "Feature", "geometry": {"type": "Point", "coordinates": [30.3896, -1.9508]}, "properties": {"radio": "GSM", "range_m": "1000", "samples": "4"}}, {"type": "Feature", "geometry": {"type": "Point", "coordinates": [29.0647, -2.4589]}, "properties": {"radio": "GSM", "range_m": "14473", "samples": "14"}}, {"type": "Feature", "geometry": {"type": "Point", "coordinates": [28.993, -2.4627]}, "properties": {"radio": "GSM", "range_m": "9746", "samples": "27"}}, {"type": "Feature", "geometry": {"type": "Point", "coordinates": [29.0377, -2.4499]}, "properties": {"radio": "GSM", "range_m": "6933", "samples": "27"}}, {"type": "Feature", "geometry": {"type": "Point", "coordinates": [29.0629, -2.4485]}, "properties": {"radio": "GSM", "range_m": "6562", "samples": "21"}}, {"type": "Feature", "geometry": {"type": "Point", "coordinates": [29.1033, -2.4623]}, "properties": {"radio": "GSM", "range_m": "9723", "samples": "18"}}, {"type": "Feature", "geometry": {"type": "Point", "coordinates": [29.0994, -2.462]}, "properties": {"radio": "GSM", "range_m": "5947", "samples": "43"}}, {"type": "Feature", "geometry": {"type": "Point", "coordinates": [29.0708, -2.4344]}, "properties": {"radio": "GSM", "range_m": "6917", "samples": "21"}}, {"type": "Feature", "geometry": {"type": "Point", "coordinates": [29.0711, -2.4345]}, "properties": {"radio": "GSM", "range_m": "7531", "samples": "21"}}, {"type": "Feature", "geometry": {"type": "Point", "coordinates": [29.0402, -2.4423]}, "properties": {"radio": "GSM", "range_m": "5534", "samples": "22"}}, {"type": "Feature", "geometry": {"type": "Point", "coordinates": [29.0657, -2.4109]}, "properties": {"radio": "GSM", "range_m": "8140", "samples": "13"}}, {"type": "Feature", "geometry": {"type": "Point", "coordinates": [29.0573, -2.4327]}, "properties": {"radio": "GSM", "range_m": "6190", "samples": "26"}}, {"type": "Feature", "geometry": {"type": "Point", "coordinates": [29.0531, -2.4282]}, "properties": {"radio": "GSM", "range_m": "10383", "samples": "19"}}, {"type": "Feature", "geometry": {"type": "Point", "coordinates": [28.9834, -2.4698]}, "properties": {"radio": "GSM", "range_m": "2253", "samples": "15"}}, {"type": "Feature", "geometry": {"type": "Point", "coordinates": [28.9179, -2.4863]}, "properties": {"radio": "GSM", "range_m": "2891", "samples": "23"}}, {"type": "Feature", "geometry": {"type": "Point", "coordinates": [28.8721, -2.4582]}, "properties": {"radio": "GSM", "range_m": "5499", "samples": "7"}}, {"type": "Feature", "geometry": {"type": "Point", "coordinates": [28.896, -2.4902]}, "properties": {"radio": "GSM", "range_m": "3599", "samples": "15"}}, {"type": "Feature", "geometry": {"type": "Point", "coordinates": [28.8952, -2.4879]}, "properties": {"radio": "GSM", "range_m": "1000", "samples": "15"}}, {"type": "Feature", "geometry": {"type": "Point", "coordinates": [28.8941, -2.4974]}, "properties": {"radio": "GSM", "range_m": "3189", "samples": "25"}}, {"type": "Feature", "geometry": {"type": "Point", "coordinates": [28.8901, -2.5089]}, "properties": {"radio": "GSM", "range_m": "3259", "samples": "18"}}, {"type": "Feature", "geometry": {"type": "Point", "coordinates": [30.4307, -1.8509]}, "properties": {"radio": "GSM", "range_m": "12054", "samples": "13"}}, {"type": "Feature", "geometry": {"type": "Point", "coordinates": [30.4607, -1.8751]}, "properties": {"radio": "GSM", "range_m": "8599", "samples": "11"}}, {"type": "Feature", "geometry": {"type": "Point", "coordinates": [30.0431, -1.5302]}, "properties": {"radio": "GSM", "range_m": "2858", "samples": "11"}}, {"type": "Feature", "geometry": {"type": "Point", "coordinates": [30.4185, -1.1345]}, "properties": {"radio": "GSM", "range_m": "23471", "samples": "26"}}, {"type": "Feature", "geometry": {"type": "Point", "coordinates": [30.4518, -1.8305]}, "properties": {"radio": "GSM", "range_m": "10188", "samples": "22"}}, {"type": "Feature", "geometry": {"type": "Point", "coordinates": [30.1121, -1.7003]}, "properties": {"radio": "GSM", "range_m": "4864", "samples": "14"}}, {"type": "Feature", "geometry": {"type": "Point", "coordinates": [30.3907, -1.6362]}, "properties": {"radio": "GSM", "range_m": "22199", "samples": "21"}}, {"type": "Feature", "geometry": {"type": "Point", "coordinates": [30.7388, -2.3204]}, "properties": {"radio": "GSM", "range_m": "5513", "samples": "12"}}, {"type": "Feature", "geometry": {"type": "Point", "coordinates": [30.5884, -2.2778]}, "properties": {"radio": "GSM", "range_m": "8498", "samples": "15"}}, {"type": "Feature", "geometry": {"type": "Point", "coordinates": [30.561, -2.0109]}, "properties": {"radio": "GSM", "range_m": "2608", "samples": "13"}}, {"type": "Feature", "geometry": {"type": "Point", "coordinates": [30.5041, -1.9359]}, "properties": {"radio": "GSM", "range_m": "7346", "samples": "13"}}, {"type": "Feature", "geometry": {"type": "Point", "coordinates": [29.7748, -2.2906]}, "properties": {"radio": "GSM", "range_m": "4996", "samples": "12"}}, {"type": "Feature", "geometry": {"type": "Point", "coordinates": [29.7692, -2.4597]}, "properties": {"radio": "GSM", "range_m": "8752", "samples": "10"}}, {"type": "Feature", "geometry": {"type": "Point", "coordinates": [30.7366, -2.2908]}, "properties": {"radio": "GSM", "range_m": "4466", "samples": "11"}}, {"type": "Feature", "geometry": {"type": "Point", "coordinates": [30.4954, -1.8891]}, "properties": {"radio": "GSM", "range_m": "12006", "samples": "19"}}, {"type": "Feature", "geometry": {"type": "Point", "coordinates": [30.5533, -2.2738]}, "properties": {"radio": "GSM", "range_m": "1560", "samples": "11"}}, {"type": "Feature", "geometry": {"type": "Point", "coordinates": [30.6316, -2.267]}, "properties": {"radio": "GSM", "range_m": "4062", "samples": "11"}}, {"type": "Feature", "geometry": {"type": "Point", "coordinates": [30.1074, -1.9613]}, "properties": {"radio": "GSM", "range_m": "7350", "samples": "26"}}, {"type": "Feature", "geometry": {"type": "Point", "coordinates": [30.7232, -2.283]}, "properties": {"radio": "GSM", "range_m": "1538", "samples": "3"}}, {"type": "Feature", "geometry": {"type": "Point", "coordinates": [29.7651, -2.5582]}, "properties": {"radio": "GSM", "range_m": "2098", "samples": "4"}}, {"type": "Feature", "geometry": {"type": "Point", "coordinates": [29.7507, -2.5755]}, "properties": {"radio": "GSM", "range_m": "3290", "samples": "9"}}, {"type": "Feature", "geometry": {"type": "Point", "coordinates": [30.0888, -1.5953]}, "properties": {"radio": "GSM", "range_m": "4149", "samples": "5"}}, {"type": "Feature", "geometry": {"type": "Point", "coordinates": [30.3852, -1.4548]}, "properties": {"radio": "GSM", "range_m": "21152", "samples": "21"}}, {"type": "Feature", "geometry": {"type": "Point", "coordinates": [30.3928, -1.748]}, "properties": {"radio": "GSM", "range_m": "3789", "samples": "6"}}, {"type": "Feature", "geometry": {"type": "Point", "coordinates": [30.0809, -1.9525]}, "properties": {"radio": "GSM", "range_m": "5215", "samples": "32"}}, {"type": "Feature", "geometry": {"type": "Point", "coordinates": [30.2161, -2.2826]}, "properties": {"radio": "GSM", "range_m": "1478", "samples": "12"}}, {"type": "Feature", "geometry": {"type": "Point", "coordinates": [30.0373, -1.5167]}, "properties": {"radio": "GSM", "range_m": "5488", "samples": "21"}}, {"type": "Feature", "geometry": {"type": "Point", "coordinates": [30.0441, -1.5329]}, "properties": {"radio": "GSM", "range_m": "4888", "samples": "8"}}, {"type": "Feature", "geometry": {"type": "Point", "coordinates": [30.0993, -2.1403]}, "properties": {"radio": "GSM", "range_m": "11392", "samples": "14"}}, {"type": "Feature", "geometry": {"type": "Point", "coordinates": [28.8942, -2.4783]}, "properties": {"radio": "GSM", "range_m": "8810", "samples": "18"}}, {"type": "Feature", "geometry": {"type": "Point", "coordinates": [28.8783, -2.4641]}, "properties": {"radio": "GSM", "range_m": "6445", "samples": "10"}}, {"type": "Feature", "geometry": {"type": "Point", "coordinates": [29.3771, -2.5274]}, "properties": {"radio": "GSM", "range_m": "1000", "samples": "5"}}, {"type": "Feature", "geometry": {"type": "Point", "coordinates": [29.4157, -2.5275]}, "properties": {"radio": "GSM", "range_m": "4227", "samples": "20"}}, {"type": "Feature", "geometry": {"type": "Point", "coordinates": [29.5852, -2.4832]}, "properties": {"radio": "GSM", "range_m": "2538", "samples": "27"}}, {"type": "Feature", "geometry": {"type": "Point", "coordinates": [29.6193, -2.5091]}, "properties": {"radio": "GSM", "range_m": "8892", "samples": "25"}}, {"type": "Feature", "geometry": {"type": "Point", "coordinates": [29.7401, -2.5653]}, "properties": {"radio": "GSM", "range_m": "6677", "samples": "8"}}, {"type": "Feature", "geometry": {"type": "Point", "coordinates": [29.7695, -2.3418]}, "properties": {"radio": "GSM", "range_m": "2861", "samples": "6"}}, {"type": "Feature", "geometry": {"type": "Point", "coordinates": [30.0154, -1.4398]}, "properties": {"radio": "GSM", "range_m": "9395", "samples": "22"}}, {"type": "Feature", "geometry": {"type": "Point", "coordinates": [30.099, -1.9388]}, "properties": {"radio": "GSM", "range_m": "1142", "samples": "2"}}, {"type": "Feature", "geometry": {"type": "Point", "coordinates": [30.1067, -1.6385]}, "properties": {"radio": "GSM", "range_m": "1680", "samples": "11"}}, {"type": "Feature", "geometry": {"type": "Point", "coordinates": [30.4954, -1.9019]}, "properties": {"radio": "GSM", "range_m": "9684", "samples": "9"}}, {"type": "Feature", "geometry": {"type": "Point", "coordinates": [30.4606, -1.8504]}, "properties": {"radio": "GSM", "range_m": "6295", "samples": "10"}}, {"type": "Feature", "geometry": {"type": "Point", "coordinates": [30.1073, -1.6491]}, "properties": {"radio": "GSM", "range_m": "2314", "samples": "11"}}, {"type": "Feature", "geometry": {"type": "Point", "coordinates": [30.3975, -1.7368]}, "properties": {"radio": "GSM", "range_m": "4797", "samples": "14"}}, {"type": "Feature", "geometry": {"type": "Point", "coordinates": [30.4042, -1.2106]}, "properties": {"radio": "GSM", "range_m": "8883", "samples": "22"}}, {"type": "Feature", "geometry": {"type": "Point", "coordinates": [30.4175, -1.0782]}, "properties": {"radio": "GSM", "range_m": "5261", "samples": "3"}}, {"type": "Feature", "geometry": {"type": "Point", "coordinates": [29.6348, -1.4991]}, "properties": {"radio": "GSM", "range_m": "9091", "samples": "18"}}, {"type": "Feature", "geometry": {"type": "Point", "coordinates": [29.6892, -1.4598]}, "properties": {"radio": "GSM", "range_m": "6567", "samples": "16"}}, {"type": "Feature", "geometry": {"type": "Point", "coordinates": [30.4086, -1.6751]}, "properties": {"radio": "GSM", "range_m": "27954", "samples": "25"}}, {"type": "Feature", "geometry": {"type": "Point", "coordinates": [30.2115, -2.273]}, "properties": {"radio": "GSM", "range_m": "5990", "samples": "9"}}, {"type": "Feature", "geometry": {"type": "Point", "coordinates": [30.2167, -2.2842]}, "properties": {"radio": "GSM", "range_m": "1461", "samples": "10"}}, {"type": "Feature", "geometry": {"type": "Point", "coordinates": [29.4297, -1.6241]}, "properties": {"radio": "GSM", "range_m": "2919", "samples": "5"}}, {"type": "Feature", "geometry": {"type": "Point", "coordinates": [30.2158, -2.2797]}, "properties": {"radio": "GSM", "range_m": "6878", "samples": "17"}}, {"type": "Feature", "geometry": {"type": "Point", "coordinates": [30.2176, -2.2851]}, "properties": {"radio": "GSM", "range_m": "1465", "samples": "7"}}, {"type": "Feature", "geometry": {"type": "Point", "coordinates": [30.4092, -1.2285]}, "properties": {"radio": "GSM", "range_m": "14294", "samples": "23"}}, {"type": "Feature", "geometry": {"type": "Point", "coordinates": [30.3944, -1.5645]}, "properties": {"radio": "GSM", "range_m": "4358", "samples": "9"}}, {"type": "Feature", "geometry": {"type": "Point", "coordinates": [30.1233, -1.8071]}, "properties": {"radio": "GSM", "range_m": "8119", "samples": "8"}}, {"type": "Feature", "geometry": {"type": "Point", "coordinates": [30.0985, -1.6703]}, "properties": {"radio": "GSM", "range_m": "6677", "samples": "20"}}, {"type": "Feature", "geometry": {"type": "Point", "coordinates": [30.0774, -1.9453]}, "properties": {"radio": "GSM", "range_m": "2788", "samples": "11"}}, {"type": "Feature", "geometry": {"type": "Point", "coordinates": [29.4724, -1.6209]}, "properties": {"radio": "GSM", "range_m": "3772", "samples": "22"}}, {"type": "Feature", "geometry": {"type": "Point", "coordinates": [29.4796, -1.6209]}, "properties": {"radio": "GSM", "range_m": "8440", "samples": "18"}}, {"type": "Feature", "geometry": {"type": "Point", "coordinates": [30.4206, -1.1351]}, "properties": {"radio": "GSM", "range_m": "3747", "samples": "8"}}, {"type": "Feature", "geometry": {"type": "Point", "coordinates": [30.4079, -1.2107]}, "properties": {"radio": "GSM", "range_m": "18483", "samples": "22"}}, {"type": "Feature", "geometry": {"type": "Point", "coordinates": [30.4014, -1.6566]}, "properties": {"radio": "GSM", "range_m": "2114", "samples": "20"}}, {"type": "Feature", "geometry": {"type": "Point", "coordinates": [29.7692, -2.3205]}, "properties": {"radio": "GSM", "range_m": "4107", "samples": "8"}}, {"type": "Feature", "geometry": {"type": "Point", "coordinates": [30.3986, -1.5434]}, "properties": {"radio": "GSM", "range_m": "13136", "samples": "25"}}, {"type": "Feature", "geometry": {"type": "Point", "coordinates": [30.4103, -1.6938]}, "properties": {"radio": "GSM", "range_m": "16565", "samples": "14"}}, {"type": "Feature", "geometry": {"type": "Point", "coordinates": [30.3949, -1.6884]}, "properties": {"radio": "GSM", "range_m": "11068", "samples": "3"}}, {"type": "Feature", "geometry": {"type": "Point", "coordinates": [29.5234, -2.4899]}, "properties": {"radio": "GSM", "range_m": "3462", "samples": "4"}}, {"type": "Feature", "geometry": {"type": "Point", "coordinates": [30.4443, -1.8874]}, "properties": {"radio": "GSM", "range_m": "14695", "samples": "17"}}, {"type": "Feature", "geometry": {"type": "Point", "coordinates": [30.4428, -1.9427]}, "properties": {"radio": "GSM", "range_m": "2422", "samples": "4"}}, {"type": "Feature", "geometry": {"type": "Point", "coordinates": [29.503, -2.5004]}, "properties": {"radio": "GSM", "range_m": "6547", "samples": "21"}}, {"type": "Feature", "geometry": {"type": "Point", "coordinates": [28.9187, -2.4857]}, "properties": {"radio": "GSM", "range_m": "4555", "samples": "20"}}, {"type": "Feature", "geometry": {"type": "Point", "coordinates": [30.3932, -1.5576]}, "properties": {"radio": "GSM", "range_m": "17718", "samples": "22"}}, {"type": "Feature", "geometry": {"type": "Point", "coordinates": [28.8883, -2.5217]}, "properties": {"radio": "GSM", "range_m": "2407", "samples": "11"}}, {"type": "Feature", "geometry": {"type": "Point", "coordinates": [28.882, -2.5263]}, "properties": {"radio": "GSM", "range_m": "4087", "samples": "15"}}, {"type": "Feature", "geometry": {"type": "Point", "coordinates": [28.893, -2.5155]}, "properties": {"radio": "GSM", "range_m": "3003", "samples": "14"}}, {"type": "Feature", "geometry": {"type": "Point", "coordinates": [28.8926, -2.5099]}, "properties": {"radio": "GSM", "range_m": "3316", "samples": "16"}}, {"type": "Feature", "geometry": {"type": "Point", "coordinates": [28.8985, -2.5351]}, "properties": {"radio": "GSM", "range_m": "3691", "samples": "6"}}, {"type": "Feature", "geometry": {"type": "Point", "coordinates": [28.9175, -2.5606]}, "properties": {"radio": "GSM", "range_m": "1857", "samples": "4"}}, {"type": "Feature", "geometry": {"type": "Point", "coordinates": [28.9184, -2.5682]}, "properties": {"radio": "GSM", "range_m": "2748", "samples": "4"}}, {"type": "Feature", "geometry": {"type": "Point", "coordinates": [28.9083, -2.5383]}, "properties": {"radio": "GSM", "range_m": "7857", "samples": "10"}}, {"type": "Feature", "geometry": {"type": "Point", "coordinates": [28.9513, -2.6346]}, "properties": {"radio": "GSM", "range_m": "1344", "samples": "5"}}, {"type": "Feature", "geometry": {"type": "Point", "coordinates": [28.9532, -2.6416]}, "properties": {"radio": "GSM", "range_m": "1000", "samples": "4"}}, {"type": "Feature", "geometry": {"type": "Point", "coordinates": [28.9395, -2.6138]}, "properties": {"radio": "GSM", "range_m": "3322", "samples": "6"}}, {"type": "Feature", "geometry": {"type": "Point", "coordinates": [28.939, -2.6125]}, "properties": {"radio": "GSM", "range_m": "3471", "samples": "8"}}, {"type": "Feature", "geometry": {"type": "Point", "coordinates": [28.9627, -2.6401]}, "properties": {"radio": "GSM", "range_m": "5055", "samples": "4"}}, {"type": "Feature", "geometry": {"type": "Point", "coordinates": [29.0048, -2.6863]}, "properties": {"radio": "GSM", "range_m": "2432", "samples": "8"}}, {"type": "Feature", "geometry": {"type": "Point", "coordinates": [29.0015, -2.6785]}, "properties": {"radio": "GSM", "range_m": "2317", "samples": "10"}}, {"type": "Feature", "geometry": {"type": "Point", "coordinates": [29.0093, -2.6361]}, "properties": {"radio": "GSM", "range_m": "4090", "samples": "9"}}, {"type": "Feature", "geometry": {"type": "Point", "coordinates": [29.0028, -2.6587]}, "properties": {"radio": "GSM", "range_m": "5670", "samples": "11"}}, {"type": "Feature", "geometry": {"type": "Point", "coordinates": [29.0077, -2.6943]}, "properties": {"radio": "GSM", "range_m": "8927", "samples": "10"}}, {"type": "Feature", "geometry": {"type": "Point", "coordinates": [30.1227, -1.7323]}, "properties": {"radio": "GSM", "range_m": "3999", "samples": "25"}}, {"type": "Feature", "geometry": {"type": "Point", "coordinates": [30.4387, -1.8187]}, "properties": {"radio": "GSM", "range_m": "2531", "samples": "6"}}, {"type": "Feature", "geometry": {"type": "Point", "coordinates": [30.4694, -1.8418]}, "properties": {"radio": "GSM", "range_m": "3391", "samples": "3"}}, {"type": "Feature", "geometry": {"type": "Point", "coordinates": [30.0852, -1.5911]}, "properties": {"radio": "UMTS", "range_m": "1477", "samples": "4"}}, {"type": "Feature", "geometry": {"type": "Point", "coordinates": [30.1078, -1.6412]}, "properties": {"radio": "UMTS", "range_m": "1423", "samples": "7"}}, {"type": "Feature", "geometry": {"type": "Point", "coordinates": [30.1093, -1.6909]}, "properties": {"radio": "UMTS", "range_m": "2138", "samples": "5"}}, {"type": "Feature", "geometry": {"type": "Point", "coordinates": [29.581, -2.4896]}, "properties": {"radio": "GSM", "range_m": "5546", "samples": "10"}}, {"type": "Feature", "geometry": {"type": "Point", "coordinates": [29.0076, -2.6768]}, "properties": {"radio": "GSM", "range_m": "4652", "samples": "10"}}, {"type": "Feature", "geometry": {"type": "Point", "coordinates": [29.741, -1.3812]}, "properties": {"radio": "GSM", "range_m": "6117", "samples": "11"}}, {"type": "Feature", "geometry": {"type": "Point", "coordinates": [28.9383, -2.6116]}, "properties": {"radio": "GSM", "range_m": "3390", "samples": "9"}}, {"type": "Feature", "geometry": {"type": "Point", "coordinates": [28.9443, -2.6088]}, "properties": {"radio": "GSM", "range_m": "8025", "samples": "7"}}, {"type": "Feature", "geometry": {"type": "Point", "coordinates": [28.8958, -2.5306]}, "properties": {"radio": "GSM", "range_m": "4579", "samples": "10"}}, {"type": "Feature", "geometry": {"type": "Point", "coordinates": [29.0117, -2.6394]}, "properties": {"radio": "GSM", "range_m": "6655", "samples": "9"}}, {"type": "Feature", "geometry": {"type": "Point", "coordinates": [30.3803, -1.3942]}, "properties": {"radio": "GSM", "range_m": "15356", "samples": "7"}}, {"type": "Feature", "geometry": {"type": "Point", "coordinates": [30.3921, -1.4429]}, "properties": {"radio": "GSM", "range_m": "22179", "samples": "26"}}, {"type": "Feature", "geometry": {"type": "Point", "coordinates": [28.9342, -2.6038]}, "properties": {"radio": "GSM", "range_m": "1000", "samples": "5"}}, {"type": "Feature", "geometry": {"type": "Point", "coordinates": [28.9376, -2.6074]}, "properties": {"radio": "GSM", "range_m": "1500", "samples": "5"}}, {"type": "Feature", "geometry": {"type": "Point", "coordinates": [30.3877, -1.3767]}, "properties": {"radio": "GSM", "range_m": "17252", "samples": "17"}}, {"type": "Feature", "geometry": {"type": "Point", "coordinates": [30.106, -1.6869]}, "properties": {"radio": "UMTS", "range_m": "1000", "samples": "3"}}, {"type": "Feature", "geometry": {"type": "Point", "coordinates": [30.0601, -1.5489]}, "properties": {"radio": "GSM", "range_m": "8093", "samples": "6"}}, {"type": "Feature", "geometry": {"type": "Point", "coordinates": [30.0711, -1.5643]}, "properties": {"radio": "GSM", "range_m": "10627", "samples": "23"}}, {"type": "Feature", "geometry": {"type": "Point", "coordinates": [30.0264, -1.4773]}, "properties": {"radio": "GSM", "range_m": "1099", "samples": "2"}}, {"type": "Feature", "geometry": {"type": "Point", "coordinates": [30.3836, -1.3158]}, "properties": {"radio": "GSM", "range_m": "21706", "samples": "12"}}, {"type": "Feature", "geometry": {"type": "Point", "coordinates": [30.4439, -1.7564]}, "properties": {"radio": "GSM", "range_m": "15339", "samples": "8"}}, {"type": "Feature", "geometry": {"type": "Point", "coordinates": [30.0007, -1.9369]}, "properties": {"radio": "GSM", "range_m": "7485", "samples": "18"}}, {"type": "Feature", "geometry": {"type": "Point", "coordinates": [30.1179, -1.8148]}, "properties": {"radio": "GSM", "range_m": "1371", "samples": "17"}}, {"type": "Feature", "geometry": {"type": "Point", "coordinates": [30.0967, -1.8163]}, "properties": {"radio": "GSM", "range_m": "4030", "samples": "11"}}, {"type": "Feature", "geometry": {"type": "Point", "coordinates": [29.5554, -1.55]}, "properties": {"radio": "GSM", "range_m": "7162", "samples": "23"}}, {"type": "Feature", "geometry": {"type": "Point", "coordinates": [29.7659, -2.0797]}, "properties": {"radio": "GSM", "range_m": "3133", "samples": "16"}}, {"type": "Feature", "geometry": {"type": "Point", "coordinates": [30.3956, -1.8605]}, "properties": {"radio": "GSM", "range_m": "21316", "samples": "6"}}, {"type": "Feature", "geometry": {"type": "Point", "coordinates": [29.7477, -2.0724]}, "properties": {"radio": "GSM", "range_m": "2646", "samples": "7"}}, {"type": "Feature", "geometry": {"type": "Point", "coordinates": [30.4469, -1.8333]}, "properties": {"radio": "GSM", "range_m": "13136", "samples": "22"}}, {"type": "Feature", "geometry": {"type": "Point", "coordinates": [30.3973, -1.543]}, "properties": {"radio": "GSM", "range_m": "6021", "samples": "13"}}, {"type": "Feature", "geometry": {"type": "Point", "coordinates": [30.3205, -1.6235]}, "properties": {"radio": "GSM", "range_m": "17108", "samples": "3"}}, {"type": "Feature", "geometry": {"type": "Point", "coordinates": [30.3859, -1.4693]}, "properties": {"radio": "GSM", "range_m": "27559", "samples": "15"}}, {"type": "Feature", "geometry": {"type": "Point", "coordinates": [29.7663, -2.3062]}, "properties": {"radio": "GSM", "range_m": "2619", "samples": "19"}}, {"type": "Feature", "geometry": {"type": "Point", "coordinates": [29.5566, -2.4804]}, "properties": {"radio": "GSM", "range_m": "1000", "samples": "5"}}, {"type": "Feature", "geometry": {"type": "Point", "coordinates": [29.43, -2.5238]}, "properties": {"radio": "GSM", "range_m": "2628", "samples": "4"}}, {"type": "Feature", "geometry": {"type": "Point", "coordinates": [29.275, -1.6674]}, "properties": {"radio": "GSM", "range_m": "8652", "samples": "24"}}, {"type": "Feature", "geometry": {"type": "Point", "coordinates": [29.2703, -1.6755]}, "properties": {"radio": "GSM", "range_m": "9145", "samples": "24"}}, {"type": "Feature", "geometry": {"type": "Point", "coordinates": [28.9048, -2.4884]}, "properties": {"radio": "GSM", "range_m": "3470", "samples": "8"}}, {"type": "Feature", "geometry": {"type": "Point", "coordinates": [30.4204, -1.9359]}, "properties": {"radio": "GSM", "range_m": "10983", "samples": "4"}}, {"type": "Feature", "geometry": {"type": "Point", "coordinates": [29.7949, -2.2356]}, "properties": {"radio": "GSM", "range_m": "7674", "samples": "18"}}, {"type": "Feature", "geometry": {"type": "Point", "coordinates": [29.7743, -2.3154]}, "properties": {"radio": "GSM", "range_m": "5453", "samples": "14"}}, {"type": "Feature", "geometry": {"type": "Point", "coordinates": [28.9493, -2.6269]}, "properties": {"radio": "GSM", "range_m": "2396", "samples": "3"}}, {"type": "Feature", "geometry": {"type": "Point", "coordinates": [29.7181, -1.4263]}, "properties": {"radio": "GSM", "range_m": "8846", "samples": "22"}}, {"type": "Feature", "geometry": {"type": "Point", "coordinates": [29.6844, -1.4741]}, "properties": {"radio": "GSM", "range_m": "7284", "samples": "22"}}, {"type": "Feature", "geometry": {"type": "Point", "coordinates": [29.5898, -1.4718]}, "properties": {"radio": "GSM", "range_m": "15012", "samples": "27"}}, {"type": "Feature", "geometry": {"type": "Point", "coordinates": [29.2978, -1.7233]}, "properties": {"radio": "GSM", "range_m": "7116", "samples": "27"}}, {"type": "Feature", "geometry": {"type": "Point", "coordinates": [29.2658, -1.7101]}, "properties": {"radio": "GSM", "range_m": "4152", "samples": "27"}}, {"type": "Feature", "geometry": {"type": "Point", "coordinates": [29.9999, -1.8219]}, "properties": {"radio": "GSM", "range_m": "5868", "samples": "7"}}, {"type": "Feature", "geometry": {"type": "Point", "coordinates": [30.1235, -1.7285]}, "properties": {"radio": "GSM", "range_m": "3096", "samples": "5"}}, {"type": "Feature", "geometry": {"type": "Point", "coordinates": [30.3997, -1.9489]}, "properties": {"radio": "GSM", "range_m": "2908", "samples": "7"}}, {"type": "Feature", "geometry": {"type": "Point", "coordinates": [29.329, -1.6898]}, "properties": {"radio": "GSM", "range_m": "4379", "samples": "3"}}, {"type": "Feature", "geometry": {"type": "Point", "coordinates": [29.7353, -1.3586]}, "properties": {"radio": "GSM", "range_m": "9875", "samples": "9"}}, {"type": "Feature", "geometry": {"type": "Point", "coordinates": [30.4067, -1.7127]}, "properties": {"radio": "GSM", "range_m": "3509", "samples": "7"}}, {"type": "Feature", "geometry": {"type": "Point", "coordinates": [30.403, -1.6424]}, "properties": {"radio": "GSM", "range_m": "19775", "samples": "8"}}, {"type": "Feature", "geometry": {"type": "Point", "coordinates": [29.5577, -1.546]}, "properties": {"radio": "GSM", "range_m": "5507", "samples": "8"}}, {"type": "Feature", "geometry": {"type": "Point", "coordinates": [30.1153, -1.7004]}, "properties": {"radio": "GSM", "range_m": "5109", "samples": "18"}}, {"type": "Feature", "geometry": {"type": "Point", "coordinates": [30.1239, -1.758]}, "properties": {"radio": "UMTS", "range_m": "2367", "samples": "3"}}, {"type": "Feature", "geometry": {"type": "Point", "coordinates": [30.3863, -1.5527]}, "properties": {"radio": "GSM", "range_m": "19683", "samples": "3"}}, {"type": "Feature", "geometry": {"type": "Point", "coordinates": [30.377, -1.3542]}, "properties": {"radio": "GSM", "range_m": "8128", "samples": "9"}}, {"type": "Feature", "geometry": {"type": "Point", "coordinates": [30.0582, -1.5479]}, "properties": {"radio": "GSM", "range_m": "4286", "samples": "5"}}, {"type": "Feature", "geometry": {"type": "Point", "coordinates": [30.3912, -1.5852]}, "properties": {"radio": "GSM", "range_m": "6776", "samples": "7"}}, {"type": "Feature", "geometry": {"type": "Point", "coordinates": [30.1064, -1.6726]}, "properties": {"radio": "GSM", "range_m": "4029", "samples": "16"}}, {"type": "Feature", "geometry": {"type": "Point", "coordinates": [30.3925, -1.5206]}, "properties": {"radio": "GSM", "range_m": "13478", "samples": "11"}}, {"type": "Feature", "geometry": {"type": "Point", "coordinates": [30.3936, -1.4751]}, "properties": {"radio": "GSM", "range_m": "16905", "samples": "8"}}, {"type": "Feature", "geometry": {"type": "Point", "coordinates": [30.1129, -1.8223]}, "properties": {"radio": "GSM", "range_m": "2081", "samples": "2"}}, {"type": "Feature", "geometry": {"type": "Point", "coordinates": [30.4899, -1.8771]}, "properties": {"radio": "GSM", "range_m": "26651", "samples": "27"}}, {"type": "Feature", "geometry": {"type": "Point", "coordinates": [30.4662, -1.9016]}, "properties": {"radio": "GSM", "range_m": "12293", "samples": "25"}}, {"type": "Feature", "geometry": {"type": "Point", "coordinates": [30.4981, -1.9032]}, "properties": {"radio": "GSM", "range_m": "6126", "samples": "24"}}, {"type": "Feature", "geometry": {"type": "Point", "coordinates": [30.377, -1.4527]}, "properties": {"radio": "GSM", "range_m": "16567", "samples": "5"}}, {"type": "Feature", "geometry": {"type": "Point", "coordinates": [30.4681, -1.8449]}, "properties": {"radio": "GSM", "range_m": "12649", "samples": "4"}}, {"type": "Feature", "geometry": {"type": "Point", "coordinates": [30.503, -1.884]}, "properties": {"radio": "GSM", "range_m": "2722", "samples": "5"}}, {"type": "Feature", "geometry": {"type": "Point", "coordinates": [30.3845, -1.5723]}, "properties": {"radio": "GSM", "range_m": "21759", "samples": "12"}}, {"type": "Feature", "geometry": {"type": "Point", "coordinates": [30.1193, -1.7145]}, "properties": {"radio": "UMTS", "range_m": "1958", "samples": "4"}}, {"type": "Feature", "geometry": {"type": "Point", "coordinates": [29.6395, -1.5088]}, "properties": {"radio": "GSM", "range_m": "2806", "samples": "13"}}, {"type": "Feature", "geometry": {"type": "Point", "coordinates": [30.3932, -1.2352]}, "properties": {"radio": "GSM", "range_m": "7550", "samples": "4"}}, {"type": "Feature", "geometry": {"type": "Point", "coordinates": [30.3927, -1.4534]}, "properties": {"radio": "GSM", "range_m": "10392", "samples": "4"}}, {"type": "Feature", "geometry": {"type": "Point", "coordinates": [30.4332, -1.8034]}, "properties": {"radio": "GSM", "range_m": "16194", "samples": "7"}}, {"type": "Feature", "geometry": {"type": "Point", "coordinates": [30.105, -1.6587]}, "properties": {"radio": "UMTS", "range_m": "1000", "samples": "4"}}, {"type": "Feature", "geometry": {"type": "Point", "coordinates": [30.1264, -1.7589]}, "properties": {"radio": "UMTS", "range_m": "1794", "samples": "3"}}, {"type": "Feature", "geometry": {"type": "Point", "coordinates": [29.3839, -1.6447]}, "properties": {"radio": "GSM", "range_m": "1000", "samples": "3"}}, {"type": "Feature", "geometry": {"type": "Point", "coordinates": [29.4305, -1.6212]}, "properties": {"radio": "GSM", "range_m": "5487", "samples": "26"}}, {"type": "Feature", "geometry": {"type": "Point", "coordinates": [29.4277, -1.6234]}, "properties": {"radio": "GSM", "range_m": "5993", "samples": "24"}}, {"type": "Feature", "geometry": {"type": "Point", "coordinates": [29.7155, -1.4319]}, "properties": {"radio": "GSM", "range_m": "5627", "samples": "21"}}, {"type": "Feature", "geometry": {"type": "Point", "coordinates": [30.3955, -1.4708]}, "properties": {"radio": "GSM", "range_m": "8593", "samples": "22"}}, {"type": "Feature", "geometry": {"type": "Point", "coordinates": [30.3951, -1.4283]}, "properties": {"radio": "GSM", "range_m": "18857", "samples": "21"}}, {"type": "Feature", "geometry": {"type": "Point", "coordinates": [29.721, -1.4226]}, "properties": {"radio": "GSM", "range_m": "9802", "samples": "25"}}, {"type": "Feature", "geometry": {"type": "Point", "coordinates": [29.4267, -1.6251]}, "properties": {"radio": "GSM", "range_m": "9540", "samples": "25"}}, {"type": "Feature", "geometry": {"type": "Point", "coordinates": [29.7275, -1.4181]}, "properties": {"radio": "GSM", "range_m": "1704", "samples": "18"}}, {"type": "Feature", "geometry": {"type": "Point", "coordinates": [29.4516, -1.6137]}, "properties": {"radio": "GSM", "range_m": "1000", "samples": "5"}}, {"type": "Feature", "geometry": {"type": "Point", "coordinates": [29.3427, -1.686]}, "properties": {"radio": "GSM", "range_m": "5457", "samples": "7"}}, {"type": "Feature", "geometry": {"type": "Point", "coordinates": [30.0269, -1.4857]}, "properties": {"radio": "GSM", "range_m": "4893", "samples": "5"}}, {"type": "Feature", "geometry": {"type": "Point", "coordinates": [30.4018, -1.6561]}, "properties": {"radio": "GSM", "range_m": "1000", "samples": "3"}}, {"type": "Feature", "geometry": {"type": "Point", "coordinates": [30.7348, -2.2844]}, "properties": {"radio": "GSM", "range_m": "1634", "samples": "6"}}, {"type": "Feature", "geometry": {"type": "Point", "coordinates": [30.6304, -2.2684]}, "properties": {"radio": "GSM", "range_m": "5981", "samples": "9"}}, {"type": "Feature", "geometry": {"type": "Point", "coordinates": [30.579, -2.2748]}, "properties": {"radio": "GSM", "range_m": "3775", "samples": "9"}}, {"type": "Feature", "geometry": {"type": "Point", "coordinates": [30.5801, -2.2809]}, "properties": {"radio": "GSM", "range_m": "1000", "samples": "5"}}, {"type": "Feature", "geometry": {"type": "Point", "coordinates": [30.555, -2.2699]}, "properties": {"radio": "GSM", "range_m": "3901", "samples": "10"}}, {"type": "Feature", "geometry": {"type": "Point", "coordinates": [30.5596, -2.0042]}, "properties": {"radio": "GSM", "range_m": "1844", "samples": "10"}}, {"type": "Feature", "geometry": {"type": "Point", "coordinates": [30.5595, -2.0032]}, "properties": {"radio": "GSM", "range_m": "2695", "samples": "10"}}, {"type": "Feature", "geometry": {"type": "Point", "coordinates": [30.5614, -2.0105]}, "properties": {"radio": "GSM", "range_m": "1851", "samples": "8"}}, {"type": "Feature", "geometry": {"type": "Point", "coordinates": [30.5422, -1.9717]}, "properties": {"radio": "GSM", "range_m": "4911", "samples": "10"}}, {"type": "Feature", "geometry": {"type": "Point", "coordinates": [30.4989, -1.9333]}, "properties": {"radio": "GSM", "range_m": "12150", "samples": "15"}}, {"type": "Feature", "geometry": {"type": "Point", "coordinates": [29.9181, -1.9939]}, "properties": {"radio": "GSM", "range_m": "1676", "samples": "7"}}, {"type": "Feature", "geometry": {"type": "Point", "coordinates": [30.0893, -1.983]}, "properties": {"radio": "GSM", "range_m": "2013", "samples": "22"}}, {"type": "Feature", "geometry": {"type": "Point", "coordinates": [30.2115, -2.2938]}, "properties": {"radio": "GSM", "range_m": "6422", "samples": "7"}}, {"type": "Feature", "geometry": {"type": "Point", "coordinates": [29.7777, -2.2837]}, "properties": {"radio": "GSM", "range_m": "1000", "samples": "4"}}, {"type": "Feature", "geometry": {"type": "Point", "coordinates": [30.1248, -1.7319]}, "properties": {"radio": "GSM", "range_m": "3431", "samples": "3"}}, {"type": "Feature", "geometry": {"type": "Point", "coordinates": [30.3892, -1.6171]}, "properties": {"radio": "GSM", "range_m": "25002", "samples": "24"}}, {"type": "Feature", "geometry": {"type": "Point", "coordinates": [30.3868, -1.6555]}, "properties": {"radio": "GSM", "range_m": "12419", "samples": "7"}}, {"type": "Feature", "geometry": {"type": "Point", "coordinates": [30.3867, -1.6073]}, "properties": {"radio": "GSM", "range_m": "3956", "samples": "21"}}, {"type": "Feature", "geometry": {"type": "Point", "coordinates": [30.4004, -1.6737]}, "properties": {"radio": "GSM", "range_m": "21742", "samples": "22"}}, {"type": "Feature", "geometry": {"type": "Point", "coordinates": [30.279, -1.9143]}, "properties": {"radio": "GSM", "range_m": "6620", "samples": "16"}}, {"type": "Feature", "geometry": {"type": "Point", "coordinates": [30.5641, -2.0165]}, "properties": {"radio": "GSM", "range_m": "1144", "samples": "2"}}, {"type": "Feature", "geometry": {"type": "Point", "coordinates": [30.8297, -2.4444]}, "properties": {"radio": "GSM", "range_m": "1000", "samples": "2"}}, {"type": "Feature", "geometry": {"type": "Point", "coordinates": [29.0324, -2.4514]}, "properties": {"radio": "GSM", "range_m": "6680", "samples": "18"}}, {"type": "Feature", "geometry": {"type": "Point", "coordinates": [28.9622, -2.4788]}, "properties": {"radio": "GSM", "range_m": "3531", "samples": "5"}}, {"type": "Feature", "geometry": {"type": "Point", "coordinates": [29.0183, -2.6113]}, "properties": {"radio": "GSM", "range_m": "1000", "samples": "7"}}, {"type": "Feature", "geometry": {"type": "Point", "coordinates": [29.0178, -2.6145]}, "properties": {"radio": "GSM", "range_m": "2372", "samples": "7"}}, {"type": "Feature", "geometry": {"type": "Point", "coordinates": [29.0177, -2.6097]}, "properties": {"radio": "GSM", "range_m": "1000", "samples": "5"}}, {"type": "Feature", "geometry": {"type": "Point", "coordinates": [29.0145, -2.6368]}, "properties": {"radio": "GSM", "range_m": "1000", "samples": "3"}}, {"type": "Feature", "geometry": {"type": "Point", "coordinates": [29.786, -1.6463]}, "properties": {"radio": "GSM", "range_m": "5992", "samples": "35"}}, {"type": "Feature", "geometry": {"type": "Point", "coordinates": [29.8388, -1.6536]}, "properties": {"radio": "GSM", "range_m": "7789", "samples": "8"}}, {"type": "Feature", "geometry": {"type": "Point", "coordinates": [30.4045, -1.3213]}, "properties": {"radio": "GSM", "range_m": "28597", "samples": "9"}}, {"type": "Feature", "geometry": {"type": "Point", "coordinates": [30.3965, -1.4293]}, "properties": {"radio": "GSM", "range_m": "16554", "samples": "23"}}, {"type": "Feature", "geometry": {"type": "Point", "coordinates": [30.3844, -1.9268]}, "properties": {"radio": "GSM", "range_m": "13753", "samples": "25"}}, {"type": "Feature", "geometry": {"type": "Point", "coordinates": [30.3277, -1.948]}, "properties": {"radio": "GSM", "range_m": "14453", "samples": "20"}}, {"type": "Feature", "geometry": {"type": "Point", "coordinates": [30.393, -1.5657]}, "properties": {"radio": "GSM", "range_m": "14394", "samples": "6"}}, {"type": "Feature", "geometry": {"type": "Point", "coordinates": [30.446, -1.9059]}, "properties": {"radio": "GSM", "range_m": "5453", "samples": "22"}}, {"type": "Feature", "geometry": {"type": "Point", "coordinates": [30.4555, -1.8978]}, "properties": {"radio": "GSM", "range_m": "7027", "samples": "23"}}, {"type": "Feature", "geometry": {"type": "Point", "coordinates": [30.453, -1.895]}, "properties": {"radio": "GSM", "range_m": "6886", "samples": "23"}}, {"type": "Feature", "geometry": {"type": "Point", "coordinates": [29.5879, -1.5147]}, "properties": {"radio": "GSM", "range_m": "1000", "samples": "2"}}, {"type": "Feature", "geometry": {"type": "Point", "coordinates": [30.0955, -1.6693]}, "properties": {"radio": "GSM", "range_m": "1000", "samples": "8"}}, {"type": "Feature", "geometry": {"type": "Point", "coordinates": [30.4106, -1.1924]}, "properties": {"radio": "GSM", "range_m": "7992", "samples": "21"}}, {"type": "Feature", "geometry": {"type": "Point", "coordinates": [30.0921, -1.6091]}, "properties": {"radio": "GSM", "range_m": "6393", "samples": "21"}}, {"type": "Feature", "geometry": {"type": "Point", "coordinates": [30.1026, -1.634]}, "properties": {"radio": "GSM", "range_m": "4814", "samples": "24"}}, {"type": "Feature", "geometry": {"type": "Point", "coordinates": [30.4005, -1.8031]}, "properties": {"radio": "GSM", "range_m": "16417", "samples": "23"}}, {"type": "Feature", "geometry": {"type": "Point", "coordinates": [30.4027, -1.6517]}, "properties": {"radio": "GSM", "range_m": "26948", "samples": "22"}}, {"type": "Feature", "geometry": {"type": "Point", "coordinates": [30.403, -1.6292]}, "properties": {"radio": "GSM", "range_m": "24417", "samples": "25"}}, {"type": "Feature", "geometry": {"type": "Point", "coordinates": [30.3782, -1.379]}, "properties": {"radio": "GSM", "range_m": "12721", "samples": "24"}}, {"type": "Feature", "geometry": {"type": "Point", "coordinates": [30.4115, -1.246]}, "properties": {"radio": "GSM", "range_m": "3641", "samples": "23"}}, {"type": "Feature", "geometry": {"type": "Point", "coordinates": [30.3986, -1.302]}, "properties": {"radio": "GSM", "range_m": "6201", "samples": "23"}}, {"type": "Feature", "geometry": {"type": "Point", "coordinates": [30.4095, -1.2402]}, "properties": {"radio": "GSM", "range_m": "8026", "samples": "21"}}, {"type": "Feature", "geometry": {"type": "Point", "coordinates": [30.3873, -1.3126]}, "properties": {"radio": "GSM", "range_m": "6610", "samples": "25"}}, {"type": "Feature", "geometry": {"type": "Point", "coordinates": [30.4115, -1.1818]}, "properties": {"radio": "GSM", "range_m": "21724", "samples": "25"}}, {"type": "Feature", "geometry": {"type": "Point", "coordinates": [30.4234, -1.1335]}, "properties": {"radio": "GSM", "range_m": "10028", "samples": "26"}}, {"type": "Feature", "geometry": {"type": "Point", "coordinates": [30.4072, -1.2342]}, "properties": {"radio": "GSM", "range_m": "23416", "samples": "21"}}, {"type": "Feature", "geometry": {"type": "Point", "coordinates": [30.4115, -1.233]}, "properties": {"radio": "GSM", "range_m": "7288", "samples": "22"}}, {"type": "Feature", "geometry": {"type": "Point", "coordinates": [29.9187, -1.7481]}, "properties": {"radio": "GSM", "range_m": "6286", "samples": "3"}}, {"type": "Feature", "geometry": {"type": "Point", "coordinates": [29.2764, -1.6742]}, "properties": {"radio": "GSM", "range_m": "4959", "samples": "25"}}, {"type": "Feature", "geometry": {"type": "Point", "coordinates": [29.2745, -1.6815]}, "properties": {"radio": "GSM", "range_m": "7488", "samples": "24"}}, {"type": "Feature", "geometry": {"type": "Point", "coordinates": [29.8108, -2.0553]}, "properties": {"radio": "GSM", "range_m": "5043", "samples": "21"}}, {"type": "Feature", "geometry": {"type": "Point", "coordinates": [29.8175, -2.0518]}, "properties": {"radio": "GSM", "range_m": "7603", "samples": "18"}}, {"type": "Feature", "geometry": {"type": "Point", "coordinates": [29.7634, -2.0802]}, "properties": {"radio": "GSM", "range_m": "5269", "samples": "5"}}, {"type": "Feature", "geometry": {"type": "Point", "coordinates": [30.1018, -1.6468]}, "properties": {"radio": "GSM", "range_m": "3457", "samples": "20"}}, {"type": "Feature", "geometry": {"type": "Point", "coordinates": [29.2701, -1.6759]}, "properties": {"radio": "GSM", "range_m": "3711", "samples": "21"}}, {"type": "Feature", "geometry": {"type": "Point", "coordinates": [29.5629, -1.5397]}, "properties": {"radio": "GSM", "range_m": "4299", "samples": "24"}}, {"type": "Feature", "geometry": {"type": "Point", "coordinates": [30.3939, -1.9277]}, "properties": {"radio": "GSM", "range_m": "10615", "samples": "11"}}, {"type": "Feature", "geometry": {"type": "Point", "coordinates": [29.602, -1.5101]}, "properties": {"radio": "GSM", "range_m": "5705", "samples": "27"}}, {"type": "Feature", "geometry": {"type": "Point", "coordinates": [29.7395, -1.3395]}, "properties": {"radio": "GSM", "range_m": "1000", "samples": "18"}}, {"type": "Feature", "geometry": {"type": "Point", "coordinates": [29.4581, -1.616]}, "properties": {"radio": "GSM", "range_m": "9201", "samples": "26"}}, {"type": "Feature", "geometry": {"type": "Point", "coordinates": [29.5858, -1.5226]}, "properties": {"radio": "GSM", "range_m": "9177", "samples": "27"}}, {"type": "Feature", "geometry": {"type": "Point", "coordinates": [29.5765, -1.5274]}, "properties": {"radio": "GSM", "range_m": "9336", "samples": "25"}}, {"type": "Feature", "geometry": {"type": "Point", "coordinates": [29.5666, -1.5362]}, "properties": {"radio": "GSM", "range_m": "2767", "samples": "27"}}, {"type": "Feature", "geometry": {"type": "Point", "coordinates": [29.4127, -1.633]}, "properties": {"radio": "GSM", "range_m": "8284", "samples": "26"}}, {"type": "Feature", "geometry": {"type": "Point", "coordinates": [29.4465, -1.6185]}, "properties": {"radio": "GSM", "range_m": "3646", "samples": "27"}}, {"type": "Feature", "geometry": {"type": "Point", "coordinates": [30.0107, -1.4209]}, "properties": {"radio": "GSM", "range_m": "3585", "samples": "23"}}, {"type": "Feature", "geometry": {"type": "Point", "coordinates": [29.3902, -1.6429]}, "properties": {"radio": "GSM", "range_m": "2649", "samples": "23"}}, {"type": "Feature", "geometry": {"type": "Point", "coordinates": [29.3979, -1.6405]}, "properties": {"radio": "GSM", "range_m": "8201", "samples": "26"}}, {"type": "Feature", "geometry": {"type": "Point", "coordinates": [29.3214, -1.7526]}, "properties": {"radio": "GSM", "range_m": "8436", "samples": "23"}}, {"type": "Feature", "geometry": {"type": "Point", "coordinates": [30.1259, -1.7763]}, "properties": {"radio": "GSM", "range_m": "6084", "samples": "22"}}, {"type": "Feature", "geometry": {"type": "Point", "coordinates": [30.1277, -1.7795]}, "properties": {"radio": "GSM", "range_m": "4830", "samples": "24"}}, {"type": "Feature", "geometry": {"type": "Point", "coordinates": [30.12, -1.7208]}, "properties": {"radio": "GSM", "range_m": "7175", "samples": "22"}}, {"type": "Feature", "geometry": {"type": "Point", "coordinates": [30.0917, -1.6064]}, "properties": {"radio": "UMTS", "range_m": "1000", "samples": "3"}}, {"type": "Feature", "geometry": {"type": "Point", "coordinates": [30.0917, -1.6585]}, "properties": {"radio": "GSM", "range_m": "9089", "samples": "26"}}, {"type": "Feature", "geometry": {"type": "Point", "coordinates": [30.3813, -1.3035]}, "properties": {"radio": "GSM", "range_m": "12253", "samples": "23"}}, {"type": "Feature", "geometry": {"type": "Point", "coordinates": [30.402, -1.6482]}, "properties": {"radio": "GSM", "range_m": "27845", "samples": "25"}}, {"type": "Feature", "geometry": {"type": "Point", "coordinates": [30.396, -1.4524]}, "properties": {"radio": "GSM", "range_m": "6570", "samples": "3"}}, {"type": "Feature", "geometry": {"type": "Point", "coordinates": [30.0289, -1.4893]}, "properties": {"radio": "GSM", "range_m": "8028", "samples": "21"}}, {"type": "Feature", "geometry": {"type": "Point", "coordinates": [30.0501, -1.5394]}, "properties": {"radio": "GSM", "range_m": "3545", "samples": "23"}}, {"type": "Feature", "geometry": {"type": "Point", "coordinates": [30.1256, -1.765]}, "properties": {"radio": "GSM", "range_m": "4718", "samples": "23"}}, {"type": "Feature", "geometry": {"type": "Point", "coordinates": [30.1183, -1.7117]}, "properties": {"radio": "GSM", "range_m": "6207", "samples": "23"}}, {"type": "Feature", "geometry": {"type": "Point", "coordinates": [30.4727, -1.8618]}, "properties": {"radio": "GSM", "range_m": "26202", "samples": "21"}}, {"type": "Feature", "geometry": {"type": "Point", "coordinates": [30.4602, -1.8342]}, "properties": {"radio": "GSM", "range_m": "7429", "samples": "4"}}, {"type": "Feature", "geometry": {"type": "Point", "coordinates": [30.3783, -1.3907]}, "properties": {"radio": "GSM", "range_m": "16899", "samples": "24"}}, {"type": "Feature", "geometry": {"type": "Point", "coordinates": [30.1204, -1.7148]}, "properties": {"radio": "GSM", "range_m": "3558", "samples": "22"}}, {"type": "Feature", "geometry": {"type": "Point", "coordinates": [29.6413, -1.5078]}, "properties": {"radio": "GSM", "range_m": "1000", "samples": "5"}}, {"type": "Feature", "geometry": {"type": "Point", "coordinates": [30.5258, -1.972]}, "properties": {"radio": "GSM", "range_m": "15203", "samples": "3"}}, {"type": "Feature", "geometry": {"type": "Point", "coordinates": [30.411, -1.937]}, "properties": {"radio": "GSM", "range_m": "9213", "samples": "12"}}, {"type": "Feature", "geometry": {"type": "Point", "coordinates": [30.0824, -2.1021]}, "properties": {"radio": "GSM", "range_m": "7973", "samples": "10"}}, {"type": "Feature", "geometry": {"type": "Point", "coordinates": [30.1597, -2.1416]}, "properties": {"radio": "GSM", "range_m": "10154", "samples": "5"}}, {"type": "Feature", "geometry": {"type": "Point", "coordinates": [30.4827, -1.8812]}, "properties": {"radio": "GSM", "range_m": "16560", "samples": "22"}}, {"type": "Feature", "geometry": {"type": "Point", "coordinates": [30.4528, -1.0578]}, "properties": {"radio": "GSM", "range_m": "4854", "samples": "10"}}, {"type": "Feature", "geometry": {"type": "Point", "coordinates": [30.3906, -1.5965]}, "properties": {"radio": "GSM", "range_m": "3494", "samples": "8"}}, {"type": "Feature", "geometry": {"type": "Point", "coordinates": [30.4067, -1.662]}, "properties": {"radio": "GSM", "range_m": "1000", "samples": "3"}}, {"type": "Feature", "geometry": {"type": "Point", "coordinates": [30.3984, -1.5343]}, "properties": {"radio": "GSM", "range_m": "3646", "samples": "24"}}, {"type": "Feature", "geometry": {"type": "Point", "coordinates": [30.559, -2.2211]}, "properties": {"radio": "GSM", "range_m": "4936", "samples": "6"}}, {"type": "Feature", "geometry": {"type": "Point", "coordinates": [30.5661, -2.1906]}, "properties": {"radio": "GSM", "range_m": "3580", "samples": "8"}}, {"type": "Feature", "geometry": {"type": "Point", "coordinates": [30.692, -2.2763]}, "properties": {"radio": "GSM", "range_m": "5287", "samples": "12"}}, {"type": "Feature", "geometry": {"type": "Point", "coordinates": [30.7386, -2.31]}, "properties": {"radio": "GSM", "range_m": "7839", "samples": "7"}}, {"type": "Feature", "geometry": {"type": "Point", "coordinates": [29.3741, -1.6525]}, "properties": {"radio": "GSM", "range_m": "1000", "samples": "2"}}, {"type": "Feature", "geometry": {"type": "Point", "coordinates": [29.3459, -1.6886]}, "properties": {"radio": "GSM", "range_m": "7486", "samples": "25"}}, {"type": "Feature", "geometry": {"type": "Point", "coordinates": [29.3354, -1.6816]}, "properties": {"radio": "GSM", "range_m": "8118", "samples": "22"}}, {"type": "Feature", "geometry": {"type": "Point", "coordinates": [30.0971, -1.8237]}, "properties": {"radio": "GSM", "range_m": "4391", "samples": "22"}}, {"type": "Feature", "geometry": {"type": "Point", "coordinates": [29.3381, -1.6917]}, "properties": {"radio": "GSM", "range_m": "7499", "samples": "22"}}, {"type": "Feature", "geometry": {"type": "Point", "coordinates": [29.2537, -1.7017]}, "properties": {"radio": "GSM", "range_m": "2266", "samples": "13"}}, {"type": "Feature", "geometry": {"type": "Point", "coordinates": [29.2509, -1.6993]}, "properties": {"radio": "GSM", "range_m": "2675", "samples": "23"}}, {"type": "Feature", "geometry": {"type": "Point", "coordinates": [30.1062, -1.8169]}, "properties": {"radio": "GSM", "range_m": "3543", "samples": "23"}}, {"type": "Feature", "geometry": {"type": "Point", "coordinates": [30.3944, -1.307]}, "properties": {"radio": "GSM", "range_m": "3057", "samples": "25"}}, {"type": "Feature", "geometry": {"type": "Point", "coordinates": [30.3957, -1.3233]}, "properties": {"radio": "GSM", "range_m": "17309", "samples": "21"}}, {"type": "Feature", "geometry": {"type": "Point", "coordinates": [30.3932, -1.3239]}, "properties": {"radio": "GSM", "range_m": "11924", "samples": "25"}}, {"type": "Feature", "geometry": {"type": "Point", "coordinates": [30.3885, -1.5947]}, "properties": {"radio": "GSM", "range_m": "5221", "samples": "23"}}, {"type": "Feature", "geometry": {"type": "Point", "coordinates": [30.404, -1.6663]}, "properties": {"radio": "GSM", "range_m": "2537", "samples": "3"}}, {"type": "Feature", "geometry": {"type": "Point", "coordinates": [30.3905, -1.6346]}, "properties": {"radio": "GSM", "range_m": "19144", "samples": "24"}}, {"type": "Feature", "geometry": {"type": "Point", "coordinates": [30.3877, -1.6361]}, "properties": {"radio": "GSM", "range_m": "15495", "samples": "21"}}, {"type": "Feature", "geometry": {"type": "Point", "coordinates": [30.0905, -1.8595]}, "properties": {"radio": "GSM", "range_m": "10116", "samples": "24"}}, {"type": "Feature", "geometry": {"type": "Point", "coordinates": [30.093, -1.8598]}, "properties": {"radio": "GSM", "range_m": "9131", "samples": "26"}}, {"type": "Feature", "geometry": {"type": "Point", "coordinates": [29.6929, -1.4657]}, "properties": {"radio": "GSM", "range_m": "3079", "samples": "22"}}, {"type": "Feature", "geometry": {"type": "Point", "coordinates": [29.6713, -1.4862]}, "properties": {"radio": "GSM", "range_m": "7179", "samples": "22"}}, {"type": "Feature", "geometry": {"type": "Point", "coordinates": [30.4075, -1.276]}, "properties": {"radio": "GSM", "range_m": "17629", "samples": "25"}}, {"type": "Feature", "geometry": {"type": "Point", "coordinates": [30.3923, -1.6466]}, "properties": {"radio": "GSM", "range_m": "2667", "samples": "23"}}, {"type": "Feature", "geometry": {"type": "Point", "coordinates": [30.4656, -1.8404]}, "properties": {"radio": "GSM", "range_m": "7378", "samples": "21"}}, {"type": "Feature", "geometry": {"type": "Point", "coordinates": [30.4979, -1.8954]}, "properties": {"radio": "GSM", "range_m": "13682", "samples": "22"}}, {"type": "Feature", "geometry": {"type": "Point", "coordinates": [30.4493, -1.9157]}, "properties": {"radio": "GSM", "range_m": "7717", "samples": "22"}}, {"type": "Feature", "geometry": {"type": "Point", "coordinates": [30.4358, -1.9309]}, "properties": {"radio": "GSM", "range_m": "5899", "samples": "21"}}, {"type": "Feature", "geometry": {"type": "Point", "coordinates": [29.6738, -1.4902]}, "properties": {"radio": "GSM", "range_m": "8128", "samples": "22"}}, {"type": "Feature", "geometry": {"type": "Point", "coordinates": [29.6576, -1.4937]}, "properties": {"radio": "GSM", "range_m": "8913", "samples": "23"}}, {"type": "Feature", "geometry": {"type": "Point", "coordinates": [29.6588, -1.4988]}, "properties": {"radio": "GSM", "range_m": "8506", "samples": "24"}}, {"type": "Feature", "geometry": {"type": "Point", "coordinates": [29.6366, -1.4992]}, "properties": {"radio": "GSM", "range_m": "5270", "samples": "12"}}, {"type": "Feature", "geometry": {"type": "Point", "coordinates": [30.4806, -1.8893]}, "properties": {"radio": "GSM", "range_m": "9256", "samples": "21"}}, {"type": "Feature", "geometry": {"type": "Point", "coordinates": [30.4526, -1.9062]}, "properties": {"radio": "GSM", "range_m": "10710", "samples": "25"}}, {"type": "Feature", "geometry": {"type": "Point", "coordinates": [29.5332, -1.5749]}, "properties": {"radio": "GSM", "range_m": "5711", "samples": "25"}}, {"type": "Feature", "geometry": {"type": "Point", "coordinates": [29.5318, -1.5766]}, "properties": {"radio": "GSM", "range_m": "5659", "samples": "21"}}, {"type": "Feature", "geometry": {"type": "Point", "coordinates": [30.3898, -1.5919]}, "properties": {"radio": "GSM", "range_m": "1000", "samples": "5"}}, {"type": "Feature", "geometry": {"type": "Point", "coordinates": [30.3942, -1.29]}, "properties": {"radio": "GSM", "range_m": "13766", "samples": "4"}}, {"type": "Feature", "geometry": {"type": "Point", "coordinates": [30.3892, -1.5961]}, "properties": {"radio": "GSM", "range_m": "7809", "samples": "25"}}, {"type": "Feature", "geometry": {"type": "Point", "coordinates": [30.3876, -1.4398]}, "properties": {"radio": "GSM", "range_m": "17013", "samples": "24"}}, {"type": "Feature", "geometry": {"type": "Point", "coordinates": [29.2833, -1.6707]}, "properties": {"radio": "GSM", "range_m": "7607", "samples": "23"}}, {"type": "Feature", "geometry": {"type": "Point", "coordinates": [29.2766, -1.6655]}, "properties": {"radio": "GSM", "range_m": "4139", "samples": "23"}}, {"type": "Feature", "geometry": {"type": "Point", "coordinates": [29.2823, -1.6686]}, "properties": {"radio": "GSM", "range_m": "6981", "samples": "21"}}, {"type": "Feature", "geometry": {"type": "Point", "coordinates": [29.2936, -1.6688]}, "properties": {"radio": "GSM", "range_m": "7591", "samples": "21"}}, {"type": "Feature", "geometry": {"type": "Point", "coordinates": [30.4568, -1.053]}, "properties": {"radio": "GSM", "range_m": "1339", "samples": "22"}}, {"type": "Feature", "geometry": {"type": "Point", "coordinates": [29.703, -1.4486]}, "properties": {"radio": "GSM", "range_m": "6021", "samples": "17"}}, {"type": "Feature", "geometry": {"type": "Point", "coordinates": [29.5406, -1.5677]}, "properties": {"radio": "GSM", "range_m": "7297", "samples": "23"}}, {"type": "Feature", "geometry": {"type": "Point", "coordinates": [30.4511, -1.0734]}, "properties": {"radio": "GSM", "range_m": "4191", "samples": "21"}}, {"type": "Feature", "geometry": {"type": "Point", "coordinates": [30.4442, -1.9039]}, "properties": {"radio": "GSM", "range_m": "8129", "samples": "21"}}, {"type": "Feature", "geometry": {"type": "Point", "coordinates": [30.4454, -1.9412]}, "properties": {"radio": "GSM", "range_m": "9165", "samples": "25"}}, {"type": "Feature", "geometry": {"type": "Point", "coordinates": [30.4391, -1.9364]}, "properties": {"radio": "GSM", "range_m": "15306", "samples": "27"}}, {"type": "Feature", "geometry": {"type": "Point", "coordinates": [30.4489, -1.937]}, "properties": {"radio": "GSM", "range_m": "7538", "samples": "26"}}, {"type": "Feature", "geometry": {"type": "Point", "coordinates": [30.3949, -1.5523]}, "properties": {"radio": "GSM", "range_m": "10823", "samples": "11"}}, {"type": "Feature", "geometry": {"type": "Point", "coordinates": [30.4438, -1.0553]}, "properties": {"radio": "GSM", "range_m": "5769", "samples": "5"}}, {"type": "Feature", "geometry": {"type": "Point", "coordinates": [30.4575, -1.0502]}, "properties": {"radio": "GSM", "range_m": "1000", "samples": "5"}}, {"type": "Feature", "geometry": {"type": "Point", "coordinates": [29.5451, -1.5644]}, "properties": {"radio": "GSM", "range_m": "7996", "samples": "25"}}, {"type": "Feature", "geometry": {"type": "Point", "coordinates": [29.5289, -1.5819]}, "properties": {"radio": "GSM", "range_m": "8895", "samples": "23"}}, {"type": "Feature", "geometry": {"type": "Point", "coordinates": [29.5593, -1.5462]}, "properties": {"radio": "GSM", "range_m": "5466", "samples": "26"}}, {"type": "Feature", "geometry": {"type": "Point", "coordinates": [29.5966, -1.511]}, "properties": {"radio": "GSM", "range_m": "4734", "samples": "26"}}, {"type": "Feature", "geometry": {"type": "Point", "coordinates": [29.6655, -1.4898]}, "properties": {"radio": "GSM", "range_m": "9770", "samples": "23"}}, {"type": "Feature", "geometry": {"type": "Point", "coordinates": [29.2808, -1.7392]}, "properties": {"radio": "GSM", "range_m": "1000", "samples": "23"}}, {"type": "Feature", "geometry": {"type": "Point", "coordinates": [30.1289, -2.1756]}, "properties": {"radio": "GSM", "range_m": "16193", "samples": "10"}}, {"type": "Feature", "geometry": {"type": "Point", "coordinates": [30.103, -1.8335]}, "properties": {"radio": "GSM", "range_m": "2070", "samples": "2"}}, {"type": "Feature", "geometry": {"type": "Point", "coordinates": [29.59, -1.5132]}, "properties": {"radio": "GSM", "range_m": "3607", "samples": "23"}}, {"type": "Feature", "geometry": {"type": "Point", "coordinates": [30.3926, -1.408]}, "properties": {"radio": "GSM", "range_m": "12563", "samples": "22"}}, {"type": "Feature", "geometry": {"type": "Point", "coordinates": [30.3909, -1.4823]}, "properties": {"radio": "GSM", "range_m": "17849", "samples": "11"}}, {"type": "Feature", "geometry": {"type": "Point", "coordinates": [30.4021, -1.4863]}, "properties": {"radio": "GSM", "range_m": "6314", "samples": "24"}}, {"type": "Feature", "geometry": {"type": "Point", "coordinates": [30.404, -1.4783]}, "properties": {"radio": "GSM", "range_m": "20199", "samples": "22"}}, {"type": "Feature", "geometry": {"type": "Point", "coordinates": [30.5052, -1.8984]}, "properties": {"radio": "GSM", "range_m": "1723", "samples": "26"}}, {"type": "Feature", "geometry": {"type": "Point", "coordinates": [30.4991, -1.8994]}, "properties": {"radio": "GSM", "range_m": "13388", "samples": "25"}}, {"type": "Feature", "geometry": {"type": "Point", "coordinates": [30.4112, -1.7505]}, "properties": {"radio": "GSM", "range_m": "10776", "samples": "3"}}, {"type": "Feature", "geometry": {"type": "Point", "coordinates": [30.4027, -1.5023]}, "properties": {"radio": "GSM", "range_m": "5174", "samples": "21"}}, {"type": "Feature", "geometry": {"type": "Point", "coordinates": [30.4667, -1.848]}, "properties": {"radio": "GSM", "range_m": "21440", "samples": "20"}}, {"type": "Feature", "geometry": {"type": "Point", "coordinates": [30.1042, -2.0768]}, "properties": {"radio": "GSM", "range_m": "7492", "samples": "9"}}, {"type": "Feature", "geometry": {"type": "Point", "coordinates": [30.1545, -2.1616]}, "properties": {"radio": "GSM", "range_m": "6049", "samples": "6"}}, {"type": "Feature", "geometry": {"type": "Point", "coordinates": [30.0887, -2.1384]}, "properties": {"radio": "GSM", "range_m": "4395", "samples": "6"}}, {"type": "Feature", "geometry": {"type": "Point", "coordinates": [30.1038, -2.1495]}, "properties": {"radio": "GSM", "range_m": "3633", "samples": "15"}}, {"type": "Feature", "geometry": {"type": "Point", "coordinates": [30.1656, -2.1676]}, "properties": {"radio": "GSM", "range_m": "5005", "samples": "7"}}, {"type": "Feature", "geometry": {"type": "Point", "coordinates": [30.1717, -2.156]}, "properties": {"radio": "GSM", "range_m": "6414", "samples": "7"}}, {"type": "Feature", "geometry": {"type": "Point", "coordinates": [30.1782, -2.1487]}, "properties": {"radio": "GSM", "range_m": "1000", "samples": "6"}}, {"type": "Feature", "geometry": {"type": "Point", "coordinates": [30.1739, -2.1472]}, "properties": {"radio": "GSM", "range_m": "4259", "samples": "8"}}, {"type": "Feature", "geometry": {"type": "Point", "coordinates": [30.1277, -2.184]}, "properties": {"radio": "GSM", "range_m": "7162", "samples": "17"}}, {"type": "Feature", "geometry": {"type": "Point", "coordinates": [30.1756, -2.1469]}, "properties": {"radio": "GSM", "range_m": "1000", "samples": "5"}}, {"type": "Feature", "geometry": {"type": "Point", "coordinates": [30.1545, -2.1751]}, "properties": {"radio": "GSM", "range_m": "5660", "samples": "8"}}, {"type": "Feature", "geometry": {"type": "Point", "coordinates": [30.2693, -2.0519]}, "properties": {"radio": "GSM", "range_m": "14710", "samples": "2"}}, {"type": "Feature", "geometry": {"type": "Point", "coordinates": [30.094, -2.1462]}, "properties": {"radio": "GSM", "range_m": "2079", "samples": "10"}}, {"type": "Feature", "geometry": {"type": "Point", "coordinates": [29.5919, -1.5134]}, "properties": {"radio": "GSM", "range_m": "5044", "samples": "26"}}, {"type": "Feature", "geometry": {"type": "Point", "coordinates": [29.697, -1.4547]}, "properties": {"radio": "GSM", "range_m": "8932", "samples": "23"}}, {"type": "Feature", "geometry": {"type": "Point", "coordinates": [30.3916, -1.7543]}, "properties": {"radio": "GSM", "range_m": "5683", "samples": "22"}}, {"type": "Feature", "geometry": {"type": "Point", "coordinates": [30.3991, -1.7504]}, "properties": {"radio": "GSM", "range_m": "22218", "samples": "22"}}, {"type": "Feature", "geometry": {"type": "Point", "coordinates": [29.74, -1.3404]}, "properties": {"radio": "GSM", "range_m": "1000", "samples": "5"}}, {"type": "Feature", "geometry": {"type": "Point", "coordinates": [29.6175, -1.5032]}, "properties": {"radio": "GSM", "range_m": "6693", "samples": "24"}}, {"type": "Feature", "geometry": {"type": "Point", "coordinates": [30.4021, -1.525]}, "properties": {"radio": "GSM", "range_m": "35208", "samples": "24"}}, {"type": "Feature", "geometry": {"type": "Point", "coordinates": [30.1316, -2.191]}, "properties": {"radio": "GSM", "range_m": "6133", "samples": "9"}}, {"type": "Feature", "geometry": {"type": "Point", "coordinates": [30.2046, -2.2463]}, "properties": {"radio": "GSM", "range_m": "3939", "samples": "10"}}, {"type": "Feature", "geometry": {"type": "Point", "coordinates": [30.2056, -2.2318]}, "properties": {"radio": "GSM", "range_m": "3674", "samples": "3"}}, {"type": "Feature", "geometry": {"type": "Point", "coordinates": [30.2186, -2.2824]}, "properties": {"radio": "GSM", "range_m": "2061", "samples": "22"}}, {"type": "Feature", "geometry": {"type": "Point", "coordinates": [30.2139, -2.267]}, "properties": {"radio": "GSM", "range_m": "5538", "samples": "17"}}, {"type": "Feature", "geometry": {"type": "Point", "coordinates": [30.215, -2.2743]}, "properties": {"radio": "GSM", "range_m": "6303", "samples": "18"}}, {"type": "Feature", "geometry": {"type": "Point", "coordinates": [30.1032, -2.1672]}, "properties": {"radio": "GSM", "range_m": "1578", "samples": "6"}}, {"type": "Feature", "geometry": {"type": "Point", "coordinates": [30.1022, -2.1621]}, "properties": {"radio": "GSM", "range_m": "1000", "samples": "8"}}, {"type": "Feature", "geometry": {"type": "Point", "coordinates": [30.1094, -2.1767]}, "properties": {"radio": "GSM", "range_m": "7217", "samples": "15"}}, {"type": "Feature", "geometry": {"type": "Point", "coordinates": [30.1158, -2.1823]}, "properties": {"radio": "GSM", "range_m": "8391", "samples": "20"}}, {"type": "Feature", "geometry": {"type": "Point", "coordinates": [30.4388, -1.942]}, "properties": {"radio": "GSM", "range_m": "5164", "samples": "26"}}, {"type": "Feature", "geometry": {"type": "Point", "coordinates": [30.4414, -1.9434]}, "properties": {"radio": "GSM", "range_m": "6357", "samples": "24"}}, {"type": "Feature", "geometry": {"type": "Point", "coordinates": [30.4449, -1.9392]}, "properties": {"radio": "GSM", "range_m": "9201", "samples": "15"}}, {"type": "Feature", "geometry": {"type": "Point", "coordinates": [30.4794, -1.8742]}, "properties": {"radio": "GSM", "range_m": "3050", "samples": "6"}}, {"type": "Feature", "geometry": {"type": "Point", "coordinates": [30.1191, -1.7115]}, "properties": {"radio": "GSM", "range_m": "2362", "samples": "3"}}, {"type": "Feature", "geometry": {"type": "Point", "coordinates": [29.6298, -1.4984]}, "properties": {"radio": "GSM", "range_m": "1000", "samples": "2"}}, {"type": "Feature", "geometry": {"type": "Point", "coordinates": [30.4766, -1.8678]}, "properties": {"radio": "GSM", "range_m": "4278", "samples": "2"}}, {"type": "Feature", "geometry": {"type": "Point", "coordinates": [30.3532, -1.9141]}, "properties": {"radio": "GSM", "range_m": "16298", "samples": "21"}}, {"type": "Feature", "geometry": {"type": "Point", "coordinates": [30.3673, -1.8917]}, "properties": {"radio": "GSM", "range_m": "13786", "samples": "23"}}, {"type": "Feature", "geometry": {"type": "Point", "coordinates": [30.3839, -1.936]}, "properties": {"radio": "GSM", "range_m": "14415", "samples": "27"}}, {"type": "Feature", "geometry": {"type": "Point", "coordinates": [30.3826, -1.3682]}, "properties": {"radio": "GSM", "range_m": "19845", "samples": "23"}}, {"type": "Feature", "geometry": {"type": "Point", "coordinates": [30.3987, -1.4738]}, "properties": {"radio": "GSM", "range_m": "7566", "samples": "9"}}, {"type": "Feature", "geometry": {"type": "Point", "coordinates": [30.3832, -1.8641]}, "properties": {"radio": "GSM", "range_m": "12209", "samples": "11"}}, {"type": "Feature", "geometry": {"type": "Point", "coordinates": [29.3581, -1.6712]}, "properties": {"radio": "GSM", "range_m": "5292", "samples": "24"}}, {"type": "Feature", "geometry": {"type": "Point", "coordinates": [29.3583, -1.6715]}, "properties": {"radio": "GSM", "range_m": "8273", "samples": "23"}}, {"type": "Feature", "geometry": {"type": "Point", "coordinates": [30.3976, -1.4591]}, "properties": {"radio": "GSM", "range_m": "5031", "samples": "11"}}, {"type": "Feature", "geometry": {"type": "Point", "coordinates": [30.0114, -1.4247]}, "properties": {"radio": "GSM", "range_m": "1000", "samples": "10"}}, {"type": "Feature", "geometry": {"type": "Point", "coordinates": [29.7408, -1.3511]}, "properties": {"radio": "GSM", "range_m": "5369", "samples": "14"}}, {"type": "Feature", "geometry": {"type": "Point", "coordinates": [29.7128, -1.4376]}, "properties": {"radio": "GSM", "range_m": "6454", "samples": "14"}}, {"type": "Feature", "geometry": {"type": "Point", "coordinates": [29.6065, -1.5096]}, "properties": {"radio": "GSM", "range_m": "6978", "samples": "20"}}, {"type": "Feature", "geometry": {"type": "Point", "coordinates": [29.3616, -1.6612]}, "properties": {"radio": "GSM", "range_m": "9671", "samples": "25"}}, {"type": "Feature", "geometry": {"type": "Point", "coordinates": [30.3831, -1.9511]}, "properties": {"radio": "GSM", "range_m": "5570", "samples": "21"}}, {"type": "Feature", "geometry": {"type": "Point", "coordinates": [30.3829, -1.9508]}, "properties": {"radio": "GSM", "range_m": "4550", "samples": "21"}}, {"type": "Feature", "geometry": {"type": "Point", "coordinates": [30.3905, -1.9264]}, "properties": {"radio": "GSM", "range_m": "14361", "samples": "24"}}, {"type": "Feature", "geometry": {"type": "Point", "coordinates": [29.3247, -1.6908]}, "properties": {"radio": "GSM", "range_m": "7230", "samples": "18"}}, {"type": "Feature", "geometry": {"type": "Point", "coordinates": [30.3599, -1.9568]}, "properties": {"radio": "GSM", "range_m": "6924", "samples": "25"}}, {"type": "Feature", "geometry": {"type": "Point", "coordinates": [30.3465, -1.9455]}, "properties": {"radio": "GSM", "range_m": "8400", "samples": "18"}}, {"type": "Feature", "geometry": {"type": "Point", "coordinates": [30.5014, -1.8655]}, "properties": {"radio": "GSM", "range_m": "22826", "samples": "16"}}, {"type": "Feature", "geometry": {"type": "Point", "coordinates": [30.1036, -1.974]}, "properties": {"radio": "GSM", "range_m": "2235", "samples": "10"}}, {"type": "Feature", "geometry": {"type": "Point", "coordinates": [30.1422, -2.2115]}, "properties": {"radio": "GSM", "range_m": "18246", "samples": "13"}}, {"type": "Feature", "geometry": {"type": "Point", "coordinates": [30.1339, -2.2026]}, "properties": {"radio": "GSM", "range_m": "5941", "samples": "15"}}, {"type": "Feature", "geometry": {"type": "Point", "coordinates": [30.1569, -2.2052]}, "properties": {"radio": "GSM", "range_m": "6388", "samples": "15"}}, {"type": "Feature", "geometry": {"type": "Point", "coordinates": [30.2149, -2.2769]}, "properties": {"radio": "GSM", "range_m": "7642", "samples": "25"}}, {"type": "Feature", "geometry": {"type": "Point", "coordinates": [30.214, -2.2683]}, "properties": {"radio": "GSM", "range_m": "5674", "samples": "20"}}, {"type": "Feature", "geometry": {"type": "Point", "coordinates": [30.2175, -2.2797]}, "properties": {"radio": "GSM", "range_m": "2524", "samples": "22"}}, {"type": "Feature", "geometry": {"type": "Point", "coordinates": [30.156, -2.218]}, "properties": {"radio": "GSM", "range_m": "7639", "samples": "5"}}, {"type": "Feature", "geometry": {"type": "Point", "coordinates": [30.2173, -2.2856]}, "properties": {"radio": "GSM", "range_m": "1285", "samples": "4"}}, {"type": "Feature", "geometry": {"type": "Point", "coordinates": [30.1387, -2.2045]}, "properties": {"radio": "GSM", "range_m": "3003", "samples": "8"}}, {"type": "Feature", "geometry": {"type": "Point", "coordinates": [30.1809, -1.9745]}, "properties": {"radio": "GSM", "range_m": "8235", "samples": "16"}}, {"type": "Feature", "geometry": {"type": "Point", "coordinates": [30.2391, -1.9547]}, "properties": {"radio": "GSM", "range_m": "8225", "samples": "13"}}, {"type": "Feature", "geometry": {"type": "Point", "coordinates": [30.1299, -2.1982]}, "properties": {"radio": "GSM", "range_m": "3316", "samples": "10"}}, {"type": "Feature", "geometry": {"type": "Point", "coordinates": [30.2072, -2.2376]}, "properties": {"radio": "GSM", "range_m": "4339", "samples": "5"}}, {"type": "Feature", "geometry": {"type": "Point", "coordinates": [30.4343, -1.8647]}, "properties": {"radio": "GSM", "range_m": "9440", "samples": "8"}}, {"type": "Feature", "geometry": {"type": "Point", "coordinates": [30.4018, -1.2231]}, "properties": {"radio": "GSM", "range_m": "17496", "samples": "23"}}, {"type": "Feature", "geometry": {"type": "Point", "coordinates": [29.6167, -1.5041]}, "properties": {"radio": "GSM", "range_m": "2429", "samples": "27"}}, {"type": "Feature", "geometry": {"type": "Point", "coordinates": [30.1694, -2.2223]}, "properties": {"radio": "GSM", "range_m": "3694", "samples": "4"}}, {"type": "Feature", "geometry": {"type": "Point", "coordinates": [30.1129, -2.1878]}, "properties": {"radio": "GSM", "range_m": "2706", "samples": "6"}}, {"type": "Feature", "geometry": {"type": "Point", "coordinates": [30.1529, -2.2142]}, "properties": {"radio": "GSM", "range_m": "6732", "samples": "10"}}, {"type": "Feature", "geometry": {"type": "Point", "coordinates": [30.4295, -1.8196]}, "properties": {"radio": "GSM", "range_m": "14225", "samples": "11"}}, {"type": "Feature", "geometry": {"type": "Point", "coordinates": [30.2989, -1.925]}, "properties": {"radio": "GSM", "range_m": "13921", "samples": "27"}}, {"type": "Feature", "geometry": {"type": "Point", "coordinates": [30.3849, -1.391]}, "properties": {"radio": "GSM", "range_m": "2601", "samples": "4"}}, {"type": "Feature", "geometry": {"type": "Point", "coordinates": [30.4175, -1.8621]}, "properties": {"radio": "GSM", "range_m": "9999", "samples": "5"}}, {"type": "Feature", "geometry": {"type": "Point", "coordinates": [30.3555, -1.9188]}, "properties": {"radio": "GSM", "range_m": "14718", "samples": "23"}}, {"type": "Feature", "geometry": {"type": "Point", "coordinates": [30.3994, -1.923]}, "properties": {"radio": "GSM", "range_m": "13065", "samples": "11"}}, {"type": "Feature", "geometry": {"type": "Point", "coordinates": [30.3774, -1.9464]}, "properties": {"radio": "GSM", "range_m": "6765", "samples": "6"}}, {"type": "Feature", "geometry": {"type": "Point", "coordinates": [30.3762, -1.9476]}, "properties": {"radio": "GSM", "range_m": "6218", "samples": "11"}}, {"type": "Feature", "geometry": {"type": "Point", "coordinates": [30.3843, -1.9469]}, "properties": {"radio": "GSM", "range_m": "15437", "samples": "26"}}, {"type": "Feature", "geometry": {"type": "Point", "coordinates": [30.2884, -1.9112]}, "properties": {"radio": "GSM", "range_m": "12323", "samples": "15"}}, {"type": "Feature", "geometry": {"type": "Point", "coordinates": [30.3281, -1.9134]}, "properties": {"radio": "GSM", "range_m": "17362", "samples": "22"}}, {"type": "Feature", "geometry": {"type": "Point", "coordinates": [30.2904, -1.9078]}, "properties": {"radio": "GSM", "range_m": "12087", "samples": "26"}}, {"type": "Feature", "geometry": {"type": "Point", "coordinates": [30.2769, -1.932]}, "properties": {"radio": "GSM", "range_m": "4983", "samples": "22"}}, {"type": "Feature", "geometry": {"type": "Point", "coordinates": [30.3447, -1.9357]}, "properties": {"radio": "GSM", "range_m": "8694", "samples": "21"}}, {"type": "Feature", "geometry": {"type": "Point", "coordinates": [30.3985, -1.4623]}, "properties": {"radio": "GSM", "range_m": "1000", "samples": "2"}}, {"type": "Feature", "geometry": {"type": "Point", "coordinates": [30.411, -1.9485]}, "properties": {"radio": "GSM", "range_m": "4859", "samples": "13"}}, {"type": "Feature", "geometry": {"type": "Point", "coordinates": [29.3344, -1.6921]}, "properties": {"radio": "GSM", "range_m": "6915", "samples": "6"}}, {"type": "Feature", "geometry": {"type": "Point", "coordinates": [30.3866, -1.7614]}, "properties": {"radio": "GSM", "range_m": "6170", "samples": "24"}}, {"type": "Feature", "geometry": {"type": "Point", "coordinates": [30.4006, -1.782]}, "properties": {"radio": "GSM", "range_m": "2955", "samples": "23"}}, {"type": "Feature", "geometry": {"type": "Point", "coordinates": [30.3971, -1.7657]}, "properties": {"radio": "GSM", "range_m": "20522", "samples": "25"}}, {"type": "Feature", "geometry": {"type": "Point", "coordinates": [29.3643, -1.6736]}, "properties": {"radio": "GSM", "range_m": "6869", "samples": "5"}}, {"type": "Feature", "geometry": {"type": "Point", "coordinates": [30.3942, -1.5695]}, "properties": {"radio": "GSM", "range_m": "1000", "samples": "2"}}, {"type": "Feature", "geometry": {"type": "Point", "coordinates": [29.33, -1.6996]}, "properties": {"radio": "GSM", "range_m": "1690", "samples": "3"}}, {"type": "Feature", "geometry": {"type": "Point", "coordinates": [29.2552, -1.6772]}, "properties": {"radio": "GSM", "range_m": "1173", "samples": "6"}}, {"type": "Feature", "geometry": {"type": "Point", "coordinates": [30.49, -1.8642]}, "properties": {"radio": "GSM", "range_m": "16412", "samples": "7"}}, {"type": "Feature", "geometry": {"type": "Point", "coordinates": [30.574, -2.1672]}, "properties": {"radio": "GSM", "range_m": "2747", "samples": "5"}}, {"type": "Feature", "geometry": {"type": "Point", "coordinates": [30.5708, -2.1638]}, "properties": {"radio": "GSM", "range_m": "7029", "samples": "9"}}, {"type": "Feature", "geometry": {"type": "Point", "coordinates": [30.5736, -2.1477]}, "properties": {"radio": "GSM", "range_m": "1670", "samples": "6"}}, {"type": "Feature", "geometry": {"type": "Point", "coordinates": [30.5717, -2.1445]}, "properties": {"radio": "GSM", "range_m": "1768", "samples": "7"}}, {"type": "Feature", "geometry": {"type": "Point", "coordinates": [30.5625, -2.1385]}, "properties": {"radio": "GSM", "range_m": "2101", "samples": "9"}}, {"type": "Feature", "geometry": {"type": "Point", "coordinates": [30.5647, -2.1442]}, "properties": {"radio": "GSM", "range_m": "2431", "samples": "6"}}, {"type": "Feature", "geometry": {"type": "Point", "coordinates": [30.5567, -2.1352]}, "properties": {"radio": "GSM", "range_m": "1373", "samples": "4"}}, {"type": "Feature", "geometry": {"type": "Point", "coordinates": [30.5602, -2.0566]}, "properties": {"radio": "GSM", "range_m": "4928", "samples": "7"}}, {"type": "Feature", "geometry": {"type": "Point", "coordinates": [30.5334, -1.9602]}, "properties": {"radio": "GSM", "range_m": "2809", "samples": "5"}}, {"type": "Feature", "geometry": {"type": "Point", "coordinates": [30.3593, -1.9588]}, "properties": {"radio": "GSM", "range_m": "6858", "samples": "14"}}, {"type": "Feature", "geometry": {"type": "Point", "coordinates": [30.3299, -1.9431]}, "properties": {"radio": "GSM", "range_m": "7970", "samples": "7"}}, {"type": "Feature", "geometry": {"type": "Point", "coordinates": [30.3942, -1.9199]}, "properties": {"radio": "GSM", "range_m": "12874", "samples": "7"}}, {"type": "Feature", "geometry": {"type": "Point", "coordinates": [30.3412, -1.9469]}, "properties": {"radio": "GSM", "range_m": "6327", "samples": "18"}}, {"type": "Feature", "geometry": {"type": "Point", "coordinates": [30.3198, -1.9236]}, "properties": {"radio": "GSM", "range_m": "5512", "samples": "27"}}, {"type": "Feature", "geometry": {"type": "Point", "coordinates": [30.3477, -1.9568]}, "properties": {"radio": "GSM", "range_m": "3087", "samples": "22"}}, {"type": "Feature", "geometry": {"type": "Point", "coordinates": [30.2802, -1.9089]}, "properties": {"radio": "GSM", "range_m": "7561", "samples": "19"}}, {"type": "Feature", "geometry": {"type": "Point", "coordinates": [29.9205, -1.9925]}, "properties": {"radio": "GSM", "range_m": "1807", "samples": "17"}}, {"type": "Feature", "geometry": {"type": "Point", "coordinates": [29.9185, -1.9938]}, "properties": {"radio": "GSM", "range_m": "6318", "samples": "20"}}, {"type": "Feature", "geometry": {"type": "Point", "coordinates": [29.913, -1.9959]}, "properties": {"radio": "GSM", "range_m": "1381", "samples": "17"}}, {"type": "Feature", "geometry": {"type": "Point", "coordinates": [29.8995, -2.0059]}, "properties": {"radio": "GSM", "range_m": "1844", "samples": "10"}}, {"type": "Feature", "geometry": {"type": "Point", "coordinates": [29.8832, -2.0159]}, "properties": {"radio": "GSM", "range_m": "1789", "samples": "4"}}, {"type": "Feature", "geometry": {"type": "Point", "coordinates": [29.8542, -2.0253]}, "properties": {"radio": "GSM", "range_m": "2486", "samples": "12"}}, {"type": "Feature", "geometry": {"type": "Point", "coordinates": [29.8543, -2.0249]}, "properties": {"radio": "GSM", "range_m": "6398", "samples": "15"}}, {"type": "Feature", "geometry": {"type": "Point", "coordinates": [29.861, -2.0227]}, "properties": {"radio": "GSM", "range_m": "2440", "samples": "14"}}, {"type": "Feature", "geometry": {"type": "Point", "coordinates": [29.8124, -2.0538]}, "properties": {"radio": "GSM", "range_m": "5534", "samples": "9"}}, {"type": "Feature", "geometry": {"type": "Point", "coordinates": [29.8226, -2.0502]}, "properties": {"radio": "GSM", "range_m": "2840", "samples": "13"}}, {"type": "Feature", "geometry": {"type": "Point", "coordinates": [29.7614, -2.0815]}, "properties": {"radio": "GSM", "range_m": "1581", "samples": "15"}}, {"type": "Feature", "geometry": {"type": "Point", "coordinates": [29.7674, -2.0782]}, "properties": {"radio": "GSM", "range_m": "1000", "samples": "8"}}, {"type": "Feature", "geometry": {"type": "Point", "coordinates": [29.7633, -2.0822]}, "properties": {"radio": "GSM", "range_m": "3248", "samples": "18"}}, {"type": "Feature", "geometry": {"type": "Point", "coordinates": [29.7516, -2.1017]}, "properties": {"radio": "GSM", "range_m": "3811", "samples": "16"}}, {"type": "Feature", "geometry": {"type": "Point", "coordinates": [29.7603, -2.0935]}, "properties": {"radio": "GSM", "range_m": "6615", "samples": "20"}}, {"type": "Feature", "geometry": {"type": "Point", "coordinates": [29.7441, -2.1213]}, "properties": {"radio": "GSM", "range_m": "3412", "samples": "12"}}, {"type": "Feature", "geometry": {"type": "Point", "coordinates": [29.7524, -2.0896]}, "properties": {"radio": "GSM", "range_m": "3687", "samples": "16"}}, {"type": "Feature", "geometry": {"type": "Point", "coordinates": [29.7584, -2.0937]}, "properties": {"radio": "GSM", "range_m": "4699", "samples": "11"}}, {"type": "Feature", "geometry": {"type": "Point", "coordinates": [28.8944, -2.4941]}, "properties": {"radio": "GSM", "range_m": "1222", "samples": "15"}}, {"type": "Feature", "geometry": {"type": "Point", "coordinates": [28.8969, -2.4919]}, "properties": {"radio": "GSM", "range_m": "1094", "samples": "10"}}, {"type": "Feature", "geometry": {"type": "Point", "coordinates": [28.895, -2.4985]}, "properties": {"radio": "GSM", "range_m": "1389", "samples": "12"}}, {"type": "Feature", "geometry": {"type": "Point", "coordinates": [28.8893, -2.5097]}, "properties": {"radio": "GSM", "range_m": "2692", "samples": "6"}}, {"type": "Feature", "geometry": {"type": "Point", "coordinates": [28.9212, -2.4851]}, "properties": {"radio": "GSM", "range_m": "3020", "samples": "6"}}, {"type": "Feature", "geometry": {"type": "Point", "coordinates": [30.3878, -1.7735]}, "properties": {"radio": "GSM", "range_m": "1350", "samples": "3"}}, {"type": "Feature", "geometry": {"type": "Point", "coordinates": [30.4201, -1.1953]}, "properties": {"radio": "GSM", "range_m": "13186", "samples": "13"}}, {"type": "Feature", "geometry": {"type": "Point", "coordinates": [30.4855, -1.8371]}, "properties": {"radio": "GSM", "range_m": "24662", "samples": "8"}}, {"type": "Feature", "geometry": {"type": "Point", "coordinates": [29.349, -1.6883]}, "properties": {"radio": "GSM", "range_m": "1303", "samples": "2"}}, {"type": "Feature", "geometry": {"type": "Point", "coordinates": [30.2024, -2.2733]}, "properties": {"radio": "GSM", "range_m": "5566", "samples": "5"}}, {"type": "Feature", "geometry": {"type": "Point", "coordinates": [30.2107, -2.2734]}, "properties": {"radio": "GSM", "range_m": "2182", "samples": "6"}}, {"type": "Feature", "geometry": {"type": "Point", "coordinates": [30.1663, -2.2293]}, "properties": {"radio": "GSM", "range_m": "1000", "samples": "3"}}, {"type": "Feature", "geometry": {"type": "Point", "coordinates": [30.0723, -2.2266]}, "properties": {"radio": "GSM", "range_m": "10486", "samples": "4"}}, {"type": "Feature", "geometry": {"type": "Point", "coordinates": [30.3845, -1.9503]}, "properties": {"radio": "GSM", "range_m": "3615", "samples": "16"}}, {"type": "Feature", "geometry": {"type": "Point", "coordinates": [30.398, -1.5356]}, "properties": {"radio": "GSM", "range_m": "2200", "samples": "3"}}, {"type": "Feature", "geometry": {"type": "Point", "coordinates": [30.4549, -1.0548]}, "properties": {"radio": "GSM", "range_m": "4040", "samples": "25"}}, {"type": "Feature", "geometry": {"type": "Point", "coordinates": [30.3821, -1.4077]}, "properties": {"radio": "GSM", "range_m": "15225", "samples": "9"}}, {"type": "Feature", "geometry": {"type": "Point", "coordinates": [30.3883, -1.4676]}, "properties": {"radio": "GSM", "range_m": "13608", "samples": "3"}}, {"type": "Feature", "geometry": {"type": "Point", "coordinates": [29.3228, -1.6793]}, "properties": {"radio": "GSM", "range_m": "5201", "samples": "3"}}, {"type": "Feature", "geometry": {"type": "Point", "coordinates": [29.3405, -1.6838]}, "properties": {"radio": "GSM", "range_m": "5146", "samples": "3"}}, {"type": "Feature", "geometry": {"type": "Point", "coordinates": [30.4064, -1.2241]}, "properties": {"radio": "GSM", "range_m": "15296", "samples": "3"}}, {"type": "Feature", "geometry": {"type": "Point", "coordinates": [30.3944, -1.3888]}, "properties": {"radio": "GSM", "range_m": "12608", "samples": "6"}}, {"type": "Feature", "geometry": {"type": "Point", "coordinates": [30.3938, -1.3076]}, "properties": {"radio": "GSM", "range_m": "1467", "samples": "2"}}, {"type": "Feature", "geometry": {"type": "Point", "coordinates": [30.39, -1.9496]}, "properties": {"radio": "GSM", "range_m": "1000", "samples": "3"}}, {"type": "Feature", "geometry": {"type": "Point", "coordinates": [30.3858, -1.9045]}, "properties": {"radio": "GSM", "range_m": "15197", "samples": "4"}}, {"type": "Feature", "geometry": {"type": "Point", "coordinates": [30.3968, -1.275]}, "properties": {"radio": "GSM", "range_m": "6574", "samples": "3"}}, {"type": "Feature", "geometry": {"type": "Point", "coordinates": [30.4017, -1.9328]}, "properties": {"radio": "GSM", "range_m": "12900", "samples": "7"}}, {"type": "Feature", "geometry": {"type": "Point", "coordinates": [30.0885, -1.8418]}, "properties": {"radio": "UMTS", "range_m": "1000", "samples": "2"}}, {"type": "Feature", "geometry": {"type": "Point", "coordinates": [29.319, -1.695]}, "properties": {"radio": "GSM", "range_m": "2118", "samples": "2"}}, {"type": "Feature", "geometry": {"type": "Point", "coordinates": [30.6805, -2.2735]}, "properties": {"radio": "GSM", "range_m": "1029", "samples": "7"}}, {"type": "Feature", "geometry": {"type": "Point", "coordinates": [30.6826, -2.2733]}, "properties": {"radio": "GSM", "range_m": "3603", "samples": "9"}}, {"type": "Feature", "geometry": {"type": "Point", "coordinates": [30.6884, -2.2746]}, "properties": {"radio": "GSM", "range_m": "3938", "samples": "12"}}, {"type": "Feature", "geometry": {"type": "Point", "coordinates": [30.6838, -2.273]}, "properties": {"radio": "GSM", "range_m": "1000", "samples": "2"}}, {"type": "Feature", "geometry": {"type": "Point", "coordinates": [30.676, -2.2729]}, "properties": {"radio": "GSM", "range_m": "1586", "samples": "6"}}, {"type": "Feature", "geometry": {"type": "Point", "coordinates": [30.1062, -1.8142]}, "properties": {"radio": "GSM", "range_m": "1000", "samples": "3"}}, {"type": "Feature", "geometry": {"type": "Point", "coordinates": [30.5697, -2.1314]}, "properties": {"radio": "GSM", "range_m": "7551", "samples": "6"}}, {"type": "Feature", "geometry": {"type": "Point", "coordinates": [30.6704, -2.2715]}, "properties": {"radio": "GSM", "range_m": "1722", "samples": "5"}}, {"type": "Feature", "geometry": {"type": "Point", "coordinates": [30.5702, -2.1802]}, "properties": {"radio": "GSM", "range_m": "1000", "samples": "2"}}, {"type": "Feature", "geometry": {"type": "Point", "coordinates": [30.5693, -2.1832]}, "properties": {"radio": "GSM", "range_m": "6072", "samples": "8"}}, {"type": "Feature", "geometry": {"type": "Point", "coordinates": [30.5635, -2.0411]}, "properties": {"radio": "GSM", "range_m": "1044", "samples": "3"}}, {"type": "Feature", "geometry": {"type": "Point", "coordinates": [30.5976, -1.9931]}, "properties": {"radio": "GSM", "range_m": "7282", "samples": "3"}}, {"type": "Feature", "geometry": {"type": "Point", "coordinates": [30.5941, -1.9686]}, "properties": {"radio": "GSM", "range_m": "4600", "samples": "3"}}, {"type": "Feature", "geometry": {"type": "Point", "coordinates": [30.5793, -2.282]}, "properties": {"radio": "GSM", "range_m": "1000", "samples": "2"}}, {"type": "Feature", "geometry": {"type": "Point", "coordinates": [29.7393, -2.1169]}, "properties": {"radio": "GSM", "range_m": "2408", "samples": "11"}}, {"type": "Feature", "geometry": {"type": "Point", "coordinates": [29.7756, -2.1832]}, "properties": {"radio": "GSM", "range_m": "2875", "samples": "6"}}, {"type": "Feature", "geometry": {"type": "Point", "coordinates": [29.7965, -2.2486]}, "properties": {"radio": "GSM", "range_m": "2067", "samples": "10"}}, {"type": "Feature", "geometry": {"type": "Point", "coordinates": [29.7954, -2.2445]}, "properties": {"radio": "GSM", "range_m": "1968", "samples": "6"}}, {"type": "Feature", "geometry": {"type": "Point", "coordinates": [29.7932, -2.2157]}, "properties": {"radio": "GSM", "range_m": "3581", "samples": "4"}}, {"type": "Feature", "geometry": {"type": "Point", "coordinates": [29.748, -2.106]}, "properties": {"radio": "GSM", "range_m": "4114", "samples": "6"}}, {"type": "Feature", "geometry": {"type": "Point", "coordinates": [29.7645, -2.079]}, "properties": {"radio": "GSM", "range_m": "1274", "samples": "11"}}, {"type": "Feature", "geometry": {"type": "Point", "coordinates": [30.0976, -1.8339]}, "properties": {"radio": "GSM", "range_m": "7033", "samples": "5"}}, {"type": "Feature", "geometry": {"type": "Point", "coordinates": [30.2989, -1.9152]}, "properties": {"radio": "GSM", "range_m": "14766", "samples": "15"}}, {"type": "Feature", "geometry": {"type": "Point", "coordinates": [30.1513, -2.2049]}, "properties": {"radio": "GSM", "range_m": "6077", "samples": "10"}}, {"type": "Feature", "geometry": {"type": "Point", "coordinates": [29.3121, -1.7002]}, "properties": {"radio": "GSM", "range_m": "2953", "samples": "27"}}, {"type": "Feature", "geometry": {"type": "Point", "coordinates": [29.3169, -1.6977]}, "properties": {"radio": "GSM", "range_m": "5404", "samples": "24"}}, {"type": "Feature", "geometry": {"type": "Point", "coordinates": [29.3126, -1.6871]}, "properties": {"radio": "GSM", "range_m": "4918", "samples": "26"}}, {"type": "Feature", "geometry": {"type": "Point", "coordinates": [30.0572, -1.547]}, "properties": {"radio": "GSM", "range_m": "2985", "samples": "9"}}, {"type": "Feature", "geometry": {"type": "Point", "coordinates": [30.497, -1.8648]}, "properties": {"radio": "GSM", "range_m": "3730", "samples": "3"}}, {"type": "Feature", "geometry": {"type": "Point", "coordinates": [29.7723, -1.6393]}, "properties": {"radio": "GSM", "range_m": "1058", "samples": "25"}}, {"type": "Feature", "geometry": {"type": "Point", "coordinates": [29.7879, -1.6466]}, "properties": {"radio": "GSM", "range_m": "6051", "samples": "8"}}, {"type": "Feature", "geometry": {"type": "Point", "coordinates": [29.6731, -1.5417]}, "properties": {"radio": "GSM", "range_m": "5850", "samples": "3"}}, {"type": "Feature", "geometry": {"type": "Point", "coordinates": [29.3139, -1.6988]}, "properties": {"radio": "GSM", "range_m": "1000", "samples": "3"}}, {"type": "Feature", "geometry": {"type": "Point", "coordinates": [30.3711, -1.3694]}, "properties": {"radio": "GSM", "range_m": "9811", "samples": "10"}}, {"type": "Feature", "geometry": {"type": "Point", "coordinates": [30.3984, -1.9486]}, "properties": {"radio": "GSM", "range_m": "4320", "samples": "5"}}, {"type": "Feature", "geometry": {"type": "Point", "coordinates": [30.4219, -1.9486]}, "properties": {"radio": "GSM", "range_m": "1000", "samples": "2"}}, {"type": "Feature", "geometry": {"type": "Point", "coordinates": [29.3581, -1.6716]}, "properties": {"radio": "GSM", "range_m": "1000", "samples": "3"}}, {"type": "Feature", "geometry": {"type": "Point", "coordinates": [30.3767, -1.9321]}, "properties": {"radio": "GSM", "range_m": "11764", "samples": "24"}}, {"type": "Feature", "geometry": {"type": "Point", "coordinates": [30.4627, -1.8386]}, "properties": {"radio": "GSM", "range_m": "6709", "samples": "10"}}, {"type": "Feature", "geometry": {"type": "Point", "coordinates": [30.0441, -1.5322]}, "properties": {"radio": "UMTS", "range_m": "1000", "samples": "2"}}, {"type": "Feature", "geometry": {"type": "Point", "coordinates": [30.0104, -1.422]}, "properties": {"radio": "UMTS", "range_m": "1000", "samples": "2"}}, {"type": "Feature", "geometry": {"type": "Point", "coordinates": [29.4378, -1.6172]}, "properties": {"radio": "GSM", "range_m": "1000", "samples": "3"}}, {"type": "Feature", "geometry": {"type": "Point", "coordinates": [30.4061, -1.6698]}, "properties": {"radio": "GSM", "range_m": "1862", "samples": "3"}}, {"type": "Feature", "geometry": {"type": "Point", "coordinates": [30.3859, -1.5086]}, "properties": {"radio": "GSM", "range_m": "13865", "samples": "2"}}, {"type": "Feature", "geometry": {"type": "Point", "coordinates": [30.5079, -1.8778]}, "properties": {"radio": "GSM", "range_m": "1000", "samples": "3"}}, {"type": "Feature", "geometry": {"type": "Point", "coordinates": [30.4646, -1.8535]}, "properties": {"radio": "GSM", "range_m": "4055", "samples": "3"}}, {"type": "Feature", "geometry": {"type": "Point", "coordinates": [29.7817, -2.073]}, "properties": {"radio": "GSM", "range_m": "5093", "samples": "15"}}, {"type": "Feature", "geometry": {"type": "Point", "coordinates": [29.7625, -2.0811]}, "properties": {"radio": "GSM", "range_m": "1334", "samples": "18"}}, {"type": "Feature", "geometry": {"type": "Point", "coordinates": [29.7611, -2.0742]}, "properties": {"radio": "GSM", "range_m": "3573", "samples": "4"}}, {"type": "Feature", "geometry": {"type": "Point", "coordinates": [29.7611, -2.0876]}, "properties": {"radio": "GSM", "range_m": "5019", "samples": "16"}}, {"type": "Feature", "geometry": {"type": "Point", "coordinates": [29.1006, -2.4745]}, "properties": {"radio": "GSM", "range_m": "10434", "samples": "8"}}, {"type": "Feature", "geometry": {"type": "Point", "coordinates": [28.9662, -2.478]}, "properties": {"radio": "GSM", "range_m": "4015", "samples": "9"}}, {"type": "Feature", "geometry": {"type": "Point", "coordinates": [28.9666, -2.4773]}, "properties": {"radio": "GSM", "range_m": "3948", "samples": "6"}}, {"type": "Feature", "geometry": {"type": "Point", "coordinates": [28.9407, -2.4843]}, "properties": {"radio": "GSM", "range_m": "5160", "samples": "9"}}, {"type": "Feature", "geometry": {"type": "Point", "coordinates": [28.9276, -2.4864]}, "properties": {"radio": "GSM", "range_m": "1741", "samples": "6"}}, {"type": "Feature", "geometry": {"type": "Point", "coordinates": [28.9251, -2.4864]}, "properties": {"radio": "GSM", "range_m": "1000", "samples": "5"}}, {"type": "Feature", "geometry": {"type": "Point", "coordinates": [28.9297, -2.4852]}, "properties": {"radio": "GSM", "range_m": "1756", "samples": "3"}}, {"type": "Feature", "geometry": {"type": "Point", "coordinates": [29.7598, -2.0859]}, "properties": {"radio": "GSM", "range_m": "1746", "samples": "9"}}, {"type": "Feature", "geometry": {"type": "Point", "coordinates": [29.7607, -2.0907]}, "properties": {"radio": "GSM", "range_m": "4331", "samples": "15"}}, {"type": "Feature", "geometry": {"type": "Point", "coordinates": [29.7478, -2.141]}, "properties": {"radio": "GSM", "range_m": "4650", "samples": "6"}}, {"type": "Feature", "geometry": {"type": "Point", "coordinates": [29.7919, -2.217]}, "properties": {"radio": "GSM", "range_m": "5858", "samples": "7"}}, {"type": "Feature", "geometry": {"type": "Point", "coordinates": [29.7943, -2.2593]}, "properties": {"radio": "GSM", "range_m": "1238", "samples": "9"}}, {"type": "Feature", "geometry": {"type": "Point", "coordinates": [29.7861, -2.3874]}, "properties": {"radio": "GSM", "range_m": "1000", "samples": "8"}}, {"type": "Feature", "geometry": {"type": "Point", "coordinates": [29.7861, -2.3903]}, "properties": {"radio": "GSM", "range_m": "1000", "samples": "7"}}, {"type": "Feature", "geometry": {"type": "Point", "coordinates": [29.7604, -2.5675]}, "properties": {"radio": "GSM", "range_m": "1000", "samples": "6"}}, {"type": "Feature", "geometry": {"type": "Point", "coordinates": [29.7408, -2.5893]}, "properties": {"radio": "GSM", "range_m": "4051", "samples": "24"}}, {"type": "Feature", "geometry": {"type": "Point", "coordinates": [29.611, -2.5061]}, "properties": {"radio": "GSM", "range_m": "6431", "samples": "26"}}, {"type": "Feature", "geometry": {"type": "Point", "coordinates": [29.605, -2.5059]}, "properties": {"radio": "GSM", "range_m": "2171", "samples": "4"}}, {"type": "Feature", "geometry": {"type": "Point", "coordinates": [29.5017, -2.5017]}, "properties": {"radio": "GSM", "range_m": "3165", "samples": "8"}}, {"type": "Feature", "geometry": {"type": "Point", "coordinates": [29.358, -2.5211]}, "properties": {"radio": "GSM", "range_m": "18380", "samples": "6"}}, {"type": "Feature", "geometry": {"type": "Point", "coordinates": [29.413, -2.5257]}, "properties": {"radio": "GSM", "range_m": "8529", "samples": "26"}}, {"type": "Feature", "geometry": {"type": "Point", "coordinates": [29.3871, -2.53]}, "properties": {"radio": "GSM", "range_m": "6517", "samples": "27"}}, {"type": "Feature", "geometry": {"type": "Point", "coordinates": [29.4501, -2.5198]}, "properties": {"radio": "GSM", "range_m": "5023", "samples": "5"}}, {"type": "Feature", "geometry": {"type": "Point", "coordinates": [29.3434, -2.5212]}, "properties": {"radio": "GSM", "range_m": "3962", "samples": "8"}}, {"type": "Feature", "geometry": {"type": "Point", "coordinates": [29.3444, -2.5195]}, "properties": {"radio": "GSM", "range_m": "3785", "samples": "5"}}, {"type": "Feature", "geometry": {"type": "Point", "coordinates": [29.2863, -2.493]}, "properties": {"radio": "GSM", "range_m": "4726", "samples": "6"}}, {"type": "Feature", "geometry": {"type": "Point", "coordinates": [29.2653, -2.4867]}, "properties": {"radio": "GSM", "range_m": "5422", "samples": "26"}}, {"type": "Feature", "geometry": {"type": "Point", "coordinates": [29.2092, -2.4808]}, "properties": {"radio": "GSM", "range_m": "5598", "samples": "24"}}, {"type": "Feature", "geometry": {"type": "Point", "coordinates": [29.2211, -2.4798]}, "properties": {"radio": "GSM", "range_m": "3012", "samples": "6"}}, {"type": "Feature", "geometry": {"type": "Point", "coordinates": [29.195, -2.4888]}, "properties": {"radio": "GSM", "range_m": "1000", "samples": "5"}}, {"type": "Feature", "geometry": {"type": "Point", "coordinates": [29.1869, -2.4876]}, "properties": {"radio": "GSM", "range_m": "2484", "samples": "24"}}, {"type": "Feature", "geometry": {"type": "Point", "coordinates": [29.1582, -2.4878]}, "properties": {"radio": "GSM", "range_m": "3166", "samples": "8"}}, {"type": "Feature", "geometry": {"type": "Point", "coordinates": [29.1792, -2.4838]}, "properties": {"radio": "GSM", "range_m": "2243", "samples": "27"}}, {"type": "Feature", "geometry": {"type": "Point", "coordinates": [29.1642, -2.4855]}, "properties": {"radio": "GSM", "range_m": "4450", "samples": "15"}}, {"type": "Feature", "geometry": {"type": "Point", "coordinates": [29.6573, -1.5245]}, "properties": {"radio": "GSM", "range_m": "3261", "samples": "4"}}, {"type": "Feature", "geometry": {"type": "Point", "coordinates": [29.396, -1.6403]}, "properties": {"radio": "GSM", "range_m": "1395", "samples": "5"}}, {"type": "Feature", "geometry": {"type": "Point", "coordinates": [30.5573, -2.112]}, "properties": {"radio": "GSM", "range_m": "3870", "samples": "7"}}, {"type": "Feature", "geometry": {"type": "Point", "coordinates": [30.5606, -2.0187]}, "properties": {"radio": "GSM", "range_m": "1534", "samples": "2"}}, {"type": "Feature", "geometry": {"type": "Point", "coordinates": [29.902, -1.6905]}, "properties": {"radio": "GSM", "range_m": "6688", "samples": "24"}}, {"type": "Feature", "geometry": {"type": "Point", "coordinates": [29.6446, -2.5197]}, "properties": {"radio": "GSM", "range_m": "3618", "samples": "26"}}, {"type": "Feature", "geometry": {"type": "Point", "coordinates": [29.7602, -2.5677]}, "properties": {"radio": "GSM", "range_m": "1000", "samples": "6"}}, {"type": "Feature", "geometry": {"type": "Point", "coordinates": [29.7666, -2.5239]}, "properties": {"radio": "GSM", "range_m": "4408", "samples": "7"}}, {"type": "Feature", "geometry": {"type": "Point", "coordinates": [29.7772, -2.3607]}, "properties": {"radio": "GSM", "range_m": "2827", "samples": "3"}}, {"type": "Feature", "geometry": {"type": "Point", "coordinates": [29.7585, -2.0873]}, "properties": {"radio": "GSM", "range_m": "4320", "samples": "3"}}, {"type": "Feature", "geometry": {"type": "Point", "coordinates": [29.8139, -2.0546]}, "properties": {"radio": "GSM", "range_m": "1000", "samples": "3"}}, {"type": "Feature", "geometry": {"type": "Point", "coordinates": [29.2648, -2.4854]}, "properties": {"radio": "GSM", "range_m": "1395", "samples": "3"}}, {"type": "Feature", "geometry": {"type": "Point", "coordinates": [29.7713, -2.3341]}, "properties": {"radio": "GSM", "range_m": "1396", "samples": "2"}}, {"type": "Feature", "geometry": {"type": "Point", "coordinates": [30.5082, -1.8844]}, "properties": {"radio": "GSM", "range_m": "1169", "samples": "3"}}, {"type": "Feature", "geometry": {"type": "Point", "coordinates": [29.7434, -2.1051]}, "properties": {"radio": "GSM", "range_m": "4375", "samples": "6"}}, {"type": "Feature", "geometry": {"type": "Point", "coordinates": [29.7036, -1.5654]}, "properties": {"radio": "GSM", "range_m": "6250", "samples": "25"}}, {"type": "Feature", "geometry": {"type": "Point", "coordinates": [29.9103, -1.6744]}, "properties": {"radio": "GSM", "range_m": "4647", "samples": "3"}}, {"type": "Feature", "geometry": {"type": "Point", "coordinates": [29.9499, -1.8311]}, "properties": {"radio": "GSM", "range_m": "1787", "samples": "50"}}, {"type": "Feature", "geometry": {"type": "Point", "coordinates": [30.5557, -2.0948]}, "properties": {"radio": "GSM", "range_m": "2167", "samples": "5"}}, {"type": "Feature", "geometry": {"type": "Point", "coordinates": [30.7922, -2.3841]}, "properties": {"radio": "GSM", "range_m": "1000", "samples": "2"}}, {"type": "Feature", "geometry": {"type": "Point", "coordinates": [30.401, -1.9491]}, "properties": {"radio": "GSM", "range_m": "3464", "samples": "10"}}, {"type": "Feature", "geometry": {"type": "Point", "coordinates": [30.391, -1.6086]}, "properties": {"radio": "GSM", "range_m": "3931", "samples": "2"}}, {"type": "Feature", "geometry": {"type": "Point", "coordinates": [29.7292, -1.4166]}, "properties": {"radio": "GSM", "range_m": "1000", "samples": "2"}}, {"type": "Feature", "geometry": {"type": "Point", "coordinates": [30.3983, -1.4602]}, "properties": {"radio": "GSM", "range_m": "8642", "samples": "4"}}, {"type": "Feature", "geometry": {"type": "Point", "coordinates": [30.4093, -1.2033]}, "properties": {"radio": "GSM", "range_m": "2439", "samples": "5"}}, {"type": "Feature", "geometry": {"type": "Point", "coordinates": [30.0246, -1.473]}, "properties": {"radio": "UMTS", "range_m": "1000", "samples": "2"}}, {"type": "Feature", "geometry": {"type": "Point", "coordinates": [29.7499, -2.0932]}, "properties": {"radio": "GSM", "range_m": "2960", "samples": "5"}}, {"type": "Feature", "geometry": {"type": "Point", "coordinates": [29.7738, -2.3945]}, "properties": {"radio": "GSM", "range_m": "3790", "samples": "3"}}, {"type": "Feature", "geometry": {"type": "Point", "coordinates": [29.7717, -2.5092]}, "properties": {"radio": "GSM", "range_m": "1000", "samples": "2"}}, {"type": "Feature", "geometry": {"type": "Point", "coordinates": [29.7386, -2.5856]}, "properties": {"radio": "GSM", "range_m": "1000", "samples": "6"}}, {"type": "Feature", "geometry": {"type": "Point", "coordinates": [30.0119, -1.426]}, "properties": {"radio": "UMTS", "range_m": "1076", "samples": "6"}}, {"type": "Feature", "geometry": {"type": "Point", "coordinates": [30.3905, -1.5821]}, "properties": {"radio": "GSM", "range_m": "2337", "samples": "3"}}, {"type": "Feature", "geometry": {"type": "Point", "coordinates": [29.4176, -2.5248]}, "properties": {"radio": "GSM", "range_m": "1706", "samples": "2"}}, {"type": "Feature", "geometry": {"type": "Point", "coordinates": [28.8946, -2.497]}, "properties": {"radio": "GSM", "range_m": "1000", "samples": "2"}}, {"type": "Feature", "geometry": {"type": "Point", "coordinates": [29.4896, -1.6217]}, "properties": {"radio": "GSM", "range_m": "1000", "samples": "2"}}, {"type": "Feature", "geometry": {"type": "Point", "coordinates": [29.4838, -1.6247]}, "properties": {"radio": "GSM", "range_m": "1000", "samples": "2"}}, {"type": "Feature", "geometry": {"type": "Point", "coordinates": [30.409, -1.2854]}, "properties": {"radio": "GSM", "range_m": "3076", "samples": "4"}}, {"type": "Feature", "geometry": {"type": "Point", "coordinates": [29.4294, -2.5252]}, "properties": {"radio": "GSM", "range_m": "1730", "samples": "2"}}, {"type": "Feature", "geometry": {"type": "Point", "coordinates": [29.4335, -2.5247]}, "properties": {"radio": "GSM", "range_m": "2590", "samples": "5"}}, {"type": "Feature", "geometry": {"type": "Point", "coordinates": [29.7423, -2.5906]}, "properties": {"radio": "GSM", "range_m": "1000", "samples": "2"}}, {"type": "Feature", "geometry": {"type": "Point", "coordinates": [29.7632, -2.5469]}, "properties": {"radio": "GSM", "range_m": "1783", "samples": "6"}}, {"type": "Feature", "geometry": {"type": "Point", "coordinates": [30.4042, -1.247]}, "properties": {"radio": "GSM", "range_m": "9128", "samples": "6"}}, {"type": "Feature", "geometry": {"type": "Point", "coordinates": [30.39, -1.356]}, "properties": {"radio": "GSM", "range_m": "4763", "samples": "2"}}, {"type": "Feature", "geometry": {"type": "Point", "coordinates": [29.5393, -1.5724]}, "properties": {"radio": "GSM", "range_m": "1457", "samples": "2"}}, {"type": "Feature", "geometry": {"type": "Point", "coordinates": [30.223, -1.9642]}, "properties": {"radio": "GSM", "range_m": "5433", "samples": "7"}}, {"type": "Feature", "geometry": {"type": "Point", "coordinates": [30.2326, -1.9601]}, "properties": {"radio": "GSM", "range_m": "2280", "samples": "8"}}, {"type": "Feature", "geometry": {"type": "Point", "coordinates": [30.2259, -1.9676]}, "properties": {"radio": "GSM", "range_m": "1488", "samples": "6"}}, {"type": "Feature", "geometry": {"type": "Point", "coordinates": [30.2242, -1.9653]}, "properties": {"radio": "GSM", "range_m": "4879", "samples": "8"}}, {"type": "Feature", "geometry": {"type": "Point", "coordinates": [30.2186, -1.9758]}, "properties": {"radio": "GSM", "range_m": "2090", "samples": "4"}}, {"type": "Feature", "geometry": {"type": "Point", "coordinates": [30.2175, -1.974]}, "properties": {"radio": "GSM", "range_m": "3229", "samples": "10"}}, {"type": "Feature", "geometry": {"type": "Point", "coordinates": [30.1973, -1.971]}, "properties": {"radio": "GSM", "range_m": "4095", "samples": "5"}}, {"type": "Feature", "geometry": {"type": "Point", "coordinates": [30.5083, -1.8846]}, "properties": {"radio": "GSM", "range_m": "1317", "samples": "3"}}, {"type": "Feature", "geometry": {"type": "Point", "coordinates": [30.435, -1.028]}, "properties": {"radio": "GSM", "range_m": "3483", "samples": "3"}}, {"type": "Feature", "geometry": {"type": "Point", "coordinates": [30.1915, -1.989]}, "properties": {"radio": "GSM", "range_m": "4635", "samples": "23"}}, {"type": "Feature", "geometry": {"type": "Point", "coordinates": [29.7609, -1.6054]}, "properties": {"radio": "GSM", "range_m": "1000", "samples": "2"}}, {"type": "Feature", "geometry": {"type": "Point", "coordinates": [29.9538, -1.9872]}, "properties": {"radio": "GSM", "range_m": "3074", "samples": "2"}}, {"type": "Feature", "geometry": {"type": "Point", "coordinates": [30.1871, -1.9955]}, "properties": {"radio": "GSM", "range_m": "1000", "samples": "3"}}, {"type": "Feature", "geometry": {"type": "Point", "coordinates": [29.8112, -2.0534]}, "properties": {"radio": "GSM", "range_m": "7564", "samples": "8"}}, {"type": "Feature", "geometry": {"type": "Point", "coordinates": [30.1845, -1.9894]}, "properties": {"radio": "GSM", "range_m": "6401", "samples": "11"}}, {"type": "Feature", "geometry": {"type": "Point", "coordinates": [29.7592, -2.0922]}, "properties": {"radio": "GSM", "range_m": "3565", "samples": "10"}}, {"type": "Feature", "geometry": {"type": "Point", "coordinates": [29.7437, -2.1079]}, "properties": {"radio": "GSM", "range_m": "2043", "samples": "4"}}, {"type": "Feature", "geometry": {"type": "Point", "coordinates": [30.1885, -1.9864]}, "properties": {"radio": "GSM", "range_m": "6580", "samples": "22"}}, {"type": "Feature", "geometry": {"type": "Point", "coordinates": [30.1885, -1.9944]}, "properties": {"radio": "GSM", "range_m": "1000", "samples": "8"}}, {"type": "Feature", "geometry": {"type": "Point", "coordinates": [29.7628, -2.0843]}, "properties": {"radio": "GSM", "range_m": "4599", "samples": "10"}}, {"type": "Feature", "geometry": {"type": "Point", "coordinates": [30.175, -1.9689]}, "properties": {"radio": "GSM", "range_m": "4108", "samples": "14"}}, {"type": "Feature", "geometry": {"type": "Point", "coordinates": [30.1534, -1.9383]}, "properties": {"radio": "GSM", "range_m": "3119", "samples": "18"}}, {"type": "Feature", "geometry": {"type": "Point", "coordinates": [29.7332, -2.1117]}, "properties": {"radio": "GSM", "range_m": "1000", "samples": "2"}}, {"type": "Feature", "geometry": {"type": "Point", "coordinates": [30.1553, -1.9439]}, "properties": {"radio": "GSM", "range_m": "6715", "samples": "10"}}, {"type": "Feature", "geometry": {"type": "Point", "coordinates": [30.1473, -1.9523]}, "properties": {"radio": "GSM", "range_m": "1872", "samples": "19"}}, {"type": "Feature", "geometry": {"type": "Point", "coordinates": [30.1783, -1.9751]}, "properties": {"radio": "GSM", "range_m": "1492", "samples": "9"}}, {"type": "Feature", "geometry": {"type": "Point", "coordinates": [30.1831, -1.983]}, "properties": {"radio": "GSM", "range_m": "1663", "samples": "8"}}, {"type": "Feature", "geometry": {"type": "Point", "coordinates": [30.2287, -1.9646]}, "properties": {"radio": "GSM", "range_m": "2966", "samples": "10"}}, {"type": "Feature", "geometry": {"type": "Point", "coordinates": [30.2149, -1.9584]}, "properties": {"radio": "GSM", "range_m": "8437", "samples": "7"}}, {"type": "Feature", "geometry": {"type": "Point", "coordinates": [30.1895, -1.9871]}, "properties": {"radio": "GSM", "range_m": "8122", "samples": "21"}}, {"type": "Feature", "geometry": {"type": "Point", "coordinates": [30.2282, -1.9628]}, "properties": {"radio": "GSM", "range_m": "2794", "samples": "9"}}, {"type": "Feature", "geometry": {"type": "Point", "coordinates": [30.2323, -1.9643]}, "properties": {"radio": "GSM", "range_m": "5682", "samples": "15"}}, {"type": "Feature", "geometry": {"type": "Point", "coordinates": [30.2282, -1.9683]}, "properties": {"radio": "GSM", "range_m": "1287", "samples": "6"}}, {"type": "Feature", "geometry": {"type": "Point", "coordinates": [30.2108, -1.9768]}, "properties": {"radio": "GSM", "range_m": "3564", "samples": "11"}}, {"type": "Feature", "geometry": {"type": "Point", "coordinates": [30.203, -1.9625]}, "properties": {"radio": "GSM", "range_m": "4122", "samples": "5"}}, {"type": "Feature", "geometry": {"type": "Point", "coordinates": [30.2355, -1.9563]}, "properties": {"radio": "GSM", "range_m": "1040", "samples": "8"}}, {"type": "Feature", "geometry": {"type": "Point", "coordinates": [30.2365, -1.9574]}, "properties": {"radio": "GSM", "range_m": "2054", "samples": "11"}}, {"type": "Feature", "geometry": {"type": "Point", "coordinates": [30.2239, -1.9743]}, "properties": {"radio": "GSM", "range_m": "3789", "samples": "27"}}, {"type": "Feature", "geometry": {"type": "Point", "coordinates": [30.1602, -1.9449]}, "properties": {"radio": "GSM", "range_m": "1000", "samples": "7"}}, {"type": "Feature", "geometry": {"type": "Point", "coordinates": [30.1515, -1.9351]}, "properties": {"radio": "GSM", "range_m": "1000", "samples": "4"}}, {"type": "Feature", "geometry": {"type": "Point", "coordinates": [30.152, -1.9366]}, "properties": {"radio": "GSM", "range_m": "1000", "samples": "8"}}, {"type": "Feature", "geometry": {"type": "Point", "coordinates": [30.2303, -1.9664]}, "properties": {"radio": "GSM", "range_m": "5370", "samples": "13"}}, {"type": "Feature", "geometry": {"type": "Point", "coordinates": [30.1618, -1.954]}, "properties": {"radio": "GSM", "range_m": "5438", "samples": "12"}}, {"type": "Feature", "geometry": {"type": "Point", "coordinates": [30.1512, -1.9406]}, "properties": {"radio": "GSM", "range_m": "1951", "samples": "6"}}, {"type": "Feature", "geometry": {"type": "Point", "coordinates": [30.1637, -1.951]}, "properties": {"radio": "GSM", "range_m": "5521", "samples": "12"}}, {"type": "Feature", "geometry": {"type": "Point", "coordinates": [30.1584, -1.9518]}, "properties": {"radio": "GSM", "range_m": "5793", "samples": "5"}}, {"type": "Feature", "geometry": {"type": "Point", "coordinates": [30.1334, -1.9164]}, "properties": {"radio": "GSM", "range_m": "1911", "samples": "2"}}, {"type": "Feature", "geometry": {"type": "Point", "coordinates": [30.1237, -1.8998]}, "properties": {"radio": "GSM", "range_m": "1000", "samples": "2"}}, {"type": "Feature", "geometry": {"type": "Point", "coordinates": [30.2763, -1.9158]}, "properties": {"radio": "GSM", "range_m": "4334", "samples": "8"}}, {"type": "Feature", "geometry": {"type": "Point", "coordinates": [30.4598, -1.8922]}, "properties": {"radio": "GSM", "range_m": "1443", "samples": "3"}}, {"type": "Feature", "geometry": {"type": "Point", "coordinates": [30.2419, -1.5995]}, "properties": {"radio": "GSM", "range_m": "17283", "samples": "50"}}, {"type": "Feature", "geometry": {"type": "Point", "coordinates": [30.1927, -1.9833]}, "properties": {"radio": "GSM", "range_m": "1703", "samples": "24"}}, {"type": "Feature", "geometry": {"type": "Point", "coordinates": [30.1644, -1.9683]}, "properties": {"radio": "GSM", "range_m": "4523", "samples": "26"}}, {"type": "Feature", "geometry": {"type": "Point", "coordinates": [30.4754, -1.8492]}, "properties": {"radio": "GSM", "range_m": "3844", "samples": "3"}}, {"type": "Feature", "geometry": {"type": "Point", "coordinates": [30.0932, -1.8498]}, "properties": {"radio": "GSM", "range_m": "6024", "samples": "22"}}, {"type": "Feature", "geometry": {"type": "Point", "coordinates": [30.09, -1.8474]}, "properties": {"radio": "GSM", "range_m": "4132", "samples": "23"}}, {"type": "Feature", "geometry": {"type": "Point", "coordinates": [30.1475, -1.9508]}, "properties": {"radio": "GSM", "range_m": "1695", "samples": "7"}}, {"type": "Feature", "geometry": {"type": "Point", "coordinates": [30.1248, -1.788]}, "properties": {"radio": "GSM", "range_m": "3649", "samples": "22"}}, {"type": "Feature", "geometry": {"type": "Point", "coordinates": [30.1215, -1.8112]}, "properties": {"radio": "GSM", "range_m": "1330", "samples": "18"}}, {"type": "Feature", "geometry": {"type": "Point", "coordinates": [30.0932, -1.8174]}, "properties": {"radio": "GSM", "range_m": "1908", "samples": "22"}}, {"type": "Feature", "geometry": {"type": "Point", "coordinates": [30.0902, -1.8226]}, "properties": {"radio": "GSM", "range_m": "6410", "samples": "21"}}, {"type": "Feature", "geometry": {"type": "Point", "coordinates": [30.0881, -1.8364]}, "properties": {"radio": "GSM", "range_m": "8663", "samples": "18"}}, {"type": "Feature", "geometry": {"type": "Point", "coordinates": [30.0874, -1.8664]}, "properties": {"radio": "GSM", "range_m": "2231", "samples": "26"}}, {"type": "Feature", "geometry": {"type": "Point", "coordinates": [30.0824, -1.8726]}, "properties": {"radio": "GSM", "range_m": "5751", "samples": "21"}}, {"type": "Feature", "geometry": {"type": "Point", "coordinates": [30.0781, -1.881]}, "properties": {"radio": "GSM", "range_m": "1289", "samples": "14"}}, {"type": "Feature", "geometry": {"type": "Point", "coordinates": [30.1574, -1.9481]}, "properties": {"radio": "GSM", "range_m": "3183", "samples": "8"}}, {"type": "Feature", "geometry": {"type": "Point", "coordinates": [30.0753, -1.8682]}, "properties": {"radio": "GSM", "range_m": "5972", "samples": "7"}}, {"type": "Feature", "geometry": {"type": "Point", "coordinates": [30.0774, -1.8808]}, "properties": {"radio": "GSM", "range_m": "2332", "samples": "16"}}, {"type": "Feature", "geometry": {"type": "Point", "coordinates": [30.0764, -1.8822]}, "properties": {"radio": "GSM", "range_m": "2993", "samples": "21"}}, {"type": "Feature", "geometry": {"type": "Point", "coordinates": [30.0779, -1.8811]}, "properties": {"radio": "GSM", "range_m": "1306", "samples": "16"}}, {"type": "Feature", "geometry": {"type": "Point", "coordinates": [30.0635, -1.8937]}, "properties": {"radio": "GSM", "range_m": "2794", "samples": "18"}}, {"type": "Feature", "geometry": {"type": "Point", "coordinates": [30.077, -1.881]}, "properties": {"radio": "GSM", "range_m": "1318", "samples": "10"}}, {"type": "Feature", "geometry": {"type": "Point", "coordinates": [30.088, -1.8778]}, "properties": {"radio": "GSM", "range_m": "1000", "samples": "2"}}, {"type": "Feature", "geometry": {"type": "Point", "coordinates": [30.0777, -1.8805]}, "properties": {"radio": "GSM", "range_m": "1277", "samples": "10"}}, {"type": "Feature", "geometry": {"type": "Point", "coordinates": [30.0879, -1.8718]}, "properties": {"radio": "GSM", "range_m": "2347", "samples": "6"}}, {"type": "Feature", "geometry": {"type": "Point", "coordinates": [30.0794, -1.8801]}, "properties": {"radio": "GSM", "range_m": "1208", "samples": "14"}}, {"type": "Feature", "geometry": {"type": "Point", "coordinates": [30.08, -1.8882]}, "properties": {"radio": "GSM", "range_m": "2968", "samples": "6"}}, {"type": "Feature", "geometry": {"type": "Point", "coordinates": [30.0745, -1.8835]}, "properties": {"radio": "GSM", "range_m": "4948", "samples": "18"}}, {"type": "Feature", "geometry": {"type": "Point", "coordinates": [30.0666, -1.8894]}, "properties": {"radio": "GSM", "range_m": "3729", "samples": "14"}}, {"type": "Feature", "geometry": {"type": "Point", "coordinates": [30.0699, -1.8878]}, "properties": {"radio": "GSM", "range_m": "4084", "samples": "24"}}, {"type": "Feature", "geometry": {"type": "Point", "coordinates": [30.1892, -1.9927]}, "properties": {"radio": "GSM", "range_m": "1285", "samples": "12"}}, {"type": "Feature", "geometry": {"type": "Point", "coordinates": [30.1772, -1.9805]}, "properties": {"radio": "GSM", "range_m": "6637", "samples": "11"}}, {"type": "Feature", "geometry": {"type": "Point", "coordinates": [30.1934, -1.9893]}, "properties": {"radio": "GSM", "range_m": "2866", "samples": "12"}}, {"type": "Feature", "geometry": {"type": "Point", "coordinates": [30.1948, -1.9865]}, "properties": {"radio": "GSM", "range_m": "1571", "samples": "8"}}, {"type": "Feature", "geometry": {"type": "Point", "coordinates": [30.1935, -1.9836]}, "properties": {"radio": "GSM", "range_m": "2476", "samples": "11"}}, {"type": "Feature", "geometry": {"type": "Point", "coordinates": [30.141, -1.9581]}, "properties": {"radio": "GSM", "range_m": "1837", "samples": "4"}}, {"type": "Feature", "geometry": {"type": "Point", "coordinates": [30.1243, -1.7924]}, "properties": {"radio": "GSM", "range_m": "2631", "samples": "5"}}, {"type": "Feature", "geometry": {"type": "Point", "coordinates": [30.1231, -1.8085]}, "properties": {"radio": "GSM", "range_m": "1947", "samples": "20"}}, {"type": "Feature", "geometry": {"type": "Point", "coordinates": [30.0807, -1.8788]}, "properties": {"radio": "GSM", "range_m": "1659", "samples": "9"}}, {"type": "Feature", "geometry": {"type": "Point", "coordinates": [30.0808, -1.8827]}, "properties": {"radio": "GSM", "range_m": "1000", "samples": "8"}}, {"type": "Feature", "geometry": {"type": "Point", "coordinates": [30.0534, -1.904]}, "properties": {"radio": "GSM", "range_m": "1610", "samples": "11"}}, {"type": "Feature", "geometry": {"type": "Point", "coordinates": [30.0836, -1.8702]}, "properties": {"radio": "GSM", "range_m": "4500", "samples": "5"}}, {"type": "Feature", "geometry": {"type": "Point", "coordinates": [30.0904, -1.8546]}, "properties": {"radio": "GSM", "range_m": "3737", "samples": "22"}}, {"type": "Feature", "geometry": {"type": "Point", "coordinates": [30.1502, -1.9604]}, "properties": {"radio": "GSM", "range_m": "5044", "samples": "14"}}, {"type": "Feature", "geometry": {"type": "Point", "coordinates": [30.1796, -1.976]}, "properties": {"radio": "GSM", "range_m": "1399", "samples": "4"}}, {"type": "Feature", "geometry": {"type": "Point", "coordinates": [30.1815, -1.9854]}, "properties": {"radio": "GSM", "range_m": "7328", "samples": "17"}}, {"type": "Feature", "geometry": {"type": "Point", "coordinates": [30.1838, -1.9882]}, "properties": {"radio": "GSM", "range_m": "4964", "samples": "13"}}, {"type": "Feature", "geometry": {"type": "Point", "coordinates": [30.1877, -1.9895]}, "properties": {"radio": "GSM", "range_m": "1297", "samples": "11"}}, {"type": "Feature", "geometry": {"type": "Point", "coordinates": [30.188, -1.9929]}, "properties": {"radio": "GSM", "range_m": "1273", "samples": "8"}}, {"type": "Feature", "geometry": {"type": "Point", "coordinates": [30.0716, -1.887]}, "properties": {"radio": "GSM", "range_m": "3521", "samples": "16"}}, {"type": "Feature", "geometry": {"type": "Point", "coordinates": [30.0761, -1.8795]}, "properties": {"radio": "GSM", "range_m": "1000", "samples": "16"}}, {"type": "Feature", "geometry": {"type": "Point", "coordinates": [30.0566, -1.9107]}, "properties": {"radio": "GSM", "range_m": "3806", "samples": "5"}}, {"type": "Feature", "geometry": {"type": "Point", "coordinates": [30.066, -1.8924]}, "properties": {"radio": "GSM", "range_m": "4388", "samples": "22"}}, {"type": "Feature", "geometry": {"type": "Point", "coordinates": [30.0506, -1.9074]}, "properties": {"radio": "GSM", "range_m": "2807", "samples": "9"}}, {"type": "Feature", "geometry": {"type": "Point", "coordinates": [30.0769, -1.8796]}, "properties": {"radio": "GSM", "range_m": "1304", "samples": "11"}}, {"type": "Feature", "geometry": {"type": "Point", "coordinates": [30.0794, -1.8743]}, "properties": {"radio": "GSM", "range_m": "9127", "samples": "15"}}, {"type": "Feature", "geometry": {"type": "Point", "coordinates": [30.0756, -1.8802]}, "properties": {"radio": "GSM", "range_m": "1000", "samples": "9"}}, {"type": "Feature", "geometry": {"type": "Point", "coordinates": [30.0768, -1.8759]}, "properties": {"radio": "GSM", "range_m": "6655", "samples": "16"}}, {"type": "Feature", "geometry": {"type": "Point", "coordinates": [30.0766, -1.8788]}, "properties": {"radio": "GSM", "range_m": "1000", "samples": "11"}}, {"type": "Feature", "geometry": {"type": "Point", "coordinates": [30.1004, -1.8167]}, "properties": {"radio": "GSM", "range_m": "2132", "samples": "20"}}, {"type": "Feature", "geometry": {"type": "Point", "coordinates": [30.0659, -1.8902]}, "properties": {"radio": "GSM", "range_m": "2160", "samples": "16"}}, {"type": "Feature", "geometry": {"type": "Point", "coordinates": [30.0852, -1.8701]}, "properties": {"radio": "GSM", "range_m": "7759", "samples": "17"}}, {"type": "Feature", "geometry": {"type": "Point", "coordinates": [30.0691, -1.8892]}, "properties": {"radio": "GSM", "range_m": "3146", "samples": "15"}}, {"type": "Feature", "geometry": {"type": "Point", "coordinates": [30.0793, -1.8854]}, "properties": {"radio": "GSM", "range_m": "1789", "samples": "4"}}, {"type": "Feature", "geometry": {"type": "Point", "coordinates": [30.1586, -1.9584]}, "properties": {"radio": "GSM", "range_m": "3375", "samples": "15"}}, {"type": "Feature", "geometry": {"type": "Point", "coordinates": [30.1369, -1.9595]}, "properties": {"radio": "GSM", "range_m": "4409", "samples": "16"}}, {"type": "Feature", "geometry": {"type": "Point", "coordinates": [30.1251, -1.9622]}, "properties": {"radio": "GSM", "range_m": "3785", "samples": "8"}}, {"type": "Feature", "geometry": {"type": "Point", "coordinates": [30.1413, -1.9567]}, "properties": {"radio": "GSM", "range_m": "2793", "samples": "18"}}, {"type": "Feature", "geometry": {"type": "Point", "coordinates": [30.094, -1.884]}, "properties": {"radio": "GSM", "range_m": "3736", "samples": "3"}}, {"type": "Feature", "geometry": {"type": "Point", "coordinates": [30.0764, -1.8789]}, "properties": {"radio": "GSM", "range_m": "1000", "samples": "7"}}, {"type": "Feature", "geometry": {"type": "Point", "coordinates": [30.0792, -1.8804]}, "properties": {"radio": "GSM", "range_m": "5114", "samples": "16"}}, {"type": "Feature", "geometry": {"type": "Point", "coordinates": [30.0768, -1.8787]}, "properties": {"radio": "GSM", "range_m": "1000", "samples": "4"}}, {"type": "Feature", "geometry": {"type": "Point", "coordinates": [30.0962, -1.6449]}, "properties": {"radio": "GSM", "range_m": "10631", "samples": "12"}}, {"type": "Feature", "geometry": {"type": "Point", "coordinates": [30.4119, -1.2447]}, "properties": {"radio": "GSM", "range_m": "3909", "samples": "2"}}, {"type": "Feature", "geometry": {"type": "Point", "coordinates": [30.1247, -1.8064]}, "properties": {"radio": "GSM", "range_m": "2400", "samples": "9"}}, {"type": "Feature", "geometry": {"type": "Point", "coordinates": [30.0684, -1.8873]}, "properties": {"radio": "GSM", "range_m": "2255", "samples": "22"}}, {"type": "Feature", "geometry": {"type": "Point", "coordinates": [30.3989, -1.5397]}, "properties": {"radio": "GSM", "range_m": "3182", "samples": "2"}}, {"type": "Feature", "geometry": {"type": "Point", "coordinates": [30.0762, -1.8789]}, "properties": {"radio": "GSM", "range_m": "1000", "samples": "11"}}, {"type": "Feature", "geometry": {"type": "Point", "coordinates": [30.0681, -1.8889]}, "properties": {"radio": "GSM", "range_m": "3873", "samples": "7"}}, {"type": "Feature", "geometry": {"type": "Point", "coordinates": [30.0774, -1.8786]}, "properties": {"radio": "GSM", "range_m": "3028", "samples": "14"}}, {"type": "Feature", "geometry": {"type": "Point", "coordinates": [30.0085, -1.41]}, "properties": {"radio": "UMTS", "range_m": "2028", "samples": "2"}}, {"type": "Feature", "geometry": {"type": "Point", "coordinates": [30.0299, -1.4996]}, "properties": {"radio": "UMTS", "range_m": "1331", "samples": "3"}}, {"type": "Feature", "geometry": {"type": "Point", "coordinates": [30.0529, -1.9028]}, "properties": {"radio": "GSM", "range_m": "1000", "samples": "2"}}, {"type": "Feature", "geometry": {"type": "Point", "coordinates": [30.0947, -1.9689]}, "properties": {"radio": "GSM", "range_m": "2079", "samples": "6"}}, {"type": "Feature", "geometry": {"type": "Point", "coordinates": [30.0908, -1.971]}, "properties": {"radio": "GSM", "range_m": "1219", "samples": "10"}}, {"type": "Feature", "geometry": {"type": "Point", "coordinates": [30.097, -1.969]}, "properties": {"radio": "GSM", "range_m": "1000", "samples": "6"}}, {"type": "Feature", "geometry": {"type": "Point", "coordinates": [30.0975, -1.9688]}, "properties": {"radio": "GSM", "range_m": "1000", "samples": "3"}}, {"type": "Feature", "geometry": {"type": "Point", "coordinates": [30.0739, -1.5644]}, "properties": {"radio": "GSM", "range_m": "1474", "samples": "3"}}, {"type": "Feature", "geometry": {"type": "Point", "coordinates": [30.1544, -2.121]}, "properties": {"radio": "GSM", "range_m": "1000", "samples": "2"}}, {"type": "Feature", "geometry": {"type": "Point", "coordinates": [30.1544, -2.121]}, "properties": {"radio": "GSM", "range_m": "1000", "samples": "2"}}, {"type": "Feature", "geometry": {"type": "Point", "coordinates": [30.1542, -2.1632]}, "properties": {"radio": "GSM", "range_m": "4654", "samples": "5"}}, {"type": "Feature", "geometry": {"type": "Point", "coordinates": [30.1646, -2.1832]}, "properties": {"radio": "GSM", "range_m": "5270", "samples": "6"}}, {"type": "Feature", "geometry": {"type": "Point", "coordinates": [30.1867, -2.1637]}, "properties": {"radio": "GSM", "range_m": "2713", "samples": "4"}}, {"type": "Feature", "geometry": {"type": "Point", "coordinates": [30.1628, -2.1578]}, "properties": {"radio": "GSM", "range_m": "5673", "samples": "4"}}, {"type": "Feature", "geometry": {"type": "Point", "coordinates": [30.1105, -2.0758]}, "properties": {"radio": "GSM", "range_m": "7008", "samples": "7"}}, {"type": "Feature", "geometry": {"type": "Point", "coordinates": [30.167, -2.1392]}, "properties": {"radio": "GSM", "range_m": "2809", "samples": "3"}}, {"type": "Feature", "geometry": {"type": "Point", "coordinates": [30.1854, -2.1628]}, "properties": {"radio": "GSM", "range_m": "2876", "samples": "4"}}, {"type": "Feature", "geometry": {"type": "Point", "coordinates": [30.0654, -1.9417]}, "properties": {"radio": "GSM", "range_m": "1506", "samples": "6"}}, {"type": "Feature", "geometry": {"type": "Point", "coordinates": [30.074, -1.9507]}, "properties": {"radio": "GSM", "range_m": "1739", "samples": "11"}}, {"type": "Feature", "geometry": {"type": "Point", "coordinates": [30.0746, -1.9543]}, "properties": {"radio": "GSM", "range_m": "1969", "samples": "9"}}, {"type": "Feature", "geometry": {"type": "Point", "coordinates": [30.0746, -1.9507]}, "properties": {"radio": "GSM", "range_m": "1000", "samples": "5"}}, {"type": "Feature", "geometry": {"type": "Point", "coordinates": [30.0752, -1.9492]}, "properties": {"radio": "GSM", "range_m": "7447", "samples": "14"}}, {"type": "Feature", "geometry": {"type": "Point", "coordinates": [30.0749, -1.9524]}, "properties": {"radio": "GSM", "range_m": "1000", "samples": "8"}}, {"type": "Feature", "geometry": {"type": "Point", "coordinates": [30.0766, -1.8788]}, "properties": {"radio": "UMTS", "range_m": "1000", "samples": "13"}}, {"type": "Feature", "geometry": {"type": "Point", "coordinates": [30.0813, -1.8811]}, "properties": {"radio": "GSM", "range_m": "5387", "samples": "10"}}, {"type": "Feature", "geometry": {"type": "Point", "coordinates": [30.0766, -1.8788]}, "properties": {"radio": "UMTS", "range_m": "1000", "samples": "3"}}, {"type": "Feature", "geometry": {"type": "Point", "coordinates": [30.0765, -1.8789]}, "properties": {"radio": "UMTS", "range_m": "1000", "samples": "3"}}, {"type": "Feature", "geometry": {"type": "Point", "coordinates": [30.0766, -1.8788]}, "properties": {"radio": "UMTS", "range_m": "1000", "samples": "5"}}, {"type": "Feature", "geometry": {"type": "Point", "coordinates": [30.0764, -1.8789]}, "properties": {"radio": "UMTS", "range_m": "1000", "samples": "9"}}, {"type": "Feature", "geometry": {"type": "Point", "coordinates": [30.1243, -1.8083]}, "properties": {"radio": "GSM", "range_m": "1000", "samples": "10"}}, {"type": "Feature", "geometry": {"type": "Point", "coordinates": [30.1191, -1.7149]}, "properties": {"radio": "UMTS", "range_m": "1770", "samples": "4"}}, {"type": "Feature", "geometry": {"type": "Point", "coordinates": [30.1025, -1.6591]}, "properties": {"radio": "UMTS", "range_m": "1000", "samples": "2"}}, {"type": "Feature", "geometry": {"type": "Point", "coordinates": [30.0778, -1.5665]}, "properties": {"radio": "UMTS", "range_m": "1000", "samples": "2"}}, {"type": "Feature", "geometry": {"type": "Point", "coordinates": [30.0929, -1.9679]}, "properties": {"radio": "GSM", "range_m": "2470", "samples": "5"}}, {"type": "Feature", "geometry": {"type": "Point", "coordinates": [29.32, -1.6972]}, "properties": {"radio": "GSM", "range_m": "1652", "samples": "2"}}, {"type": "Feature", "geometry": {"type": "Point", "coordinates": [29.2642, -1.6725]}, "properties": {"radio": "GSM", "range_m": "1000", "samples": "2"}}, {"type": "Feature", "geometry": {"type": "Point", "coordinates": [30.0729, -1.9545]}, "properties": {"radio": "GSM", "range_m": "3194", "samples": "11"}}, {"type": "Feature", "geometry": {"type": "Point", "coordinates": [30.0697, -1.9427]}, "properties": {"radio": "GSM", "range_m": "1664", "samples": "9"}}, {"type": "Feature", "geometry": {"type": "Point", "coordinates": [30.0832, -1.9684]}, "properties": {"radio": "GSM", "range_m": "4231", "samples": "8"}}, {"type": "Feature", "geometry": {"type": "Point", "coordinates": [30.0681, -1.888]}, "properties": {"radio": "GSM", "range_m": "3958", "samples": "14"}}, {"type": "Feature", "geometry": {"type": "Point", "coordinates": [30.0602, -1.8961]}, "properties": {"radio": "GSM", "range_m": "1000", "samples": "4"}}, {"type": "Feature", "geometry": {"type": "Point", "coordinates": [30.0565, -1.9133]}, "properties": {"radio": "GSM", "range_m": "5100", "samples": "12"}}, {"type": "Feature", "geometry": {"type": "Point", "coordinates": [30.0602, -1.9274]}, "properties": {"radio": "GSM", "range_m": "5681", "samples": "16"}}, {"type": "Feature", "geometry": {"type": "Point", "coordinates": [30.0624, -1.9144]}, "properties": {"radio": "GSM", "range_m": "8552", "samples": "7"}}, {"type": "Feature", "geometry": {"type": "Point", "coordinates": [30.0655, -1.9401]}, "properties": {"radio": "GSM", "range_m": "4937", "samples": "8"}}, {"type": "Feature", "geometry": {"type": "Point", "coordinates": [30.0623, -1.9361]}, "properties": {"radio": "GSM", "range_m": "1000", "samples": "6"}}, {"type": "Feature", "geometry": {"type": "Point", "coordinates": [30.071, -1.938]}, "properties": {"radio": "GSM", "range_m": "4722", "samples": "6"}}, {"type": "Feature", "geometry": {"type": "Point", "coordinates": [30.0836, -1.9612]}, "properties": {"radio": "GSM", "range_m": "1166", "samples": "2"}}, {"type": "Feature", "geometry": {"type": "Point", "coordinates": [30.1405, -1.9572]}, "properties": {"radio": "GSM", "range_m": "2287", "samples": "10"}}, {"type": "Feature", "geometry": {"type": "Point", "coordinates": [30.1455, -1.9543]}, "properties": {"radio": "GSM", "range_m": "2882", "samples": "16"}}, {"type": "Feature", "geometry": {"type": "Point", "coordinates": [30.1456, -1.9574]}, "properties": {"radio": "GSM", "range_m": "2896", "samples": "10"}}, {"type": "Feature", "geometry": {"type": "Point", "coordinates": [30.138, -1.9568]}, "properties": {"radio": "GSM", "range_m": "2016", "samples": "11"}}, {"type": "Feature", "geometry": {"type": "Point", "coordinates": [30.1518, -1.9561]}, "properties": {"radio": "GSM", "range_m": "2583", "samples": "19"}}, {"type": "Feature", "geometry": {"type": "Point", "coordinates": [30.156, -1.9509]}, "properties": {"radio": "GSM", "range_m": "2338", "samples": "8"}}, {"type": "Feature", "geometry": {"type": "Point", "coordinates": [30.1526, -1.9596]}, "properties": {"radio": "GSM", "range_m": "3650", "samples": "16"}}, {"type": "Feature", "geometry": {"type": "Point", "coordinates": [30.1519, -1.9561]}, "properties": {"radio": "GSM", "range_m": "3214", "samples": "8"}}, {"type": "Feature", "geometry": {"type": "Point", "coordinates": [30.1624, -1.961]}, "properties": {"radio": "GSM", "range_m": "7007", "samples": "12"}}, {"type": "Feature", "geometry": {"type": "Point", "coordinates": [30.1644, -1.9552]}, "properties": {"radio": "GSM", "range_m": "5090", "samples": "6"}}, {"type": "Feature", "geometry": {"type": "Point", "coordinates": [30.1527, -1.9504]}, "properties": {"radio": "GSM", "range_m": "4011", "samples": "14"}}, {"type": "Feature", "geometry": {"type": "Point", "coordinates": [30.1507, -1.9576]}, "properties": {"radio": "GSM", "range_m": "3665", "samples": "11"}}, {"type": "Feature", "geometry": {"type": "Point", "coordinates": [30.083, -1.87]}, "properties": {"radio": "GSM", "range_m": "2586", "samples": "5"}}, {"type": "Feature", "geometry": {"type": "Point", "coordinates": [30.1543, -1.95]}, "properties": {"radio": "GSM", "range_m": "7337", "samples": "10"}}, {"type": "Feature", "geometry": {"type": "Point", "coordinates": [30.1586, -1.9559]}, "properties": {"radio": "GSM", "range_m": "1022", "samples": "8"}}, {"type": "Feature", "geometry": {"type": "Point", "coordinates": [30.1547, -1.957]}, "properties": {"radio": "GSM", "range_m": "3960", "samples": "7"}}, {"type": "Feature", "geometry": {"type": "Point", "coordinates": [30.1548, -1.9403]}, "properties": {"radio": "GSM", "range_m": "1076", "samples": "13"}}, {"type": "Feature", "geometry": {"type": "Point", "coordinates": [30.1513, -1.9338]}, "properties": {"radio": "GSM", "range_m": "3501", "samples": "6"}}, {"type": "Feature", "geometry": {"type": "Point", "coordinates": [30.0477, -1.9164]}, "properties": {"radio": "GSM", "range_m": "1000", "samples": "7"}}, {"type": "Feature", "geometry": {"type": "Point", "coordinates": [30.0512, -1.9183]}, "properties": {"radio": "GSM", "range_m": "4894", "samples": "8"}}, {"type": "Feature", "geometry": {"type": "Point", "coordinates": [30.068, -1.9401]}, "properties": {"radio": "GSM", "range_m": "1000", "samples": "9"}}, {"type": "Feature", "geometry": {"type": "Point", "coordinates": [30.06, -1.9334]}, "properties": {"radio": "GSM", "range_m": "2074", "samples": "10"}}, {"type": "Feature", "geometry": {"type": "Point", "coordinates": [30.0508, -1.9322]}, "properties": {"radio": "GSM", "range_m": "3027", "samples": "8"}}, {"type": "Feature", "geometry": {"type": "Point", "coordinates": [30.0683, -1.8873]}, "properties": {"radio": "GSM", "range_m": "1894", "samples": "6"}}, {"type": "Feature", "geometry": {"type": "Point", "coordinates": [30.0758, -1.8834]}, "properties": {"radio": "GSM", "range_m": "4135", "samples": "10"}}, {"type": "Feature", "geometry": {"type": "Point", "coordinates": [30.0828, -1.8804]}, "properties": {"radio": "GSM", "range_m": "2205", "samples": "8"}}, {"type": "Feature", "geometry": {"type": "Point", "coordinates": [30.0838, -1.8806]}, "properties": {"radio": "GSM", "range_m": "2092", "samples": "7"}}, {"type": "Feature", "geometry": {"type": "Point", "coordinates": [30.0829, -1.881]}, "properties": {"radio": "GSM", "range_m": "2186", "samples": "4"}}, {"type": "Feature", "geometry": {"type": "Point", "coordinates": [30.0779, -1.8786]}, "properties": {"radio": "GSM", "range_m": "1000", "samples": "2"}}, {"type": "Feature", "geometry": {"type": "Point", "coordinates": [30.0814, -1.8718]}, "properties": {"radio": "GSM", "range_m": "8781", "samples": "10"}}, {"type": "Feature", "geometry": {"type": "Point", "coordinates": [30.0693, -1.8869]}, "properties": {"radio": "GSM", "range_m": "2085", "samples": "8"}}, {"type": "Feature", "geometry": {"type": "Point", "coordinates": [30.1426, -1.955]}, "properties": {"radio": "GSM", "range_m": "1323", "samples": "12"}}, {"type": "Feature", "geometry": {"type": "Point", "coordinates": [30.1469, -1.9569]}, "properties": {"radio": "GSM", "range_m": "1976", "samples": "11"}}, {"type": "Feature", "geometry": {"type": "Point", "coordinates": [30.1369, -1.9571]}, "properties": {"radio": "GSM", "range_m": "1083", "samples": "6"}}, {"type": "Feature", "geometry": {"type": "Point", "coordinates": [30.1446, -1.9568]}, "properties": {"radio": "GSM", "range_m": "2787", "samples": "7"}}, {"type": "Feature", "geometry": {"type": "Point", "coordinates": [30.1337, -1.9583]}, "properties": {"radio": "GSM", "range_m": "2798", "samples": "16"}}, {"type": "Feature", "geometry": {"type": "Point", "coordinates": [30.1264, -1.9655]}, "properties": {"radio": "GSM", "range_m": "7932", "samples": "8"}}, {"type": "Feature", "geometry": {"type": "Point", "coordinates": [30.1167, -1.9609]}, "properties": {"radio": "GSM", "range_m": "2210", "samples": "12"}}, {"type": "Feature", "geometry": {"type": "Point", "coordinates": [30.0587, -1.9292]}, "properties": {"radio": "GSM", "range_m": "2588", "samples": "4"}}, {"type": "Feature", "geometry": {"type": "Point", "coordinates": [30.1173, -1.9614]}, "properties": {"radio": "GSM", "range_m": "1000", "samples": "7"}}, {"type": "Feature", "geometry": {"type": "Point", "coordinates": [30.1137, -1.9628]}, "properties": {"radio": "GSM", "range_m": "1855", "samples": "8"}}, {"type": "Feature", "geometry": {"type": "Point", "coordinates": [30.1136, -1.9638]}, "properties": {"radio": "GSM", "range_m": "1734", "samples": "8"}}, {"type": "Feature", "geometry": {"type": "Point", "coordinates": [30.0835, -1.9493]}, "properties": {"radio": "GSM", "range_m": "3199", "samples": "2"}}, {"type": "Feature", "geometry": {"type": "Point", "coordinates": [30.1089, -1.9631]}, "properties": {"radio": "GSM", "range_m": "1000", "samples": "2"}}, {"type": "Feature", "geometry": {"type": "Point", "coordinates": [30.1419, -1.9574]}, "properties": {"radio": "GSM", "range_m": "2041", "samples": "11"}}, {"type": "Feature", "geometry": {"type": "Point", "coordinates": [30.1486, -1.9577]}, "properties": {"radio": "GSM", "range_m": "3638", "samples": "14"}}, {"type": "Feature", "geometry": {"type": "Point", "coordinates": [30.1521, -1.9584]}, "properties": {"radio": "GSM", "range_m": "2446", "samples": "16"}}, {"type": "Feature", "geometry": {"type": "Point", "coordinates": [30.1576, -1.9588]}, "properties": {"radio": "GSM", "range_m": "1440", "samples": "8"}}, {"type": "Feature", "geometry": {"type": "Point", "coordinates": [30.1598, -1.9602]}, "properties": {"radio": "GSM", "range_m": "4250", "samples": "10"}}, {"type": "Feature", "geometry": {"type": "Point", "coordinates": [30.1596, -1.9611]}, "properties": {"radio": "GSM", "range_m": "4197", "samples": "8"}}, {"type": "Feature", "geometry": {"type": "Point", "coordinates": [30.1616, -1.961]}, "properties": {"radio": "GSM", "range_m": "4762", "samples": "13"}}, {"type": "Feature", "geometry": {"type": "Point", "coordinates": [30.1425, -1.9575]}, "properties": {"radio": "GSM", "range_m": "2789", "samples": "10"}}, {"type": "Feature", "geometry": {"type": "Point", "coordinates": [30.0762, -1.8789]}, "properties": {"radio": "GSM", "range_m": "1000", "samples": "2"}}, {"type": "Feature", "geometry": {"type": "Point", "coordinates": [30.1146, -1.9609]}, "properties": {"radio": "GSM", "range_m": "1000", "samples": "7"}}, {"type": "Feature", "geometry": {"type": "Point", "coordinates": [30.1161, -1.9611]}, "properties": {"radio": "GSM", "range_m": "2297", "samples": "12"}}, {"type": "Feature", "geometry": {"type": "Point", "coordinates": [30.1196, -1.9603]}, "properties": {"radio": "GSM", "range_m": "2070", "samples": "12"}}, {"type": "Feature", "geometry": {"type": "Point", "coordinates": [30.1135, -1.9631]}, "properties": {"radio": "GSM", "range_m": "2631", "samples": "9"}}, {"type": "Feature", "geometry": {"type": "Point", "coordinates": [30.0748, -1.9535]}, "properties": {"radio": "GSM", "range_m": "2000", "samples": "9"}}, {"type": "Feature", "geometry": {"type": "Point", "coordinates": [30.0797, -1.8734]}, "properties": {"radio": "GSM", "range_m": "7823", "samples": "10"}}, {"type": "Feature", "geometry": {"type": "Point", "coordinates": [30.405, -1.501]}, "properties": {"radio": "GSM", "range_m": "1823", "samples": "2"}}, {"type": "Feature", "geometry": {"type": "Point", "coordinates": [30.0753, -1.8798]}, "properties": {"radio": "GSM", "range_m": "1000", "samples": "3"}}, {"type": "Feature", "geometry": {"type": "Point", "coordinates": [30.0643, -1.9371]}, "properties": {"radio": "GSM", "range_m": "1000", "samples": "7"}}, {"type": "Feature", "geometry": {"type": "Point", "coordinates": [30.0605, -1.9365]}, "properties": {"radio": "GSM", "range_m": "1000", "samples": "4"}}, {"type": "Feature", "geometry": {"type": "Point", "coordinates": [30.0673, -1.9329]}, "properties": {"radio": "GSM", "range_m": "6051", "samples": "8"}}, {"type": "Feature", "geometry": {"type": "Point", "coordinates": [30.069, -1.941]}, "properties": {"radio": "GSM", "range_m": "1000", "samples": "9"}}, {"type": "Feature", "geometry": {"type": "Point", "coordinates": [30.0741, -1.9502]}, "properties": {"radio": "GSM", "range_m": "3114", "samples": "5"}}, {"type": "Feature", "geometry": {"type": "Point", "coordinates": [30.0697, -1.9415]}, "properties": {"radio": "GSM", "range_m": "1000", "samples": "4"}}, {"type": "Feature", "geometry": {"type": "Point", "coordinates": [30.0726, -1.9481]}, "properties": {"radio": "GSM", "range_m": "3764", "samples": "3"}}, {"type": "Feature", "geometry": {"type": "Point", "coordinates": [30.0946, -1.968]}, "properties": {"radio": "GSM", "range_m": "1000", "samples": "2"}}, {"type": "Feature", "geometry": {"type": "Point", "coordinates": [30.089, -1.9652]}, "properties": {"radio": "GSM", "range_m": "1871", "samples": "3"}}, {"type": "Feature", "geometry": {"type": "Point", "coordinates": [30.1226, -1.9617]}, "properties": {"radio": "GSM", "range_m": "1000", "samples": "9"}}, {"type": "Feature", "geometry": {"type": "Point", "coordinates": [30.1167, -1.9603]}, "properties": {"radio": "GSM", "range_m": "2549", "samples": "7"}}, {"type": "Feature", "geometry": {"type": "Point", "coordinates": [30.1756, -1.9709]}, "properties": {"radio": "GSM", "range_m": "3231", "samples": "10"}}, {"type": "Feature", "geometry": {"type": "Point", "coordinates": [30.1645, -1.9554]}, "properties": {"radio": "GSM", "range_m": "5125", "samples": "7"}}, {"type": "Feature", "geometry": {"type": "Point", "coordinates": [30.1553, -1.9488]}, "properties": {"radio": "GSM", "range_m": "1803", "samples": "7"}}, {"type": "Feature", "geometry": {"type": "Point", "coordinates": [30.1733, -1.9668]}, "properties": {"radio": "GSM", "range_m": "3521", "samples": "9"}}, {"type": "Feature", "geometry": {"type": "Point", "coordinates": [30.1711, -1.9634]}, "properties": {"radio": "GSM", "range_m": "3923", "samples": "6"}}, {"type": "Feature", "geometry": {"type": "Point", "coordinates": [30.1612, -1.9488]}, "properties": {"radio": "GSM", "range_m": "1000", "samples": "5"}}, {"type": "Feature", "geometry": {"type": "Point", "coordinates": [30.0756, -1.8799]}, "properties": {"radio": "GSM", "range_m": "1000", "samples": "9"}}, {"type": "Feature", "geometry": {"type": "Point", "coordinates": [30.1474, -1.9522]}, "properties": {"radio": "GSM", "range_m": "3071", "samples": "3"}}, {"type": "Feature", "geometry": {"type": "Point", "coordinates": [30.1684, -1.9584]}, "properties": {"radio": "GSM", "range_m": "4558", "samples": "4"}}, {"type": "Feature", "geometry": {"type": "Point", "coordinates": [30.1616, -1.9486]}, "properties": {"radio": "GSM", "range_m": "1000", "samples": "4"}}, {"type": "Feature", "geometry": {"type": "Point", "coordinates": [30.1693, -1.9594]}, "properties": {"radio": "GSM", "range_m": "4412", "samples": "3"}}, {"type": "Feature", "geometry": {"type": "Point", "coordinates": [30.1788, -1.9793]}, "properties": {"radio": "GSM", "range_m": "4031", "samples": "3"}}, {"type": "Feature", "geometry": {"type": "Point", "coordinates": [30.1464, -1.9437]}, "properties": {"radio": "GSM", "range_m": "1717", "samples": "3"}}, {"type": "Feature", "geometry": {"type": "Point", "coordinates": [30.1561, -1.9629]}, "properties": {"radio": "GSM", "range_m": "4332", "samples": "9"}}, {"type": "Feature", "geometry": {"type": "Point", "coordinates": [30.1362, -1.9552]}, "properties": {"radio": "GSM", "range_m": "2705", "samples": "9"}}, {"type": "Feature", "geometry": {"type": "Point", "coordinates": [30.3722, -1.9365]}, "properties": {"radio": "GSM", "range_m": "14973", "samples": "8"}}, {"type": "Feature", "geometry": {"type": "Point", "coordinates": [30.2819, -1.905]}, "properties": {"radio": "GSM", "range_m": "2363", "samples": "8"}}, {"type": "Feature", "geometry": {"type": "Point", "coordinates": [30.3179, -1.8966]}, "properties": {"radio": "GSM", "range_m": "18326", "samples": "10"}}, {"type": "Feature", "geometry": {"type": "Point", "coordinates": [30.1981, -1.9834]}, "properties": {"radio": "GSM", "range_m": "2205", "samples": "4"}}, {"type": "Feature", "geometry": {"type": "Point", "coordinates": [30.1574, -1.9624]}, "properties": {"radio": "GSM", "range_m": "3210", "samples": "7"}}, {"type": "Feature", "geometry": {"type": "Point", "coordinates": [30.179, -1.9797]}, "properties": {"radio": "GSM", "range_m": "4014", "samples": "7"}}, {"type": "Feature", "geometry": {"type": "Point", "coordinates": [30.1363, -1.9604]}, "properties": {"radio": "GSM", "range_m": "4265", "samples": "8"}}, {"type": "Feature", "geometry": {"type": "Point", "coordinates": [30.1316, -1.9599]}, "properties": {"radio": "GSM", "range_m": "2609", "samples": "7"}}, {"type": "Feature", "geometry": {"type": "Point", "coordinates": [30.1211, -1.9619]}, "properties": {"radio": "GSM", "range_m": "1128", "samples": "6"}}, {"type": "Feature", "geometry": {"type": "Point", "coordinates": [30.5079, -1.8939]}, "properties": {"radio": "GSM", "range_m": "1185", "samples": "4"}}, {"type": "Feature", "geometry": {"type": "Point", "coordinates": [30.2256, -1.9758]}, "properties": {"radio": "GSM", "range_m": "2395", "samples": "6"}}, {"type": "Feature", "geometry": {"type": "Point", "coordinates": [30.1614, -1.9631]}, "properties": {"radio": "GSM", "range_m": "1000", "samples": "3"}}, {"type": "Feature", "geometry": {"type": "Point", "coordinates": [30.1387, -1.9557]}, "properties": {"radio": "GSM", "range_m": "1838", "samples": "9"}}, {"type": "Feature", "geometry": {"type": "Point", "coordinates": [30.1473, -1.9591]}, "properties": {"radio": "GSM", "range_m": "2565", "samples": "4"}}, {"type": "Feature", "geometry": {"type": "Point", "coordinates": [30.2138, -1.9816]}, "properties": {"radio": "GSM", "range_m": "1000", "samples": "4"}}, {"type": "Feature", "geometry": {"type": "Point", "coordinates": [30.22, -1.9805]}, "properties": {"radio": "GSM", "range_m": "1000", "samples": "4"}}, {"type": "Feature", "geometry": {"type": "Point", "coordinates": [30.2177, -1.981]}, "properties": {"radio": "GSM", "range_m": "1000", "samples": "3"}}, {"type": "Feature", "geometry": {"type": "Point", "coordinates": [30.2058, -1.9756]}, "properties": {"radio": "GSM", "range_m": "3950", "samples": "8"}}, {"type": "Feature", "geometry": {"type": "Point", "coordinates": [30.1958, -1.98]}, "properties": {"radio": "GSM", "range_m": "3753", "samples": "5"}}, {"type": "Feature", "geometry": {"type": "Point", "coordinates": [30.1885, -1.9912]}, "properties": {"radio": "GSM", "range_m": "2706", "samples": "16"}}, {"type": "Feature", "geometry": {"type": "Point", "coordinates": [30.1874, -1.9933]}, "properties": {"radio": "GSM", "range_m": "1171", "samples": "7"}}, {"type": "Feature", "geometry": {"type": "Point", "coordinates": [30.1892, -1.9922]}, "properties": {"radio": "GSM", "range_m": "1110", "samples": "13"}}, {"type": "Feature", "geometry": {"type": "Point", "coordinates": [30.1888, -1.9927]}, "properties": {"radio": "GSM", "range_m": "1156", "samples": "9"}}, {"type": "Feature", "geometry": {"type": "Point", "coordinates": [30.1739, -1.9726]}, "properties": {"radio": "GSM", "range_m": "2877", "samples": "9"}}, {"type": "Feature", "geometry": {"type": "Point", "coordinates": [30.1871, -1.9867]}, "properties": {"radio": "GSM", "range_m": "2228", "samples": "11"}}, {"type": "Feature", "geometry": {"type": "Point", "coordinates": [30.1689, -1.9743]}, "properties": {"radio": "GSM", "range_m": "5667", "samples": "10"}}, {"type": "Feature", "geometry": {"type": "Point", "coordinates": [30.1473, -1.9588]}, "properties": {"radio": "GSM", "range_m": "3534", "samples": "10"}}, {"type": "Feature", "geometry": {"type": "Point", "coordinates": [30.1152, -1.961]}, "properties": {"radio": "GSM", "range_m": "1607", "samples": "7"}}, {"type": "Feature", "geometry": {"type": "Point", "coordinates": [30.1187, -1.9601]}, "properties": {"radio": "GSM", "range_m": "1000", "samples": "2"}}, {"type": "Feature", "geometry": {"type": "Point", "coordinates": [30.1153, -1.9602]}, "properties": {"radio": "GSM", "range_m": "1000", "samples": "2"}}, {"type": "Feature", "geometry": {"type": "Point", "coordinates": [30.0894, -1.9482]}, "properties": {"radio": "GSM", "range_m": "3744", "samples": "4"}}, {"type": "Feature", "geometry": {"type": "Point", "coordinates": [30.1304, -1.9589]}, "properties": {"radio": "GSM", "range_m": "1053", "samples": "4"}}, {"type": "Feature", "geometry": {"type": "Point", "coordinates": [30.1378, -1.959]}, "properties": {"radio": "GSM", "range_m": "1950", "samples": "11"}}, {"type": "Feature", "geometry": {"type": "Point", "coordinates": [30.097, -1.9715]}, "properties": {"radio": "GSM", "range_m": "1352", "samples": "14"}}, {"type": "Feature", "geometry": {"type": "Point", "coordinates": [30.0985, -1.9722]}, "properties": {"radio": "GSM", "range_m": "1000", "samples": "3"}}, {"type": "Feature", "geometry": {"type": "Point", "coordinates": [30.2355, -1.9575]}, "properties": {"radio": "GSM", "range_m": "1000", "samples": "3"}}, {"type": "Feature", "geometry": {"type": "Point", "coordinates": [30.1306, -1.9578]}, "properties": {"radio": "GSM", "range_m": "1077", "samples": "7"}}, {"type": "Feature", "geometry": {"type": "Point", "coordinates": [30.1208, -1.961]}, "properties": {"radio": "GSM", "range_m": "1000", "samples": "9"}}, {"type": "Feature", "geometry": {"type": "Point", "coordinates": [30.1341, -1.9577]}, "properties": {"radio": "GSM", "range_m": "1630", "samples": "5"}}, {"type": "Feature", "geometry": {"type": "Point", "coordinates": [30.0478, -1.9171]}, "properties": {"radio": "GSM", "range_m": "1354", "samples": "8"}}, {"type": "Feature", "geometry": {"type": "Point", "coordinates": [30.0474, -1.9197]}, "properties": {"radio": "GSM", "range_m": "1000", "samples": "6"}}, {"type": "Feature", "geometry": {"type": "Point", "coordinates": [30.0493, -1.9176]}, "properties": {"radio": "GSM", "range_m": "3018", "samples": "6"}}, {"type": "Feature", "geometry": {"type": "Point", "coordinates": [30.0474, -1.9196]}, "properties": {"radio": "GSM", "range_m": "1636", "samples": "11"}}, {"type": "Feature", "geometry": {"type": "Point", "coordinates": [30.0479, -1.9152]}, "properties": {"radio": "GSM", "range_m": "1145", "samples": "2"}}, {"type": "Feature", "geometry": {"type": "Point", "coordinates": [30.0509, -1.935]}, "properties": {"radio": "GSM", "range_m": "1302", "samples": "9"}}, {"type": "Feature", "geometry": {"type": "Point", "coordinates": [30.0513, -1.9294]}, "properties": {"radio": "GSM", "range_m": "3690", "samples": "10"}}, {"type": "Feature", "geometry": {"type": "Point", "coordinates": [30.0534, -1.9359]}, "properties": {"radio": "GSM", "range_m": "1999", "samples": "6"}}, {"type": "Feature", "geometry": {"type": "Point", "coordinates": [30.0499, -1.9351]}, "properties": {"radio": "GSM", "range_m": "3594", "samples": "9"}}, {"type": "Feature", "geometry": {"type": "Point", "coordinates": [30.0465, -1.933]}, "properties": {"radio": "GSM", "range_m": "1470", "samples": "9"}}, {"type": "Feature", "geometry": {"type": "Point", "coordinates": [30.0494, -1.9292]}, "properties": {"radio": "GSM", "range_m": "6280", "samples": "8"}}, {"type": "Feature", "geometry": {"type": "Point", "coordinates": [30.0678, -1.9399]}, "properties": {"radio": "GSM", "range_m": "1000", "samples": "8"}}, {"type": "Feature", "geometry": {"type": "Point", "coordinates": [30.0557, -1.9363]}, "properties": {"radio": "GSM", "range_m": "1447", "samples": "6"}}, {"type": "Feature", "geometry": {"type": "Point", "coordinates": [30.0694, -1.9414]}, "properties": {"radio": "GSM", "range_m": "1000", "samples": "2"}}, {"type": "Feature", "geometry": {"type": "Point", "coordinates": [30.0645, -1.9376]}, "properties": {"radio": "GSM", "range_m": "1000", "samples": "8"}}, {"type": "Feature", "geometry": {"type": "Point", "coordinates": [30.0676, -1.9395]}, "properties": {"radio": "GSM", "range_m": "1000", "samples": "3"}}, {"type": "Feature", "geometry": {"type": "Point", "coordinates": [30.0705, -1.9411]}, "properties": {"radio": "GSM", "range_m": "5435", "samples": "9"}}, {"type": "Feature", "geometry": {"type": "Point", "coordinates": [30.0817, -1.9568]}, "properties": {"radio": "GSM", "range_m": "5399", "samples": "6"}}, {"type": "Feature", "geometry": {"type": "Point", "coordinates": [30.0853, -1.9726]}, "properties": {"radio": "GSM", "range_m": "1000", "samples": "6"}}, {"type": "Feature", "geometry": {"type": "Point", "coordinates": [30.4359, -1.9176]}, "properties": {"radio": "GSM", "range_m": "5326", "samples": "3"}}, {"type": "Feature", "geometry": {"type": "Point", "coordinates": [30.1304, -1.9591]}, "properties": {"radio": "GSM", "range_m": "2426", "samples": "7"}}, {"type": "Feature", "geometry": {"type": "Point", "coordinates": [30.1, -1.9741]}, "properties": {"radio": "GSM", "range_m": "1000", "samples": "3"}}, {"type": "Feature", "geometry": {"type": "Point", "coordinates": [30.0843, -1.9763]}, "properties": {"radio": "GSM", "range_m": "1000", "samples": "10"}}, {"type": "Feature", "geometry": {"type": "Point", "coordinates": [30.0849, -1.9741]}, "properties": {"radio": "GSM", "range_m": "1000", "samples": "10"}}, {"type": "Feature", "geometry": {"type": "Point", "coordinates": [30.0852, -1.9744]}, "properties": {"radio": "GSM", "range_m": "1000", "samples": "10"}}, {"type": "Feature", "geometry": {"type": "Point", "coordinates": [30.0866, -1.9747]}, "properties": {"radio": "GSM", "range_m": "1272", "samples": "6"}}, {"type": "Feature", "geometry": {"type": "Point", "coordinates": [30.0906, -1.9755]}, "properties": {"radio": "GSM", "range_m": "1071", "samples": "5"}}, {"type": "Feature", "geometry": {"type": "Point", "coordinates": [30.0845, -1.9746]}, "properties": {"radio": "GSM", "range_m": "1000", "samples": "12"}}, {"type": "Feature", "geometry": {"type": "Point", "coordinates": [30.1009, -1.9741]}, "properties": {"radio": "GSM", "range_m": "1087", "samples": "12"}}, {"type": "Feature", "geometry": {"type": "Point", "coordinates": [30.0846, -1.9751]}, "properties": {"radio": "GSM", "range_m": "1000", "samples": "10"}}, {"type": "Feature", "geometry": {"type": "Point", "coordinates": [30.0878, -1.9779]}, "properties": {"radio": "GSM", "range_m": "1424", "samples": "4"}}, {"type": "Feature", "geometry": {"type": "Point", "coordinates": [30.0848, -1.9744]}, "properties": {"radio": "GSM", "range_m": "1000", "samples": "8"}}, {"type": "Feature", "geometry": {"type": "Point", "coordinates": [30.0848, -1.9747]}, "properties": {"radio": "GSM", "range_m": "1000", "samples": "15"}}, {"type": "Feature", "geometry": {"type": "Point", "coordinates": [30.0846, -1.9708]}, "properties": {"radio": "GSM", "range_m": "2013", "samples": "12"}}, {"type": "Feature", "geometry": {"type": "Point", "coordinates": [30.0841, -1.9765]}, "properties": {"radio": "GSM", "range_m": "1000", "samples": "11"}}, {"type": "Feature", "geometry": {"type": "Point", "coordinates": [30.1146, -1.9621]}, "properties": {"radio": "GSM", "range_m": "1010", "samples": "5"}}, {"type": "Feature", "geometry": {"type": "Point", "coordinates": [30.1572, -1.9584]}, "properties": {"radio": "GSM", "range_m": "1000", "samples": "3"}}, {"type": "Feature", "geometry": {"type": "Point", "coordinates": [30.1555, -1.9571]}, "properties": {"radio": "GSM", "range_m": "1000", "samples": "9"}}, {"type": "Feature", "geometry": {"type": "Point", "coordinates": [30.1538, -1.9568]}, "properties": {"radio": "GSM", "range_m": "1000", "samples": "6"}}, {"type": "Feature", "geometry": {"type": "Point", "coordinates": [30.1514, -1.9493]}, "properties": {"radio": "GSM", "range_m": "4705", "samples": "6"}}, {"type": "Feature", "geometry": {"type": "Point", "coordinates": [30.1533, -1.9581]}, "properties": {"radio": "GSM", "range_m": "1653", "samples": "6"}}, {"type": "Feature", "geometry": {"type": "Point", "coordinates": [30.1006, -1.9731]}, "properties": {"radio": "GSM", "range_m": "1397", "samples": "19"}}, {"type": "Feature", "geometry": {"type": "Point", "coordinates": [30.0859, -1.9712]}, "properties": {"radio": "GSM", "range_m": "1428", "samples": "12"}}, {"type": "Feature", "geometry": {"type": "Point", "coordinates": [30.0856, -1.9705]}, "properties": {"radio": "GSM", "range_m": "1866", "samples": "14"}}, {"type": "Feature", "geometry": {"type": "Point", "coordinates": [30.0926, -1.973]}, "properties": {"radio": "GSM", "range_m": "1367", "samples": "12"}}, {"type": "Feature", "geometry": {"type": "Point", "coordinates": [30.0864, -1.9675]}, "properties": {"radio": "GSM", "range_m": "1000", "samples": "5"}}, {"type": "Feature", "geometry": {"type": "Point", "coordinates": [30.0707, -1.9513]}, "properties": {"radio": "GSM", "range_m": "3894", "samples": "5"}}, {"type": "Feature", "geometry": {"type": "Point", "coordinates": [30.0901, -1.9707]}, "properties": {"radio": "GSM", "range_m": "1017", "samples": "4"}}, {"type": "Feature", "geometry": {"type": "Point", "coordinates": [30.1105, -1.9627]}, "properties": {"radio": "GSM", "range_m": "1000", "samples": "6"}}, {"type": "Feature", "geometry": {"type": "Point", "coordinates": [30.0796, -1.9576]}, "properties": {"radio": "GSM", "range_m": "2471", "samples": "5"}}, {"type": "Feature", "geometry": {"type": "Point", "coordinates": [30.0714, -1.9492]}, "properties": {"radio": "GSM", "range_m": "1637", "samples": "3"}}, {"type": "Feature", "geometry": {"type": "Point", "coordinates": [30.0801, -1.961]}, "properties": {"radio": "GSM", "range_m": "1771", "samples": "7"}}, {"type": "Feature", "geometry": {"type": "Point", "coordinates": [30.0796, -1.9615]}, "properties": {"radio": "GSM", "range_m": "4131", "samples": "7"}}, {"type": "Feature", "geometry": {"type": "Point", "coordinates": [30.0479, -1.9138]}, "properties": {"radio": "GSM", "range_m": "1000", "samples": "3"}}, {"type": "Feature", "geometry": {"type": "Point", "coordinates": [30.0528, -1.9362]}, "properties": {"radio": "GSM", "range_m": "1000", "samples": "3"}}, {"type": "Feature", "geometry": {"type": "Point", "coordinates": [30.0549, -1.9363]}, "properties": {"radio": "GSM", "range_m": "1000", "samples": "4"}}, {"type": "Feature", "geometry": {"type": "Point", "coordinates": [30.0728, -1.8705]}, "properties": {"radio": "GSM", "range_m": "4397", "samples": "4"}}, {"type": "Feature", "geometry": {"type": "Point", "coordinates": [30.0901, -1.9762]}, "properties": {"radio": "GSM", "range_m": "1325", "samples": "8"}}, {"type": "Feature", "geometry": {"type": "Point", "coordinates": [30.0834, -1.978]}, "properties": {"radio": "GSM", "range_m": "1000", "samples": "3"}}, {"type": "Feature", "geometry": {"type": "Point", "coordinates": [30.1148, -1.9604]}, "properties": {"radio": "GSM", "range_m": "1000", "samples": "2"}}, {"type": "Feature", "geometry": {"type": "Point", "coordinates": [30.1123, -1.9616]}, "properties": {"radio": "GSM", "range_m": "1000", "samples": "2"}}, {"type": "Feature", "geometry": {"type": "Point", "coordinates": [30.0582, -1.9356]}, "properties": {"radio": "GSM", "range_m": "1000", "samples": "4"}}, {"type": "Feature", "geometry": {"type": "Point", "coordinates": [30.0831, -1.8709]}, "properties": {"radio": "GSM", "range_m": "1474", "samples": "4"}}, {"type": "Feature", "geometry": {"type": "Point", "coordinates": [30.2766, -1.8955]}, "properties": {"radio": "GSM", "range_m": "1000", "samples": "2"}}, {"type": "Feature", "geometry": {"type": "Point", "coordinates": [30.1082, -1.9638]}, "properties": {"radio": "GSM", "range_m": "2340", "samples": "8"}}, {"type": "Feature", "geometry": {"type": "Point", "coordinates": [30.0798, -1.9634]}, "properties": {"radio": "GSM", "range_m": "1000", "samples": "3"}}, {"type": "Feature", "geometry": {"type": "Point", "coordinates": [30.0769, -1.9621]}, "properties": {"radio": "GSM", "range_m": "4058", "samples": "5"}}, {"type": "Feature", "geometry": {"type": "Point", "coordinates": [30.0464, -1.9332]}, "properties": {"radio": "GSM", "range_m": "1000", "samples": "4"}}, {"type": "Feature", "geometry": {"type": "Point", "coordinates": [30.0858, -1.97]}, "properties": {"radio": "GSM", "range_m": "1955", "samples": "14"}}, {"type": "Feature", "geometry": {"type": "Point", "coordinates": [30.061, -1.9359]}, "properties": {"radio": "GSM", "range_m": "1000", "samples": "2"}}, {"type": "Feature", "geometry": {"type": "Point", "coordinates": [30.0639, -1.9366]}, "properties": {"radio": "GSM", "range_m": "1000", "samples": "4"}}, {"type": "Feature", "geometry": {"type": "Point", "coordinates": [30.0597, -1.9356]}, "properties": {"radio": "GSM", "range_m": "1000", "samples": "3"}}, {"type": "Feature", "geometry": {"type": "Point", "coordinates": [30.0453, -1.9315]}, "properties": {"radio": "GSM", "range_m": "2073", "samples": "3"}}, {"type": "Feature", "geometry": {"type": "Point", "coordinates": [30.0443, -1.9384]}, "properties": {"radio": "GSM", "range_m": "1000", "samples": "5"}}, {"type": "Feature", "geometry": {"type": "Point", "coordinates": [30.0458, -1.9295]}, "properties": {"radio": "GSM", "range_m": "1140", "samples": "2"}}, {"type": "Feature", "geometry": {"type": "Point", "coordinates": [30.0455, -1.9299]}, "properties": {"radio": "GSM", "range_m": "1087", "samples": "3"}}, {"type": "Feature", "geometry": {"type": "Point", "coordinates": [30.0749, -1.8801]}, "properties": {"radio": "GSM", "range_m": "1923", "samples": "5"}}, {"type": "Feature", "geometry": {"type": "Point", "coordinates": [30.0992, -1.9743]}, "properties": {"radio": "GSM", "range_m": "1822", "samples": "20"}}, {"type": "Feature", "geometry": {"type": "Point", "coordinates": [30.0909, -1.973]}, "properties": {"radio": "GSM", "range_m": "1533", "samples": "10"}}, {"type": "Feature", "geometry": {"type": "Point", "coordinates": [30.0992, -1.9751]}, "properties": {"radio": "GSM", "range_m": "1803", "samples": "10"}}, {"type": "Feature", "geometry": {"type": "Point", "coordinates": [30.0993, -1.9742]}, "properties": {"radio": "GSM", "range_m": "1743", "samples": "14"}}, {"type": "Feature", "geometry": {"type": "Point", "coordinates": [30.098, -1.9732]}, "properties": {"radio": "GSM", "range_m": "1695", "samples": "7"}}, {"type": "Feature", "geometry": {"type": "Point", "coordinates": [30.1015, -1.9737]}, "properties": {"radio": "GSM", "range_m": "1460", "samples": "11"}}, {"type": "Feature", "geometry": {"type": "Point", "coordinates": [30.1007, -1.9757]}, "properties": {"radio": "GSM", "range_m": "1000", "samples": "5"}}, {"type": "Feature", "geometry": {"type": "Point", "coordinates": [30.1009, -1.9752]}, "properties": {"radio": "GSM", "range_m": "1000", "samples": "7"}}, {"type": "Feature", "geometry": {"type": "Point", "coordinates": [30.1008, -1.9734]}, "properties": {"radio": "GSM", "range_m": "2180", "samples": "19"}}, {"type": "Feature", "geometry": {"type": "Point", "coordinates": [30.1001, -1.973]}, "properties": {"radio": "GSM", "range_m": "1000", "samples": "18"}}, {"type": "Feature", "geometry": {"type": "Point", "coordinates": [30.0975, -1.9741]}, "properties": {"radio": "GSM", "range_m": "1552", "samples": "23"}}, {"type": "Feature", "geometry": {"type": "Point", "coordinates": [30.1015, -1.9756]}, "properties": {"radio": "GSM", "range_m": "1000", "samples": "10"}}, {"type": "Feature", "geometry": {"type": "Point", "coordinates": [30.0947, -1.9757]}, "properties": {"radio": "GSM", "range_m": "1153", "samples": "7"}}, {"type": "Feature", "geometry": {"type": "Point", "coordinates": [30.0849, -1.9741]}, "properties": {"radio": "GSM", "range_m": "1000", "samples": "10"}}, {"type": "Feature", "geometry": {"type": "Point", "coordinates": [30.1003, -1.974]}, "properties": {"radio": "GSM", "range_m": "1000", "samples": "14"}}, {"type": "Feature", "geometry": {"type": "Point", "coordinates": [30.0849, -1.974]}, "properties": {"radio": "GSM", "range_m": "1000", "samples": "6"}}, {"type": "Feature", "geometry": {"type": "Point", "coordinates": [30.1006, -1.9741]}, "properties": {"radio": "GSM", "range_m": "1000", "samples": "11"}}, {"type": "Feature", "geometry": {"type": "Point", "coordinates": [30.0886, -1.9738]}, "properties": {"radio": "GSM", "range_m": "1270", "samples": "8"}}, {"type": "Feature", "geometry": {"type": "Point", "coordinates": [30.0591, -1.9354]}, "properties": {"radio": "GSM", "range_m": "1000", "samples": "3"}}, {"type": "Feature", "geometry": {"type": "Point", "coordinates": [30.1078, -1.9633]}, "properties": {"radio": "GSM", "range_m": "1000", "samples": "4"}}, {"type": "Feature", "geometry": {"type": "Point", "coordinates": [30.0615, -1.9362]}, "properties": {"radio": "GSM", "range_m": "1000", "samples": "2"}}, {"type": "Feature", "geometry": {"type": "Point", "coordinates": [30.0652, -1.9377]}, "properties": {"radio": "GSM", "range_m": "1000", "samples": "2"}}, {"type": "Feature", "geometry": {"type": "Point", "coordinates": [30.047, -1.9215]}, "properties": {"radio": "GSM", "range_m": "1000", "samples": "2"}}, {"type": "Feature", "geometry": {"type": "Point", "coordinates": [30.0616, -1.9338]}, "properties": {"radio": "GSM", "range_m": "3102", "samples": "3"}}, {"type": "Feature", "geometry": {"type": "Point", "coordinates": [30.0856, -1.8687]}, "properties": {"radio": "GSM", "range_m": "2007", "samples": "4"}}, {"type": "Feature", "geometry": {"type": "Point", "coordinates": [30.1001, -1.9741]}, "properties": {"radio": "GSM", "range_m": "1000", "samples": "5"}}, {"type": "Feature", "geometry": {"type": "Point", "coordinates": [30.1032, -1.9698]}, "properties": {"radio": "GSM", "range_m": "1000", "samples": "4"}}, {"type": "Feature", "geometry": {"type": "Point", "coordinates": [30.1004, -1.9705]}, "properties": {"radio": "GSM", "range_m": "1000", "samples": "6"}}, {"type": "Feature", "geometry": {"type": "Point", "coordinates": [30.0973, -1.9654]}, "properties": {"radio": "GSM", "range_m": "5013", "samples": "7"}}, {"type": "Feature", "geometry": {"type": "Point", "coordinates": [30.105, -1.9678]}, "properties": {"radio": "GSM", "range_m": "1000", "samples": "2"}}, {"type": "Feature", "geometry": {"type": "Point", "coordinates": [30.0961, -1.9748]}, "properties": {"radio": "GSM", "range_m": "1245", "samples": "12"}}, {"type": "Feature", "geometry": {"type": "Point", "coordinates": [30.1005, -1.9741]}, "properties": {"radio": "GSM", "range_m": "1000", "samples": "12"}}, {"type": "Feature", "geometry": {"type": "Point", "coordinates": [30.119, -1.8138]}, "properties": {"radio": "GSM", "range_m": "1000", "samples": "3"}}, {"type": "Feature", "geometry": {"type": "Point", "coordinates": [30.0998, -1.9733]}, "properties": {"radio": "GSM", "range_m": "1000", "samples": "10"}}, {"type": "Feature", "geometry": {"type": "Point", "coordinates": [30.0987, -1.974]}, "properties": {"radio": "GSM", "range_m": "1662", "samples": "8"}}, {"type": "Feature", "geometry": {"type": "Point", "coordinates": [30.0949, -1.974]}, "properties": {"radio": "GSM", "range_m": "1125", "samples": "3"}}, {"type": "Feature", "geometry": {"type": "Point", "coordinates": [30.0943, -1.9742]}, "properties": {"radio": "GSM", "range_m": "1332", "samples": "8"}}, {"type": "Feature", "geometry": {"type": "Point", "coordinates": [30.101, -1.9738]}, "properties": {"radio": "GSM", "range_m": "1267", "samples": "13"}}, {"type": "Feature", "geometry": {"type": "Point", "coordinates": [30.1, -1.9742]}, "properties": {"radio": "GSM", "range_m": "1000", "samples": "3"}}, {"type": "Feature", "geometry": {"type": "Point", "coordinates": [30.1004, -1.9743]}, "properties": {"radio": "GSM", "range_m": "1000", "samples": "3"}}, {"type": "Feature", "geometry": {"type": "Point", "coordinates": [30.1007, -1.9752]}, "properties": {"radio": "GSM", "range_m": "1000", "samples": "7"}}, {"type": "Feature", "geometry": {"type": "Point", "coordinates": [30.1123, -1.9629]}, "properties": {"radio": "GSM", "range_m": "1269", "samples": "4"}}, {"type": "Feature", "geometry": {"type": "Point", "coordinates": [30.1373, -1.9544]}, "properties": {"radio": "GSM", "range_m": "1000", "samples": "1"}}, {"type": "Feature", "geometry": {"type": "Point", "coordinates": [30.1438, -1.9557]}, "properties": {"radio": "GSM", "range_m": "1000", "samples": "1"}}, {"type": "Feature", "geometry": {"type": "Point", "coordinates": [30.1596, -1.9553]}, "properties": {"radio": "GSM", "range_m": "1000", "samples": "1"}}, {"type": "Feature", "geometry": {"type": "Point", "coordinates": [30.1397, -1.9643]}, "properties": {"radio": "GSM", "range_m": "1000", "samples": "1"}}, {"type": "Feature", "geometry": {"type": "Point", "coordinates": [30.179, -1.9858]}, "properties": {"radio": "GSM", "range_m": "1000", "samples": "1"}}, {"type": "Feature", "geometry": {"type": "Point", "coordinates": [30.179, -1.9858]}, "properties": {"radio": "GSM", "range_m": "1000", "samples": "1"}}, {"type": "Feature", "geometry": {"type": "Point", "coordinates": [30.0818, -1.8727]}, "properties": {"radio": "GSM", "range_m": "1000", "samples": "4"}}, {"type": "Feature", "geometry": {"type": "Point", "coordinates": [30.0784, -1.876]}, "properties": {"radio": "GSM", "range_m": "1410", "samples": "4"}}, {"type": "Feature", "geometry": {"type": "Point", "coordinates": [30.1821, -1.9829]}, "properties": {"radio": "GSM", "range_m": "1659", "samples": "4"}}, {"type": "Feature", "geometry": {"type": "Point", "coordinates": [30.1042, -1.9819]}, "properties": {"radio": "GSM", "range_m": "1000", "samples": "1"}}, {"type": "Feature", "geometry": {"type": "Point", "coordinates": [30.1144, -1.979]}, "properties": {"radio": "GSM", "range_m": "8451", "samples": "7"}}, {"type": "Feature", "geometry": {"type": "Point", "coordinates": [30.1099, -1.9622]}, "properties": {"radio": "GSM", "range_m": "1000", "samples": "1"}}, {"type": "Feature", "geometry": {"type": "Point", "coordinates": [30.1099, -1.9622]}, "properties": {"radio": "GSM", "range_m": "1000", "samples": "1"}}, {"type": "Feature", "geometry": {"type": "Point", "coordinates": [30.1098, -1.9622]}, "properties": {"radio": "GSM", "range_m": "1000", "samples": "1"}}, {"type": "Feature", "geometry": {"type": "Point", "coordinates": [30.1103, -1.962]}, "properties": {"radio": "GSM", "range_m": "1000", "samples": "1"}}, {"type": "Feature", "geometry": {"type": "Point", "coordinates": [30.1023, -1.9685]}, "properties": {"radio": "GSM", "range_m": "3071", "samples": "8"}}, {"type": "Feature", "geometry": {"type": "Point", "coordinates": [30.0893, -1.9715]}, "properties": {"radio": "GSM", "range_m": "1399", "samples": "15"}}, {"type": "Feature", "geometry": {"type": "Point", "coordinates": [30.1019, -1.9741]}, "properties": {"radio": "GSM", "range_m": "1000", "samples": "1"}}, {"type": "Feature", "geometry": {"type": "Point", "coordinates": [30.1, -1.9741]}, "properties": {"radio": "GSM", "range_m": "1000", "samples": "7"}}, {"type": "Feature", "geometry": {"type": "Point", "coordinates": [30.0821, -1.8689]}, "properties": {"radio": "GSM", "range_m": "6517", "samples": "6"}}, {"type": "Feature", "geometry": {"type": "Point", "coordinates": [30.1, -1.9741]}, "properties": {"radio": "GSM", "range_m": "1000", "samples": "2"}}, {"type": "Feature", "geometry": {"type": "Point", "coordinates": [30.191, -1.9767]}, "properties": {"radio": "GSM", "range_m": "5163", "samples": "4"}}, {"type": "Feature", "geometry": {"type": "Point", "coordinates": [30.127, -1.8043]}, "properties": {"radio": "GSM", "range_m": "1000", "samples": "2"}}, {"type": "Feature", "geometry": {"type": "Point", "coordinates": [30.0763, -1.8788]}, "properties": {"radio": "GSM", "range_m": "1000", "samples": "7"}}, {"type": "Feature", "geometry": {"type": "Point", "coordinates": [30.0949, -1.8459]}, "properties": {"radio": "GSM", "range_m": "1000", "samples": "1"}}, {"type": "Feature", "geometry": {"type": "Point", "coordinates": [30.0751, -1.9554]}, "properties": {"radio": "GSM", "range_m": "1000", "samples": "1"}}, {"type": "Feature", "geometry": {"type": "Point", "coordinates": [30.0724, -1.9476]}, "properties": {"radio": "GSM", "range_m": "1000", "samples": "3"}}, {"type": "Feature", "geometry": {"type": "Point", "coordinates": [30.0747, -1.9495]}, "properties": {"radio": "GSM", "range_m": "1000", "samples": "1"}}, {"type": "Feature", "geometry": {"type": "Point", "coordinates": [30.062, -1.9438]}, "properties": {"radio": "GSM", "range_m": "1546", "samples": "2"}}, {"type": "Feature", "geometry": {"type": "Point", "coordinates": [30.0445, -1.9368]}, "properties": {"radio": "GSM", "range_m": "1000", "samples": "3"}}, {"type": "Feature", "geometry": {"type": "Point", "coordinates": [30.0836, -1.8714]}, "properties": {"radio": "GSM", "range_m": "1000", "samples": "2"}}, {"type": "Feature", "geometry": {"type": "Point", "coordinates": [30.1214, -1.898]}, "properties": {"radio": "GSM", "range_m": "1000", "samples": "2"}}, {"type": "Feature", "geometry": {"type": "Point", "coordinates": [30.1217, -1.8982]}, "properties": {"radio": "GSM", "range_m": "1000", "samples": "2"}}, {"type": "Feature", "geometry": {"type": "Point", "coordinates": [30.1164, -1.8948]}, "properties": {"radio": "GSM", "range_m": "1088", "samples": "2"}}, {"type": "Feature", "geometry": {"type": "Point", "coordinates": [30.1243, -1.9005]}, "properties": {"radio": "GSM", "range_m": "1000", "samples": "1"}}, {"type": "Feature", "geometry": {"type": "Point", "coordinates": [30.1206, -1.8964]}, "properties": {"radio": "GSM", "range_m": "1000", "samples": "2"}}, {"type": "Feature", "geometry": {"type": "Point", "coordinates": [30.1313, -1.907]}, "properties": {"radio": "GSM", "range_m": "1000", "samples": "2"}}, {"type": "Feature", "geometry": {"type": "Point", "coordinates": [30.0983, -1.8863]}, "properties": {"radio": "GSM", "range_m": "1000", "samples": "2"}}, {"type": "Feature", "geometry": {"type": "Point", "coordinates": [30.1042, -1.8863]}, "properties": {"radio": "GSM", "range_m": "1000", "samples": "2"}}, {"type": "Feature", "geometry": {"type": "Point", "coordinates": [30.0939, -1.8872]}, "properties": {"radio": "GSM", "range_m": "1000", "samples": "1"}}, {"type": "Feature", "geometry": {"type": "Point", "coordinates": [30.0758, -1.8795]}, "properties": {"radio": "GSM", "range_m": "1000", "samples": "17"}}, {"type": "Feature", "geometry": {"type": "Point", "coordinates": [30.0694, -1.8937]}, "properties": {"radio": "GSM", "range_m": "5292", "samples": "4"}}, {"type": "Feature", "geometry": {"type": "Point", "coordinates": [30.151, -1.9332]}, "properties": {"radio": "GSM", "range_m": "1000", "samples": "1"}}, {"type": "Feature", "geometry": {"type": "Point", "coordinates": [30.1357, -1.9143]}, "properties": {"radio": "GSM", "range_m": "1000", "samples": "2"}}, {"type": "Feature", "geometry": {"type": "Point", "coordinates": [30.1377, -1.9208]}, "properties": {"radio": "GSM", "range_m": "1000", "samples": "1"}}, {"type": "Feature", "geometry": {"type": "Point", "coordinates": [30.1313, -1.907]}, "properties": {"radio": "GSM", "range_m": "1000", "samples": "2"}}, {"type": "Feature", "geometry": {"type": "Point", "coordinates": [30.1292, -1.9064]}, "properties": {"radio": "GSM", "range_m": "1000", "samples": "1"}}, {"type": "Feature", "geometry": {"type": "Point", "coordinates": [30.1292, -1.9064]}, "properties": {"radio": "GSM", "range_m": "1000", "samples": "1"}}, {"type": "Feature", "geometry": {"type": "Point", "coordinates": [30.1211, -1.8973]}, "properties": {"radio": "GSM", "range_m": "1000", "samples": "2"}}, {"type": "Feature", "geometry": {"type": "Point", "coordinates": [30.1235, -1.9002]}, "properties": {"radio": "GSM", "range_m": "1000", "samples": "1"}}, {"type": "Feature", "geometry": {"type": "Point", "coordinates": [30.1178, -1.8926]}, "properties": {"radio": "GSM", "range_m": "1000", "samples": "2"}}, {"type": "Feature", "geometry": {"type": "Point", "coordinates": [30.1178, -1.8927]}, "properties": {"radio": "GSM", "range_m": "1000", "samples": "1"}}, {"type": "Feature", "geometry": {"type": "Point", "coordinates": [30.0935, -1.8829]}, "properties": {"radio": "GSM", "range_m": "1902", "samples": "3"}}, {"type": "Feature", "geometry": {"type": "Point", "coordinates": [30.107, -1.8869]}, "properties": {"radio": "GSM", "range_m": "1000", "samples": "1"}}, {"type": "Feature", "geometry": {"type": "Point", "coordinates": [30.3587, -1.96]}, "properties": {"radio": "GSM", "range_m": "1000", "samples": "1"}}, {"type": "Feature", "geometry": {"type": "Point", "coordinates": [30.1005, -1.9747]}, "properties": {"radio": "GSM", "range_m": "1000", "samples": "11"}}, {"type": "Feature", "geometry": {"type": "Point", "coordinates": [30.1016, -1.9742]}, "properties": {"radio": "GSM", "range_m": "1000", "samples": "1"}}, {"type": "Feature", "geometry": {"type": "Point", "coordinates": [30.1067, -1.964]}, "properties": {"radio": "GSM", "range_m": "1000", "samples": "1"}}, {"type": "Feature", "geometry": {"type": "Point", "coordinates": [30.1139, -1.9607]}, "properties": {"radio": "GSM", "range_m": "1000", "samples": "1"}}, {"type": "Feature", "geometry": {"type": "Point", "coordinates": [30.106, -1.9651]}, "properties": {"radio": "GSM", "range_m": "1000", "samples": "2"}}, {"type": "Feature", "geometry": {"type": "Point", "coordinates": [30.1208, -1.9611]}, "properties": {"radio": "GSM", "range_m": "1000", "samples": "2"}}, {"type": "Feature", "geometry": {"type": "Point", "coordinates": [30.1224, -1.9617]}, "properties": {"radio": "GSM", "range_m": "1000", "samples": "1"}}, {"type": "Feature", "geometry": {"type": "Point", "coordinates": [30.1261, -1.9625]}, "properties": {"radio": "GSM", "range_m": "1000", "samples": "1"}}, {"type": "Feature", "geometry": {"type": "Point", "coordinates": [30.1066, -1.9639]}, "properties": {"radio": "GSM", "range_m": "1000", "samples": "1"}}, {"type": "Feature", "geometry": {"type": "Point", "coordinates": [30.1244, -1.7364]}, "properties": {"radio": "GSM", "range_m": "1000", "samples": "1"}}, {"type": "Feature", "geometry": {"type": "Point", "coordinates": [30.0751, -1.9563]}, "properties": {"radio": "GSM", "range_m": "1000", "samples": "2"}}, {"type": "Feature", "geometry": {"type": "Point", "coordinates": [30.0355, -1.5221]}, "properties": {"radio": "GSM", "range_m": "1000", "samples": "1"}}, {"type": "Feature", "geometry": {"type": "Point", "coordinates": [30.1864, -1.9868]}, "properties": {"radio": "GSM", "range_m": "5035", "samples": "7"}}, {"type": "Feature", "geometry": {"type": "Point", "coordinates": [30.1404, -1.9258]}, "properties": {"radio": "GSM", "range_m": "1000", "samples": "1"}}, {"type": "Feature", "geometry": {"type": "Point", "coordinates": [30.1434, -1.9317]}, "properties": {"radio": "GSM", "range_m": "1000", "samples": "1"}}, {"type": "Feature", "geometry": {"type": "Point", "coordinates": [30.1399, -1.9279]}, "properties": {"radio": "GSM", "range_m": "1000", "samples": "1"}}, {"type": "Feature", "geometry": {"type": "Point", "coordinates": [30.1399, -1.929]}, "properties": {"radio": "GSM", "range_m": "1000", "samples": "1"}}, {"type": "Feature", "geometry": {"type": "Point", "coordinates": [30.1339, -1.9182]}, "properties": {"radio": "GSM", "range_m": "1000", "samples": "1"}}, {"type": "Feature", "geometry": {"type": "Point", "coordinates": [30.1399, -1.929]}, "properties": {"radio": "GSM", "range_m": "1000", "samples": "1"}}, {"type": "Feature", "geometry": {"type": "Point", "coordinates": [30.1339, -1.9182]}, "properties": {"radio": "GSM", "range_m": "1000", "samples": "1"}}, {"type": "Feature", "geometry": {"type": "Point", "coordinates": [30.1218, -1.8978]}, "properties": {"radio": "GSM", "range_m": "1000", "samples": "1"}}, {"type": "Feature", "geometry": {"type": "Point", "coordinates": [30.1199, -1.8962]}, "properties": {"radio": "GSM", "range_m": "1000", "samples": "1"}}, {"type": "Feature", "geometry": {"type": "Point", "coordinates": [30.1026, -1.8854]}, "properties": {"radio": "GSM", "range_m": "1000", "samples": "1"}}, {"type": "Feature", "geometry": {"type": "Point", "coordinates": [30.1023, -1.8844]}, "properties": {"radio": "GSM", "range_m": "1000", "samples": "1"}}, {"type": "Feature", "geometry": {"type": "Point", "coordinates": [30.0762, -1.8788]}, "properties": {"radio": "GSM", "range_m": "1000", "samples": "1"}}, {"type": "Feature", "geometry": {"type": "Point", "coordinates": [30.065, -1.8992]}, "properties": {"radio": "GSM", "range_m": "5056", "samples": "3"}}, {"type": "Feature", "geometry": {"type": "Point", "coordinates": [30.0618, -1.8974]}, "properties": {"radio": "GSM", "range_m": "2833", "samples": "6"}}, {"type": "Feature", "geometry": {"type": "Point", "coordinates": [30.1053, -1.6362]}, "properties": {"radio": "GSM", "range_m": "1000", "samples": "1"}}, {"type": "Feature", "geometry": {"type": "Point", "coordinates": [30.1035, -1.9718]}, "properties": {"radio": "GSM", "range_m": "1000", "samples": "1"}}, {"type": "Feature", "geometry": {"type": "Point", "coordinates": [30.1035, -1.9718]}, "properties": {"radio": "GSM", "range_m": "1000", "samples": "1"}}, {"type": "Feature", "geometry": {"type": "Point", "coordinates": [30.0759, -1.879]}, "properties": {"radio": "GSM", "range_m": "1000", "samples": "1"}}, {"type": "Feature", "geometry": {"type": "Point", "coordinates": [30.0886, -1.974]}, "properties": {"radio": "GSM", "range_m": "1607", "samples": "8"}}, {"type": "Feature", "geometry": {"type": "Point", "coordinates": [30.0856, -1.8686]}, "properties": {"radio": "GSM", "range_m": "1537", "samples": "2"}}, {"type": "Feature", "geometry": {"type": "Point", "coordinates": [30.0309, -1.5193]}, "properties": {"radio": "UMTS", "range_m": "1000", "samples": "1"}}, {"type": "Feature", "geometry": {"type": "Point", "coordinates": [30.1181, -1.8162]}, "properties": {"radio": "UMTS", "range_m": "1000", "samples": "1"}}, {"type": "Feature", "geometry": {"type": "Point", "coordinates": [30.0952, -1.8464]}, "properties": {"radio": "UMTS", "range_m": "1000", "samples": "1"}}, {"type": "Feature", "geometry": {"type": "Point", "coordinates": [30.0765, -1.8789]}, "properties": {"radio": "UMTS", "range_m": "1000", "samples": "3"}}, {"type": "Feature", "geometry": {"type": "Point", "coordinates": [30.2994, -1.8929]}, "properties": {"radio": "GSM", "range_m": "1000", "samples": "1"}}, {"type": "Feature", "geometry": {"type": "Point", "coordinates": [30.2337, -1.9591]}, "properties": {"radio": "GSM", "range_m": "1000", "samples": "2"}}, {"type": "Feature", "geometry": {"type": "Point", "coordinates": [30.1303, -1.96]}, "properties": {"radio": "GSM", "range_m": "1000", "samples": "1"}}, {"type": "Feature", "geometry": {"type": "Point", "coordinates": [30.1433, -1.9554]}, "properties": {"radio": "GSM", "range_m": "1000", "samples": "1"}}, {"type": "Feature", "geometry": {"type": "Point", "coordinates": [30.1089, -1.9628]}, "properties": {"radio": "GSM", "range_m": "1000", "samples": "1"}}, {"type": "Feature", "geometry": {"type": "Point", "coordinates": [30.0583, -1.9353]}, "properties": {"radio": "GSM", "range_m": "1000", "samples": "1"}}, {"type": "Feature", "geometry": {"type": "Point", "coordinates": [30.0583, -1.9353]}, "properties": {"radio": "GSM", "range_m": "1000", "samples": "1"}}, {"type": "Feature", "geometry": {"type": "Point", "coordinates": [30.0564, -1.9157]}, "properties": {"radio": "GSM", "range_m": "2507", "samples": "2"}}, {"type": "Feature", "geometry": {"type": "Point", "coordinates": [30.0951, -1.9682]}, "properties": {"radio": "GSM", "range_m": "1000", "samples": "4"}}, {"type": "Feature", "geometry": {"type": "Point", "coordinates": [30.0901, -1.967]}, "properties": {"radio": "GSM", "range_m": "1000", "samples": "1"}}, {"type": "Feature", "geometry": {"type": "Point", "coordinates": [30.0945, -1.9765]}, "properties": {"radio": "GSM", "range_m": "1000", "samples": "1"}}, {"type": "Feature", "geometry": {"type": "Point", "coordinates": [30.0945, -1.9765]}, "properties": {"radio": "GSM", "range_m": "1000", "samples": "1"}}, {"type": "Feature", "geometry": {"type": "Point", "coordinates": [30.1003, -1.9741]}, "properties": {"radio": "GSM", "range_m": "1000", "samples": "1"}}, {"type": "Feature", "geometry": {"type": "Point", "coordinates": [30.3949, -1.4599]}, "properties": {"radio": "GSM", "range_m": "7627", "samples": "2"}}, {"type": "Feature", "geometry": {"type": "Point", "coordinates": [30.0769, -1.8787]}, "properties": {"radio": "GSM", "range_m": "1000", "samples": "1"}}, {"type": "Feature", "geometry": {"type": "Point", "coordinates": [30.0708, -1.9426]}, "properties": {"radio": "GSM", "range_m": "1000", "samples": "1"}}, {"type": "Feature", "geometry": {"type": "Point", "coordinates": [30.0838, -1.9771]}, "properties": {"radio": "GSM", "range_m": "1000", "samples": "5"}}, {"type": "Feature", "geometry": {"type": "Point", "coordinates": [30.411, -1.6962]}, "properties": {"radio": "GSM", "range_m": "1000", "samples": "1"}}, {"type": "Feature", "geometry": {"type": "Point", "coordinates": [30.1001, -1.9742]}, "properties": {"radio": "GSM", "range_m": "1000", "samples": "1"}}, {"type": "Feature", "geometry": {"type": "Point", "coordinates": [30.1001, -1.9742]}, "properties": {"radio": "GSM", "range_m": "1000", "samples": "1"}}, {"type": "Feature", "geometry": {"type": "Point", "coordinates": [30.0999, -1.9743]}, "properties": {"radio": "GSM", "range_m": "1000", "samples": "4"}}, {"type": "Feature", "geometry": {"type": "Point", "coordinates": [30.0593, -1.9472]}, "properties": {"radio": "GSM", "range_m": "1950", "samples": "2"}}, {"type": "Feature", "geometry": {"type": "Point", "coordinates": [30.0442, -1.9384]}, "properties": {"radio": "GSM", "range_m": "1000", "samples": "1"}}, {"type": "Feature", "geometry": {"type": "Point", "coordinates": [30.0442, -1.9384]}, "properties": {"radio": "GSM", "range_m": "1000", "samples": "1"}}, {"type": "Feature", "geometry": {"type": "Point", "coordinates": [30.0442, -1.9401]}, "properties": {"radio": "GSM", "range_m": "1000", "samples": "2"}}, {"type": "Feature", "geometry": {"type": "Point", "coordinates": [30.0826, -1.8719]}, "properties": {"radio": "UMTS", "range_m": "1035", "samples": "3"}}, {"type": "Feature", "geometry": {"type": "Point", "coordinates": [30.0999, -1.9743]}, "properties": {"radio": "GSM", "range_m": "1000", "samples": "2"}}, {"type": "Feature", "geometry": {"type": "Point", "coordinates": [30.1, -1.9743]}, "properties": {"radio": "GSM", "range_m": "1000", "samples": "1"}}, {"type": "Feature", "geometry": {"type": "Point", "coordinates": [30.0927, -1.9664]}, "properties": {"radio": "GSM", "range_m": "4658", "samples": "5"}}, {"type": "Feature", "geometry": {"type": "Point", "coordinates": [30.0888, -1.9764]}, "properties": {"radio": "GSM", "range_m": "1264", "samples": "3"}}, {"type": "Feature", "geometry": {"type": "Point", "coordinates": [30.1, -1.8441]}, "properties": {"radio": "GSM", "range_m": "4820", "samples": "2"}}, {"type": "Feature", "geometry": {"type": "Point", "coordinates": [30.1001, -1.9741]}, "properties": {"radio": "GSM", "range_m": "1000", "samples": "1"}}, {"type": "Feature", "geometry": {"type": "Point", "coordinates": [30.0766, -1.8788]}, "properties": {"radio": "UMTS", "range_m": "1000", "samples": "1"}}, {"type": "Feature", "geometry": {"type": "Point", "coordinates": [30.0741, -1.9473]}, "properties": {"radio": "GSM", "range_m": "1000", "samples": "1"}}, {"type": "Feature", "geometry": {"type": "Point", "coordinates": [30.0693, -1.941]}, "properties": {"radio": "GSM", "range_m": "1000", "samples": "1"}}, {"type": "Feature", "geometry": {"type": "Point", "coordinates": [30.105, -1.9807]}, "properties": {"radio": "GSM", "range_m": "1000", "samples": "1"}}, {"type": "Feature", "geometry": {"type": "Point", "coordinates": [30.0744, -1.9556]}, "properties": {"radio": "GSM", "range_m": "1000", "samples": "1"}}, {"type": "Feature", "geometry": {"type": "Point", "coordinates": [30.0869, -1.8668]}, "properties": {"radio": "GSM", "range_m": "1000", "samples": "1"}}, {"type": "Feature", "geometry": {"type": "Point", "coordinates": [30.0934, -1.9679]}, "properties": {"radio": "GSM", "range_m": "1000", "samples": "1"}}, {"type": "Feature", "geometry": {"type": "Point", "coordinates": [30.0632, -1.9277]}, "properties": {"radio": "GSM", "range_m": "2990", "samples": "2"}}, {"type": "Feature", "geometry": {"type": "Point", "coordinates": [30.0766, -1.8788]}, "properties": {"radio": "UMTS", "range_m": "1000", "samples": "1"}}, {"type": "Feature", "geometry": {"type": "Point", "coordinates": [30.1247, -1.8085]}, "properties": {"radio": "UMTS", "range_m": "1000", "samples": "1"}}, {"type": "Feature", "geometry": {"type": "Point", "coordinates": [30.0634, -1.9364]}, "properties": {"radio": "GSM", "range_m": "1000", "samples": "1"}}, {"type": "Feature", "geometry": {"type": "Point", "coordinates": [30.3919, -1.5894]}, "properties": {"radio": "GSM", "range_m": "1000", "samples": "1"}}, {"type": "Feature", "geometry": {"type": "Point", "coordinates": [30.4416, -1.8208]}, "properties": {"radio": "GSM", "range_m": "1000", "samples": "1"}}, {"type": "Feature", "geometry": {"type": "Point", "coordinates": [30.0758, -1.8793]}, "properties": {"radio": "GSM", "range_m": "1000", "samples": "2"}}, {"type": "Feature", "geometry": {"type": "Point", "coordinates": [30.0885, -1.8192]}, "properties": {"radio": "GSM", "range_m": "1000", "samples": "1"}}, {"type": "Feature", "geometry": {"type": "Point", "coordinates": [29.5827, -1.5151]}, "properties": {"radio": "GSM", "range_m": "1000", "samples": "1"}}, {"type": "Feature", "geometry": {"type": "Point", "coordinates": [30.395, -1.7781]}, "properties": {"radio": "GSM", "range_m": "1000", "samples": "1"}}, {"type": "Feature", "geometry": {"type": "Point", "coordinates": [30.0756, -1.8792]}, "properties": {"radio": "GSM", "range_m": "1000", "samples": "1"}}, {"type": "Feature", "geometry": {"type": "Point", "coordinates": [30.075, -1.8821]}, "properties": {"radio": "GSM", "range_m": "1000", "samples": "1"}}, {"type": "Feature", "geometry": {"type": "Point", "coordinates": [30.1003, -1.6466]}, "properties": {"radio": "GSM", "range_m": "2014", "samples": "2"}}, {"type": "Feature", "geometry": {"type": "Point", "coordinates": [30.0781, -1.9636]}, "properties": {"radio": "GSM", "range_m": "1000", "samples": "1"}}, {"type": "Feature", "geometry": {"type": "Point", "coordinates": [30.0777, -1.963]}, "properties": {"radio": "GSM", "range_m": "1000", "samples": "1"}}, {"type": "Feature", "geometry": {"type": "Point", "coordinates": [30.0752, -1.9522]}, "properties": {"radio": "GSM", "range_m": "1000", "samples": "2"}}, {"type": "Feature", "geometry": {"type": "Point", "coordinates": [30.0751, -1.9519]}, "properties": {"radio": "GSM", "range_m": "1000", "samples": "1"}}, {"type": "Feature", "geometry": {"type": "Point", "coordinates": [30.0855, -1.973]}, "properties": {"radio": "GSM", "range_m": "1000", "samples": "5"}}, {"type": "Feature", "geometry": {"type": "Point", "coordinates": [30.0985, -1.969]}, "properties": {"radio": "GSM", "range_m": "1000", "samples": "1"}}, {"type": "Feature", "geometry": {"type": "Point", "coordinates": [30.1896, -1.9936]}, "properties": {"radio": "GSM", "range_m": "1000", "samples": "9"}}, {"type": "Feature", "geometry": {"type": "Point", "coordinates": [30.1897, -1.9934]}, "properties": {"radio": "GSM", "range_m": "1000", "samples": "9"}}, {"type": "Feature", "geometry": {"type": "Point", "coordinates": [30.1889, -1.9942]}, "properties": {"radio": "GSM", "range_m": "1000", "samples": "5"}}, {"type": "Feature", "geometry": {"type": "Point", "coordinates": [30.1901, -1.9932]}, "properties": {"radio": "GSM", "range_m": "1000", "samples": "3"}}, {"type": "Feature", "geometry": {"type": "Point", "coordinates": [30.1894, -1.9937]}, "properties": {"radio": "GSM", "range_m": "1000", "samples": "10"}}, {"type": "Feature", "geometry": {"type": "Point", "coordinates": [30.1889, -1.9943]}, "properties": {"radio": "GSM", "range_m": "1000", "samples": "8"}}, {"type": "Feature", "geometry": {"type": "Point", "coordinates": [30.189, -1.9933]}, "properties": {"radio": "GSM", "range_m": "1000", "samples": "11"}}, {"type": "Feature", "geometry": {"type": "Point", "coordinates": [30.0478, -1.9194]}, "properties": {"radio": "GSM", "range_m": "1000", "samples": "1"}}, {"type": "Feature", "geometry": {"type": "Point", "coordinates": [30.0478, -1.9194]}, "properties": {"radio": "GSM", "range_m": "1000", "samples": "1"}}, {"type": "Feature", "geometry": {"type": "Point", "coordinates": [30.1938, -1.9892]}, "properties": {"radio": "GSM", "range_m": "1000", "samples": "1"}}, {"type": "Feature", "geometry": {"type": "Point", "coordinates": [30.0694, -1.8862]}, "properties": {"radio": "GSM", "range_m": "1158", "samples": "2"}}, {"type": "Feature", "geometry": {"type": "Point", "coordinates": [30.0752, -1.8798]}, "properties": {"radio": "GSM", "range_m": "1000", "samples": "1"}}, {"type": "Feature", "geometry": {"type": "Point", "coordinates": [30.0893, -1.8615]}, "properties": {"radio": "GSM", "range_m": "1000", "samples": "1"}}, {"type": "Feature", "geometry": {"type": "Point", "coordinates": [30.1877, -1.9952]}, "properties": {"radio": "GSM", "range_m": "1000", "samples": "5"}}, {"type": "Feature", "geometry": {"type": "Point", "coordinates": [30.1893, -1.9937]}, "properties": {"radio": "GSM", "range_m": "1000", "samples": "4"}}, {"type": "Feature", "geometry": {"type": "Point", "coordinates": [30.187, -1.996]}, "properties": {"radio": "GSM", "range_m": "1000", "samples": "1"}}, {"type": "Feature", "geometry": {"type": "Point", "coordinates": [30.4033, -1.5232]}, "properties": {"radio": "GSM", "range_m": "1000", "samples": "1"}}, {"type": "Feature", "geometry": {"type": "Point", "coordinates": [30.1834, -1.9886]}, "properties": {"radio": "GSM", "range_m": "4298", "samples": "6"}}, {"type": "Feature", "geometry": {"type": "Point", "coordinates": [30.1022, -1.9673]}, "properties": {"radio": "GSM", "range_m": "1000", "samples": "1"}}, {"type": "Feature", "geometry": {"type": "Point", "coordinates": [30.1022, -1.9673]}, "properties": {"radio": "GSM", "range_m": "1000", "samples": "1"}}, {"type": "Feature", "geometry": {"type": "Point", "coordinates": [30.0455, -1.9325]}, "properties": {"radio": "GSM", "range_m": "1000", "samples": "1"}}, {"type": "Feature", "geometry": {"type": "Point", "coordinates": [30.09, -1.8612]}, "properties": {"radio": "GSM", "range_m": "1000", "samples": "1"}}, {"type": "Feature", "geometry": {"type": "Point", "coordinates": [30.0901, -1.8613]}, "properties": {"radio": "GSM", "range_m": "1000", "samples": "1"}}, {"type": "Feature", "geometry": {"type": "Point", "coordinates": [30.4212, -1.1335]}, "properties": {"radio": "GSM", "range_m": "1000", "samples": "1"}}, {"type": "Feature", "geometry": {"type": "Point", "coordinates": [30.3701, -1.2106]}, "properties": {"radio": "GSM", "range_m": "4572", "samples": "3"}}, {"type": "Feature", "geometry": {"type": "Point", "coordinates": [30.393, -1.5668]}, "properties": {"radio": "GSM", "range_m": "1000", "samples": "1"}}, {"type": "Feature", "geometry": {"type": "Point", "coordinates": [30.3827, -1.3743]}, "properties": {"radio": "GSM", "range_m": "1000", "samples": "1"}}, {"type": "Feature", "geometry": {"type": "Point", "coordinates": [30.3827, -1.3743]}, "properties": {"radio": "GSM", "range_m": "1000", "samples": "1"}}, {"type": "Feature", "geometry": {"type": "Point", "coordinates": [30.1257, -1.8067]}, "properties": {"radio": "GSM", "range_m": "1000", "samples": "1"}}, {"type": "Feature", "geometry": {"type": "Point", "coordinates": [30.0949, -1.8583]}, "properties": {"radio": "GSM", "range_m": "1000", "samples": "1"}}, {"type": "Feature", "geometry": {"type": "Point", "coordinates": [30.0625, -1.9361]}, "properties": {"radio": "GSM", "range_m": "1000", "samples": "1"}}, {"type": "Feature", "geometry": {"type": "Point", "coordinates": [30.0991, -1.9691]}, "properties": {"radio": "GSM", "range_m": "1000", "samples": "1"}}, {"type": "Feature", "geometry": {"type": "Point", "coordinates": [30.1348, -1.9556]}, "properties": {"radio": "GSM", "range_m": "1000", "samples": "1"}}, {"type": "Feature", "geometry": {"type": "Point", "coordinates": [30.411, -1.2308]}, "properties": {"radio": "GSM", "range_m": "5168", "samples": "2"}}, {"type": "Feature", "geometry": {"type": "Point", "coordinates": [30.0441, -1.9418]}, "properties": {"radio": "GSM", "range_m": "1000", "samples": "1"}}, {"type": "Feature", "geometry": {"type": "Point", "coordinates": [30.0441, -1.9418]}, "properties": {"radio": "GSM", "range_m": "1000", "samples": "1"}}, {"type": "Feature", "geometry": {"type": "Point", "coordinates": [30.0441, -1.9418]}, "properties": {"radio": "GSM", "range_m": "1000", "samples": "1"}}, {"type": "Feature", "geometry": {"type": "Point", "coordinates": [30.0441, -1.9418]}, "properties": {"radio": "GSM", "range_m": "1000", "samples": "1"}}, {"type": "Feature", "geometry": {"type": "Point", "coordinates": [30.0584, -1.9353]}, "properties": {"radio": "GSM", "range_m": "1000", "samples": "1"}}, {"type": "Feature", "geometry": {"type": "Point", "coordinates": [30.0622, -1.8937]}, "properties": {"radio": "GSM", "range_m": "1000", "samples": "1"}}, {"type": "Feature", "geometry": {"type": "Point", "coordinates": [30.1885, -1.994]}, "properties": {"radio": "GSM", "range_m": "1000", "samples": "1"}}, {"type": "Feature", "geometry": {"type": "Point", "coordinates": [29.5873, -2.291]}, "properties": {"radio": "LTE", "range_m": "1000", "samples": "4"}}, {"type": "Feature", "geometry": {"type": "Point", "coordinates": [29.5873, -2.2911]}, "properties": {"radio": "LTE", "range_m": "1000", "samples": "3"}}, {"type": "Feature", "geometry": {"type": "Point", "coordinates": [29.5874, -2.291]}, "properties": {"radio": "LTE", "range_m": "1000", "samples": "1"}}, {"type": "Feature", "geometry": {"type": "Point", "coordinates": [29.5874, -2.2911]}, "properties": {"radio": "UMTS", "range_m": "1000", "samples": "3"}}, {"type": "Feature", "geometry": {"type": "Point", "coordinates": [29.5873, -2.2911]}, "properties": {"radio": "UMTS", "range_m": "1000", "samples": "3"}}, {"type": "Feature", "geometry": {"type": "Point", "coordinates": [29.5873, -2.2911]}, "properties": {"radio": "UMTS", "range_m": "1000", "samples": "2"}}, {"type": "Feature", "geometry": {"type": "Point", "coordinates": [29.5873, -2.291]}, "properties": {"radio": "LTE", "range_m": "1000", "samples": "1"}}, {"type": "Feature", "geometry": {"type": "Point", "coordinates": [29.5873, -2.2911]}, "properties": {"radio": "LTE", "range_m": "1000", "samples": "3"}}, {"type": "Feature", "geometry": {"type": "Point", "coordinates": [29.5873, -2.2911]}, "properties": {"radio": "LTE", "range_m": "1000", "samples": "1"}}, {"type": "Feature", "geometry": {"type": "Point", "coordinates": [29.5874, -2.2911]}, "properties": {"radio": "GSM", "range_m": "1000", "samples": "1"}}, {"type": "Feature", "geometry": {"type": "Point", "coordinates": [29.5874, -2.2911]}, "properties": {"radio": "GSM", "range_m": "1000", "samples": "1"}}, {"type": "Feature", "geometry": {"type": "Point", "coordinates": [29.5874, -2.2911]}, "properties": {"radio": "GSM", "range_m": "1000", "samples": "1"}}, {"type": "Feature", "geometry": {"type": "Point", "coordinates": [29.5874, -2.2911]}, "properties": {"radio": "GSM", "range_m": "1000", "samples": "1"}}, {"type": "Feature", "geometry": {"type": "Point", "coordinates": [29.5874, -2.2911]}, "properties": {"radio": "GSM", "range_m": "1000", "samples": "1"}}, {"type": "Feature", "geometry": {"type": "Point", "coordinates": [29.5874, -2.2911]}, "properties": {"radio": "UMTS", "range_m": "1000", "samples": "1"}}, {"type": "Feature", "geometry": {"type": "Point", "coordinates": [29.5874, -2.2911]}, "properties": {"radio": "LTE", "range_m": "1000", "samples": "1"}}, {"type": "Feature", "geometry": {"type": "Point", "coordinates": [30.1212, -1.9611]}, "properties": {"radio": "GSM", "range_m": "1000", "samples": "1"}}, {"type": "Feature", "geometry": {"type": "Point", "coordinates": [30.0853, -1.9734]}, "properties": {"radio": "GSM", "range_m": "1000", "samples": "4"}}, {"type": "Feature", "geometry": {"type": "Point", "coordinates": [30.085, -1.9732]}, "properties": {"radio": "GSM", "range_m": "1000", "samples": "2"}}, {"type": "Feature", "geometry": {"type": "Point", "coordinates": [30.0849, -1.9731]}, "properties": {"radio": "GSM", "range_m": "1000", "samples": "1"}}, {"type": "Feature", "geometry": {"type": "Point", "coordinates": [30.0849, -1.9731]}, "properties": {"radio": "GSM", "range_m": "1000", "samples": "1"}}, {"type": "Feature", "geometry": {"type": "Point", "coordinates": [30.3922, -1.425]}, "properties": {"radio": "GSM", "range_m": "1000", "samples": "1"}}, {"type": "Feature", "geometry": {"type": "Point", "coordinates": [30.4179, -1.8011]}, "properties": {"radio": "GSM", "range_m": "1000", "samples": "1"}}, {"type": "Feature", "geometry": {"type": "Point", "coordinates": [30.3941, -1.4484]}, "properties": {"radio": "GSM", "range_m": "1000", "samples": "1"}}, {"type": "Feature", "geometry": {"type": "Point", "coordinates": [30.3931, -1.5674]}, "properties": {"radio": "GSM", "range_m": "1000", "samples": "1"}}, {"type": "Feature", "geometry": {"type": "Point", "coordinates": [30.4078, -1.181]}, "properties": {"radio": "GSM", "range_m": "1000", "samples": "1"}}, {"type": "Feature", "geometry": {"type": "Point", "coordinates": [30.3991, -1.4685]}, "properties": {"radio": "GSM", "range_m": "1000", "samples": "1"}}, {"type": "Feature", "geometry": {"type": "Point", "coordinates": [30.1245, -1.7908]}, "properties": {"radio": "GSM", "range_m": "3280", "samples": "17"}}, {"type": "Feature", "geometry": {"type": "Point", "coordinates": [30.0894, -1.8381]}, "properties": {"radio": "GSM", "range_m": "6160", "samples": "25"}}, {"type": "Feature", "geometry": {"type": "Point", "coordinates": [30.0758, -1.8831]}, "properties": {"radio": "GSM", "range_m": "1733", "samples": "18"}}, {"type": "Feature", "geometry": {"type": "Point", "coordinates": [30.0753, -1.8801]}, "properties": {"radio": "GSM", "range_m": "1000", "samples": "8"}}, {"type": "Feature", "geometry": {"type": "Point", "coordinates": [30.0759, -1.8792]}, "properties": {"radio": "GSM", "range_m": "1000", "samples": "6"}}, {"type": "Feature", "geometry": {"type": "Point", "coordinates": [30.0718, -1.8807]}, "properties": {"radio": "GSM", "range_m": "6004", "samples": "23"}}, {"type": "Feature", "geometry": {"type": "Point", "coordinates": [30.0802, -1.8796]}, "properties": {"radio": "GSM", "range_m": "2233", "samples": "21"}}, {"type": "Feature", "geometry": {"type": "Point", "coordinates": [30.0719, -1.8858]}, "properties": {"radio": "GSM", "range_m": "1962", "samples": "21"}}, {"type": "Feature", "geometry": {"type": "Point", "coordinates": [30.0775, -1.8821]}, "properties": {"radio": "GSM", "range_m": "2157", "samples": "22"}}, {"type": "Feature", "geometry": {"type": "Point", "coordinates": [30.0805, -1.8813]}, "properties": {"radio": "GSM", "range_m": "1492", "samples": "24"}}, {"type": "Feature", "geometry": {"type": "Point", "coordinates": [30.1207, -1.8075]}, "properties": {"radio": "GSM", "range_m": "3947", "samples": "25"}}, {"type": "Feature", "geometry": {"type": "Point", "coordinates": [30.0913, -1.8178]}, "properties": {"radio": "GSM", "range_m": "1594", "samples": "26"}}, {"type": "Feature", "geometry": {"type": "Point", "coordinates": [30.0866, -1.8226]}, "properties": {"radio": "GSM", "range_m": "4538", "samples": "21"}}, {"type": "Feature", "geometry": {"type": "Point", "coordinates": [30.0916, -1.8508]}, "properties": {"radio": "GSM", "range_m": "7082", "samples": "24"}}, {"type": "Feature", "geometry": {"type": "Point", "coordinates": [30.0919, -1.8506]}, "properties": {"radio": "GSM", "range_m": "2107", "samples": "21"}}, {"type": "Feature", "geometry": {"type": "Point", "coordinates": [30.089, -1.8636]}, "properties": {"radio": "GSM", "range_m": "5816", "samples": "24"}}, {"type": "Feature", "geometry": {"type": "Point", "coordinates": [30.0837, -1.8708]}, "properties": {"radio": "GSM", "range_m": "6660", "samples": "26"}}, {"type": "Feature", "geometry": {"type": "Point", "coordinates": [30.0607, -1.8957]}, "properties": {"radio": "GSM", "range_m": "2128", "samples": "25"}}, {"type": "Feature", "geometry": {"type": "Point", "coordinates": [30.0548, -1.9012]}, "properties": {"radio": "GSM", "range_m": "2281", "samples": "21"}}, {"type": "Feature", "geometry": {"type": "Point", "coordinates": [30.0548, -1.9062]}, "properties": {"radio": "GSM", "range_m": "6293", "samples": "21"}}, {"type": "Feature", "geometry": {"type": "Point", "coordinates": [30.0498, -1.9124]}, "properties": {"radio": "GSM", "range_m": "4734", "samples": "19"}}, {"type": "Feature", "geometry": {"type": "Point", "coordinates": [30.0496, -1.9092]}, "properties": {"radio": "GSM", "range_m": "1730", "samples": "24"}}, {"type": "Feature", "geometry": {"type": "Point", "coordinates": [30.0542, -1.9037]}, "properties": {"radio": "GSM", "range_m": "8449", "samples": "22"}}, {"type": "Feature", "geometry": {"type": "Point", "coordinates": [30.0689, -1.8804]}, "properties": {"radio": "GSM", "range_m": "6916", "samples": "12"}}, {"type": "Feature", "geometry": {"type": "Point", "coordinates": [30.0477, -1.9182]}, "properties": {"radio": "GSM", "range_m": "1866", "samples": "23"}}, {"type": "Feature", "geometry": {"type": "Point", "coordinates": [30.0474, -1.9213]}, "properties": {"radio": "GSM", "range_m": "2051", "samples": "21"}}, {"type": "Feature", "geometry": {"type": "Point", "coordinates": [30.0529, -1.926]}, "properties": {"radio": "GSM", "range_m": "5491", "samples": "11"}}, {"type": "Feature", "geometry": {"type": "Point", "coordinates": [30.0529, -1.9334]}, "properties": {"radio": "GSM", "range_m": "2505", "samples": "26"}}, {"type": "Feature", "geometry": {"type": "Point", "coordinates": [30.0469, -1.9313]}, "properties": {"radio": "GSM", "range_m": "6620", "samples": "14"}}, {"type": "Feature", "geometry": {"type": "Point", "coordinates": [30.0516, -1.9341]}, "properties": {"radio": "GSM", "range_m": "3375", "samples": "23"}}, {"type": "Feature", "geometry": {"type": "Point", "coordinates": [30.0452, -1.9384]}, "properties": {"radio": "GSM", "range_m": "2711", "samples": "11"}}, {"type": "Feature", "geometry": {"type": "Point", "coordinates": [30.0443, -1.937]}, "properties": {"radio": "GSM", "range_m": "4210", "samples": "24"}}, {"type": "Feature", "geometry": {"type": "Point", "coordinates": [30.046, -1.9392]}, "properties": {"radio": "GSM", "range_m": "2903", "samples": "25"}}, {"type": "Feature", "geometry": {"type": "Point", "coordinates": [30.0478, -1.9344]}, "properties": {"radio": "GSM", "range_m": "2584", "samples": "25"}}, {"type": "Feature", "geometry": {"type": "Point", "coordinates": [30.0907, -1.8538]}, "properties": {"radio": "GSM", "range_m": "4288", "samples": "14"}}, {"type": "Feature", "geometry": {"type": "Point", "coordinates": [30.0618, -1.8949]}, "properties": {"radio": "GSM", "range_m": "2544", "samples": "22"}}, {"type": "Feature", "geometry": {"type": "Point", "coordinates": [30.067, -1.8862]}, "properties": {"radio": "GSM", "range_m": "9053", "samples": "21"}}, {"type": "Feature", "geometry": {"type": "Point", "coordinates": [30.0598, -1.8966]}, "properties": {"radio": "GSM", "range_m": "6836", "samples": "20"}}, {"type": "Feature", "geometry": {"type": "Point", "coordinates": [30.0614, -1.8947]}, "properties": {"radio": "GSM", "range_m": "2343", "samples": "26"}}, {"type": "Feature", "geometry": {"type": "Point", "coordinates": [30.0591, -1.899]}, "properties": {"radio": "GSM", "range_m": "2863", "samples": "21"}}, {"type": "Feature", "geometry": {"type": "Point", "coordinates": [30.0605, -1.8965]}, "properties": {"radio": "GSM", "range_m": "3489", "samples": "14"}}, {"type": "Feature", "geometry": {"type": "Point", "coordinates": [30.0582, -1.9367]}, "properties": {"radio": "GSM", "range_m": "2111", "samples": "24"}}, {"type": "Feature", "geometry": {"type": "Point", "coordinates": [30.0624, -1.9365]}, "properties": {"radio": "GSM", "range_m": "5555", "samples": "20"}}, {"type": "Feature", "geometry": {"type": "Point", "coordinates": [30.0543, -1.9372]}, "properties": {"radio": "GSM", "range_m": "3817", "samples": "21"}}, {"type": "Feature", "geometry": {"type": "Point", "coordinates": [30.064, -1.9368]}, "properties": {"radio": "GSM", "range_m": "1804", "samples": "14"}}, {"type": "Feature", "geometry": {"type": "Point", "coordinates": [30.0603, -1.9356]}, "properties": {"radio": "GSM", "range_m": "1000", "samples": "2"}}, {"type": "Feature", "geometry": {"type": "Point", "coordinates": [30.0448, -1.9355]}, "properties": {"radio": "GSM", "range_m": "4336", "samples": "23"}}, {"type": "Feature", "geometry": {"type": "Point", "coordinates": [30.0877, -1.9699]}, "properties": {"radio": "GSM", "range_m": "2860", "samples": "23"}}, {"type": "Feature", "geometry": {"type": "Point", "coordinates": [30.0931, -1.968]}, "properties": {"radio": "GSM", "range_m": "1981", "samples": "22"}}, {"type": "Feature", "geometry": {"type": "Point", "coordinates": [30.095, -1.9697]}, "properties": {"radio": "GSM", "range_m": "1815", "samples": "21"}}, {"type": "Feature", "geometry": {"type": "Point", "coordinates": [30.0852, -1.9671]}, "properties": {"radio": "GSM", "range_m": "1375", "samples": "24"}}, {"type": "Feature", "geometry": {"type": "Point", "coordinates": [30.0865, -1.9702]}, "properties": {"radio": "GSM", "range_m": "1316", "samples": "5"}}, {"type": "Feature", "geometry": {"type": "Point", "coordinates": [30.0867, -1.9759]}, "properties": {"radio": "GSM", "range_m": "1273", "samples": "3"}}, {"type": "Feature", "geometry": {"type": "Point", "coordinates": [30.0882, -1.9688]}, "properties": {"radio": "GSM", "range_m": "1000", "samples": "3"}}, {"type": "Feature", "geometry": {"type": "Point", "coordinates": [30.0848, -1.9707]}, "properties": {"radio": "GSM", "range_m": "1000", "samples": "23"}}, {"type": "Feature", "geometry": {"type": "Point", "coordinates": [30.1488, -1.9577]}, "properties": {"radio": "GSM", "range_m": "1000", "samples": "13"}}, {"type": "Feature", "geometry": {"type": "Point", "coordinates": [30.14, -1.956]}, "properties": {"radio": "GSM", "range_m": "1711", "samples": "15"}}, {"type": "Feature", "geometry": {"type": "Point", "coordinates": [30.1465, -1.9567]}, "properties": {"radio": "GSM", "range_m": "1000", "samples": "17"}}, {"type": "Feature", "geometry": {"type": "Point", "coordinates": [30.1509, -1.96]}, "properties": {"radio": "GSM", "range_m": "6681", "samples": "22"}}, {"type": "Feature", "geometry": {"type": "Point", "coordinates": [30.1473, -1.9569]}, "properties": {"radio": "GSM", "range_m": "1000", "samples": "8"}}, {"type": "Feature", "geometry": {"type": "Point", "coordinates": [30.1349, -1.9583]}, "properties": {"radio": "GSM", "range_m": "2534", "samples": "23"}}, {"type": "Feature", "geometry": {"type": "Point", "coordinates": [30.1888, -1.9847]}, "properties": {"radio": "GSM", "range_m": "4447", "samples": "21"}}, {"type": "Feature", "geometry": {"type": "Point", "coordinates": [30.1912, -1.986]}, "properties": {"radio": "GSM", "range_m": "3399", "samples": "21"}}, {"type": "Feature", "geometry": {"type": "Point", "coordinates": [30.1878, -1.9923]}, "properties": {"radio": "GSM", "range_m": "1554", "samples": "15"}}, {"type": "Feature", "geometry": {"type": "Point", "coordinates": [30.1915, -1.9871]}, "properties": {"radio": "GSM", "range_m": "3068", "samples": "24"}}, {"type": "Feature", "geometry": {"type": "Point", "coordinates": [30.1914, -1.9887]}, "properties": {"radio": "GSM", "range_m": "6919", "samples": "20"}}, {"type": "Feature", "geometry": {"type": "Point", "coordinates": [30.187, -1.9891]}, "properties": {"radio": "GSM", "range_m": "1831", "samples": "17"}}, {"type": "Feature", "geometry": {"type": "Point", "coordinates": [30.1852, -1.9924]}, "properties": {"radio": "GSM", "range_m": "8969", "samples": "19"}}, {"type": "Feature", "geometry": {"type": "Point", "coordinates": [30.1287, -1.9833]}, "properties": {"radio": "GSM", "range_m": "7682", "samples": "24"}}, {"type": "Feature", "geometry": {"type": "Point", "coordinates": [30.1882, -1.9898]}, "properties": {"radio": "GSM", "range_m": "1216", "samples": "7"}}, {"type": "Feature", "geometry": {"type": "Point", "coordinates": [30.1893, -1.9941]}, "properties": {"radio": "GSM", "range_m": "1000", "samples": "21"}}, {"type": "Feature", "geometry": {"type": "Point", "coordinates": [30.1885, -1.9918]}, "properties": {"radio": "GSM", "range_m": "2642", "samples": "15"}}, {"type": "Feature", "geometry": {"type": "Point", "coordinates": [30.1971, -1.9888]}, "properties": {"radio": "GSM", "range_m": "3130", "samples": "15"}}, {"type": "Feature", "geometry": {"type": "Point", "coordinates": [30.1881, -1.9925]}, "properties": {"radio": "GSM", "range_m": "2223", "samples": "10"}}, {"type": "Feature", "geometry": {"type": "Point", "coordinates": [30.1897, -1.9925]}, "properties": {"radio": "GSM", "range_m": "1095", "samples": "20"}}, {"type": "Feature", "geometry": {"type": "Point", "coordinates": [30.1738, -1.9738]}, "properties": {"radio": "GSM", "range_m": "4537", "samples": "15"}}, {"type": "Feature", "geometry": {"type": "Point", "coordinates": [30.1806, -1.9797]}, "properties": {"radio": "GSM", "range_m": "1962", "samples": "23"}}, {"type": "Feature", "geometry": {"type": "Point", "coordinates": [30.1839, -1.984]}, "properties": {"radio": "GSM", "range_m": "4474", "samples": "18"}}, {"type": "Feature", "geometry": {"type": "Point", "coordinates": [30.0474, -1.9342]}, "properties": {"radio": "GSM", "range_m": "2337", "samples": "25"}}, {"type": "Feature", "geometry": {"type": "Point", "coordinates": [30.0594, -1.8963]}, "properties": {"radio": "GSM", "range_m": "4384", "samples": "13"}}, {"type": "Feature", "geometry": {"type": "Point", "coordinates": [30.0764, -1.8788]}, "properties": {"radio": "GSM", "range_m": "1000", "samples": "7"}}, {"type": "Feature", "geometry": {"type": "Point", "coordinates": [30.0559, -1.9018]}, "properties": {"radio": "GSM", "range_m": "7607", "samples": "19"}}, {"type": "Feature", "geometry": {"type": "Point", "coordinates": [30.076, -1.8794]}, "properties": {"radio": "GSM", "range_m": "1000", "samples": "10"}}, {"type": "Feature", "geometry": {"type": "Point", "coordinates": [30.085, -1.8776]}, "properties": {"radio": "GSM", "range_m": "3878", "samples": "21"}}, {"type": "Feature", "geometry": {"type": "Point", "coordinates": [30.076, -1.879]}, "properties": {"radio": "GSM", "range_m": "1000", "samples": "4"}}, {"type": "Feature", "geometry": {"type": "Point", "coordinates": [30.076, -1.8802]}, "properties": {"radio": "GSM", "range_m": "1044", "samples": "26"}}, {"type": "Feature", "geometry": {"type": "Point", "coordinates": [30.0758, -1.8798]}, "properties": {"radio": "GSM", "range_m": "1979", "samples": "22"}}, {"type": "Feature", "geometry": {"type": "Point", "coordinates": [30.1848, -1.9881]}, "properties": {"radio": "GSM", "range_m": "8917", "samples": "18"}}, {"type": "Feature", "geometry": {"type": "Point", "coordinates": [30.1849, -1.9886]}, "properties": {"radio": "GSM", "range_m": "6435", "samples": "18"}}, {"type": "Feature", "geometry": {"type": "Point", "coordinates": [30.1796, -1.9856]}, "properties": {"radio": "GSM", "range_m": "8497", "samples": "12"}}, {"type": "Feature", "geometry": {"type": "Point", "coordinates": [30.1908, -1.9932]}, "properties": {"radio": "GSM", "range_m": "1000", "samples": "12"}}, {"type": "Feature", "geometry": {"type": "Point", "coordinates": [30.0532, -1.9043]}, "properties": {"radio": "GSM", "range_m": "3868", "samples": "21"}}, {"type": "Feature", "geometry": {"type": "Point", "coordinates": [30.1893, -1.9935]}, "properties": {"radio": "GSM", "range_m": "1000", "samples": "8"}}, {"type": "Feature", "geometry": {"type": "Point", "coordinates": [30.123, -1.7879]}, "properties": {"radio": "GSM", "range_m": "7340", "samples": "23"}}, {"type": "Feature", "geometry": {"type": "Point", "coordinates": [30.0843, -1.8404]}, "properties": {"radio": "GSM", "range_m": "4425", "samples": "21"}}, {"type": "Feature", "geometry": {"type": "Point", "coordinates": [30.0789, -1.8301]}, "properties": {"radio": "GSM", "range_m": "1000", "samples": "1"}}, {"type": "Feature", "geometry": {"type": "Point", "coordinates": [30.0911, -1.8834]}, "properties": {"radio": "GSM", "range_m": "2066", "samples": "9"}}, {"type": "Feature", "geometry": {"type": "Point", "coordinates": [30.1836, -1.9909]}, "properties": {"radio": "GSM", "range_m": "7275", "samples": "11"}}, {"type": "Feature", "geometry": {"type": "Point", "coordinates": [30.0756, -1.8823]}, "properties": {"radio": "GSM", "range_m": "4660", "samples": "23"}}, {"type": "Feature", "geometry": {"type": "Point", "coordinates": [30.0646, -1.9479]}, "properties": {"radio": "GSM", "range_m": "8338", "samples": "11"}}, {"type": "Feature", "geometry": {"type": "Point", "coordinates": [30.1843, -1.9864]}, "properties": {"radio": "GSM", "range_m": "2642", "samples": "9"}}, {"type": "Feature", "geometry": {"type": "Point", "coordinates": [30.0764, -1.8788]}, "properties": {"radio": "GSM", "range_m": "1000", "samples": "4"}}, {"type": "Feature", "geometry": {"type": "Point", "coordinates": [30.1877, -1.9882]}, "properties": {"radio": "GSM", "range_m": "2133", "samples": "25"}}, {"type": "Feature", "geometry": {"type": "Point", "coordinates": [30.1888, -1.9943]}, "properties": {"radio": "GSM", "range_m": "1000", "samples": "17"}}, {"type": "Feature", "geometry": {"type": "Point", "coordinates": [30.1884, -1.9904]}, "properties": {"radio": "GSM", "range_m": "1421", "samples": "18"}}, {"type": "Feature", "geometry": {"type": "Point", "coordinates": [30.0678, -1.8887]}, "properties": {"radio": "GSM", "range_m": "2430", "samples": "21"}}, {"type": "Feature", "geometry": {"type": "Point", "coordinates": [30.0835, -1.8733]}, "properties": {"radio": "GSM", "range_m": "3440", "samples": "22"}}, {"type": "Feature", "geometry": {"type": "Point", "coordinates": [30.1246, -1.7605]}, "properties": {"radio": "GSM", "range_m": "1000", "samples": "1"}}, {"type": "Feature", "geometry": {"type": "Point", "coordinates": [30.1879, -1.9947]}, "properties": {"radio": "GSM", "range_m": "1000", "samples": "7"}}, {"type": "Feature", "geometry": {"type": "Point", "coordinates": [30.0751, -1.891]}, "properties": {"radio": "GSM", "range_m": "2704", "samples": "6"}}, {"type": "Feature", "geometry": {"type": "Point", "coordinates": [30.0756, -1.886]}, "properties": {"radio": "GSM", "range_m": "6201", "samples": "12"}}, {"type": "Feature", "geometry": {"type": "Point", "coordinates": [30.0875, -1.8741]}, "properties": {"radio": "GSM", "range_m": "6992", "samples": "9"}}, {"type": "Feature", "geometry": {"type": "Point", "coordinates": [30.0752, -1.8808]}, "properties": {"radio": "GSM", "range_m": "1204", "samples": "11"}}, {"type": "Feature", "geometry": {"type": "Point", "coordinates": [30.183, -1.9949]}, "properties": {"radio": "GSM", "range_m": "4132", "samples": "8"}}, {"type": "Feature", "geometry": {"type": "Point", "coordinates": [30.1877, -1.9935]}, "properties": {"radio": "GSM", "range_m": "3871", "samples": "23"}}, {"type": "Feature", "geometry": {"type": "Point", "coordinates": [30.0232, -1.9396]}, "properties": {"radio": "GSM", "range_m": "8900", "samples": "10"}}, {"type": "Feature", "geometry": {"type": "Point", "coordinates": [30.0765, -1.8788]}, "properties": {"radio": "GSM", "range_m": "1000", "samples": "7"}}, {"type": "Feature", "geometry": {"type": "Point", "coordinates": [30.1883, -1.9947]}, "properties": {"radio": "GSM", "range_m": "1000", "samples": "17"}}, {"type": "Feature", "geometry": {"type": "Point", "coordinates": [30.0782, -1.898]}, "properties": {"radio": "GSM", "range_m": "6253", "samples": "9"}}, {"type": "Feature", "geometry": {"type": "Point", "coordinates": [30.0474, -1.9297]}, "properties": {"radio": "GSM", "range_m": "2376", "samples": "25"}}, {"type": "Feature", "geometry": {"type": "Point", "coordinates": [30.0913, -1.8181]}, "properties": {"radio": "GSM", "range_m": "2588", "samples": "26"}}, {"type": "Feature", "geometry": {"type": "Point", "coordinates": [30.076, -1.879]}, "properties": {"radio": "GSM", "range_m": "1000", "samples": "7"}}, {"type": "Feature", "geometry": {"type": "Point", "coordinates": [30.0542, -1.9019]}, "properties": {"radio": "GSM", "range_m": "3562", "samples": "22"}}, {"type": "Feature", "geometry": {"type": "Point", "coordinates": [30.1559, -1.9448]}, "properties": {"radio": "GSM", "range_m": "6576", "samples": "9"}}, {"type": "Feature", "geometry": {"type": "Point", "coordinates": [30.0508, -1.9466]}, "properties": {"radio": "GSM", "range_m": "2418", "samples": "10"}}, {"type": "Feature", "geometry": {"type": "Point", "coordinates": [30.1888, -1.9925]}, "properties": {"radio": "GSM", "range_m": "2254", "samples": "20"}}, {"type": "Feature", "geometry": {"type": "Point", "coordinates": [30.1907, -1.9878]}, "properties": {"radio": "GSM", "range_m": "6836", "samples": "18"}}, {"type": "Feature", "geometry": {"type": "Point", "coordinates": [30.1647, -1.964]}, "properties": {"radio": "GSM", "range_m": "6478", "samples": "23"}}, {"type": "Feature", "geometry": {"type": "Point", "coordinates": [30.1605, -1.9565]}, "properties": {"radio": "GSM", "range_m": "1802", "samples": "24"}}, {"type": "Feature", "geometry": {"type": "Point", "coordinates": [30.1596, -1.96]}, "properties": {"radio": "GSM", "range_m": "2013", "samples": "21"}}, {"type": "Feature", "geometry": {"type": "Point", "coordinates": [30.1163, -1.9606]}, "properties": {"radio": "GSM", "range_m": "2779", "samples": "22"}}, {"type": "Feature", "geometry": {"type": "Point", "coordinates": [30.1172, -1.9602]}, "properties": {"radio": "GSM", "range_m": "1000", "samples": "16"}}, {"type": "Feature", "geometry": {"type": "Point", "coordinates": [30.1177, -1.9604]}, "properties": {"radio": "GSM", "range_m": "1000", "samples": "20"}}, {"type": "Feature", "geometry": {"type": "Point", "coordinates": [30.1192, -1.962]}, "properties": {"radio": "GSM", "range_m": "1008", "samples": "11"}}, {"type": "Feature", "geometry": {"type": "Point", "coordinates": [30.0693, -1.942]}, "properties": {"radio": "GSM", "range_m": "4742", "samples": "21"}}, {"type": "Feature", "geometry": {"type": "Point", "coordinates": [30.0651, -1.9315]}, "properties": {"radio": "GSM", "range_m": "8267", "samples": "13"}}, {"type": "Feature", "geometry": {"type": "Point", "coordinates": [30.0715, -1.9465]}, "properties": {"radio": "GSM", "range_m": "2641", "samples": "10"}}, {"type": "Feature", "geometry": {"type": "Point", "coordinates": [30.0747, -1.9477]}, "properties": {"radio": "GSM", "range_m": "4381", "samples": "16"}}, {"type": "Feature", "geometry": {"type": "Point", "coordinates": [30.0637, -1.9417]}, "properties": {"radio": "GSM", "range_m": "1703", "samples": "6"}}, {"type": "Feature", "geometry": {"type": "Point", "coordinates": [30.0936, -1.9664]}, "properties": {"radio": "GSM", "range_m": "4301", "samples": "6"}}, {"type": "Feature", "geometry": {"type": "Point", "coordinates": [30.0652, -1.9441]}, "properties": {"radio": "GSM", "range_m": "9454", "samples": "17"}}, {"type": "Feature", "geometry": {"type": "Point", "coordinates": [30.0607, -1.8955]}, "properties": {"radio": "GSM", "range_m": "1000", "samples": "1"}}, {"type": "Feature", "geometry": {"type": "Point", "coordinates": [30.0744, -1.9018]}, "properties": {"radio": "GSM", "range_m": "1678", "samples": "4"}}, {"type": "Feature", "geometry": {"type": "Point", "coordinates": [30.0637, -1.8941]}, "properties": {"radio": "GSM", "range_m": "4866", "samples": "17"}}, {"type": "Feature", "geometry": {"type": "Point", "coordinates": [30.0948, -1.834]}, "properties": {"radio": "GSM", "range_m": "2366", "samples": "4"}}, {"type": "Feature", "geometry": {"type": "Point", "coordinates": [30.1201, -1.8114]}, "properties": {"radio": "GSM", "range_m": "6541", "samples": "21"}}, {"type": "Feature", "geometry": {"type": "Point", "coordinates": [30.1179, -1.8116]}, "properties": {"radio": "GSM", "range_m": "4772", "samples": "14"}}, {"type": "Feature", "geometry": {"type": "Point", "coordinates": [30.1232, -1.81]}, "properties": {"radio": "GSM", "range_m": "1000", "samples": "6"}}, {"type": "Feature", "geometry": {"type": "Point", "coordinates": [30.047, -1.9392]}, "properties": {"radio": "GSM", "range_m": "1000", "samples": "7"}}, {"type": "Feature", "geometry": {"type": "Point", "coordinates": [30.3912, -1.7757]}, "properties": {"radio": "GSM", "range_m": "1000", "samples": "1"}}, {"type": "Feature", "geometry": {"type": "Point", "coordinates": [30.0317, -1.9449]}, "properties": {"radio": "GSM", "range_m": "1667", "samples": "19"}}, {"type": "Feature", "geometry": {"type": "Point", "coordinates": [30.0428, -1.943]}, "properties": {"radio": "GSM", "range_m": "5651", "samples": "9"}}, {"type": "Feature", "geometry": {"type": "Point", "coordinates": [30.0496, -1.9437]}, "properties": {"radio": "GSM", "range_m": "1362", "samples": "11"}}, {"type": "Feature", "geometry": {"type": "Point", "coordinates": [30.0506, -1.9271]}, "properties": {"radio": "GSM", "range_m": "8443", "samples": "22"}}, {"type": "Feature", "geometry": {"type": "Point", "coordinates": [30.0493, -1.9468]}, "properties": {"radio": "GSM", "range_m": "1000", "samples": "3"}}, {"type": "Feature", "geometry": {"type": "Point", "coordinates": [30.0476, -1.9191]}, "properties": {"radio": "GSM", "range_m": "2673", "samples": "26"}}, {"type": "Feature", "geometry": {"type": "Point", "coordinates": [30.0476, -1.921]}, "properties": {"radio": "GSM", "range_m": "2544", "samples": "24"}}, {"type": "Feature", "geometry": {"type": "Point", "coordinates": [30.5084, -1.8866]}, "properties": {"radio": "GSM", "range_m": "1000", "samples": "1"}}, {"type": "Feature", "geometry": {"type": "Point", "coordinates": [30.4102, -1.905]}, "properties": {"radio": "GSM", "range_m": "13318", "samples": "21"}}, {"type": "Feature", "geometry": {"type": "Point", "coordinates": [30.4217, -1.9484]}, "properties": {"radio": "GSM", "range_m": "1000", "samples": "2"}}, {"type": "Feature", "geometry": {"type": "Point", "coordinates": [30.0991, -1.625]}, "properties": {"radio": "UMTS", "range_m": "1000", "samples": "2"}}, {"type": "Feature", "geometry": {"type": "Point", "coordinates": [30.094, -1.6715]}, "properties": {"radio": "UMTS", "range_m": "1000", "samples": "2"}}, {"type": "Feature", "geometry": {"type": "Point", "coordinates": [30.0959, -1.8478]}, "properties": {"radio": "UMTS", "range_m": "1000", "samples": "2"}}, {"type": "Feature", "geometry": {"type": "Point", "coordinates": [30.0831, -1.9502]}, "properties": {"radio": "GSM", "range_m": "7974", "samples": "13"}}, {"type": "Feature", "geometry": {"type": "Point", "coordinates": [30.0617, -1.9358]}, "properties": {"radio": "UMTS", "range_m": "1000", "samples": "1"}}, {"type": "Feature", "geometry": {"type": "Point", "coordinates": [30.1175, -1.9601]}, "properties": {"radio": "UMTS", "range_m": "1000", "samples": "3"}}, {"type": "Feature", "geometry": {"type": "Point", "coordinates": [30.1901, -1.9943]}, "properties": {"radio": "UMTS", "range_m": "1000", "samples": "1"}}, {"type": "Feature", "geometry": {"type": "Point", "coordinates": [30.1891, -1.9932]}, "properties": {"radio": "UMTS", "range_m": "1000", "samples": "1"}}, {"type": "Feature", "geometry": {"type": "Point", "coordinates": [30.0614, -1.8985]}, "properties": {"radio": "GSM", "range_m": "6776", "samples": "6"}}, {"type": "Feature", "geometry": {"type": "Point", "coordinates": [30.1592, -1.9625]}, "properties": {"radio": "GSM", "range_m": "2096", "samples": "22"}}, {"type": "Feature", "geometry": {"type": "Point", "coordinates": [30.1598, -1.962]}, "properties": {"radio": "GSM", "range_m": "2515", "samples": "24"}}, {"type": "Feature", "geometry": {"type": "Point", "coordinates": [30.1777, -1.9474]}, "properties": {"radio": "GSM", "range_m": "14740", "samples": "12"}}, {"type": "Feature", "geometry": {"type": "Point", "coordinates": [30.1595, -1.961]}, "properties": {"radio": "GSM", "range_m": "2873", "samples": "24"}}, {"type": "Feature", "geometry": {"type": "Point", "coordinates": [30.1231, -1.962]}, "properties": {"radio": "UMTS", "range_m": "1000", "samples": "1"}}, {"type": "Feature", "geometry": {"type": "Point", "coordinates": [30.075, -1.956]}, "properties": {"radio": "UMTS", "range_m": "1000", "samples": "1"}}, {"type": "Feature", "geometry": {"type": "Point", "coordinates": [30.1237, -1.7633]}, "properties": {"radio": "GSM", "range_m": "1000", "samples": "2"}}, {"type": "Feature", "geometry": {"type": "Point", "coordinates": [30.0765, -1.8788]}, "properties": {"radio": "GSM", "range_m": "1000", "samples": "9"}}, {"type": "Feature", "geometry": {"type": "Point", "coordinates": [30.0773, -1.8952]}, "properties": {"radio": "GSM", "range_m": "3677", "samples": "3"}}, {"type": "Feature", "geometry": {"type": "Point", "coordinates": [29.9864, -1.965]}, "properties": {"radio": "GSM", "range_m": "3162", "samples": "14"}}, {"type": "Feature", "geometry": {"type": "Point", "coordinates": [30.0092, -1.9471]}, "properties": {"radio": "GSM", "range_m": "1657", "samples": "10"}}, {"type": "Feature", "geometry": {"type": "Point", "coordinates": [30.0076, -1.94]}, "properties": {"radio": "GSM", "range_m": "1993", "samples": "3"}}, {"type": "Feature", "geometry": {"type": "Point", "coordinates": [29.9756, -1.9521]}, "properties": {"radio": "GSM", "range_m": "5800", "samples": "6"}}, {"type": "Feature", "geometry": {"type": "Point", "coordinates": [29.9852, -1.9674]}, "properties": {"radio": "GSM", "range_m": "1000", "samples": "5"}}, {"type": "Feature", "geometry": {"type": "Point", "coordinates": [29.9864, -1.9664]}, "properties": {"radio": "GSM", "range_m": "1000", "samples": "1"}}, {"type": "Feature", "geometry": {"type": "Point", "coordinates": [29.9968, -1.9582]}, "properties": {"radio": "GSM", "range_m": "3148", "samples": "15"}}, {"type": "Feature", "geometry": {"type": "Point", "coordinates": [29.993, -1.9584]}, "properties": {"radio": "GSM", "range_m": "2150", "samples": "17"}}, {"type": "Feature", "geometry": {"type": "Point", "coordinates": [30.0006, -1.9515]}, "properties": {"radio": "GSM", "range_m": "2542", "samples": "11"}}, {"type": "Feature", "geometry": {"type": "Point", "coordinates": [30.0002, -1.9508]}, "properties": {"radio": "GSM", "range_m": "2324", "samples": "12"}}, {"type": "Feature", "geometry": {"type": "Point", "coordinates": [30.0101, -1.9344]}, "properties": {"radio": "GSM", "range_m": "4462", "samples": "11"}}, {"type": "Feature", "geometry": {"type": "Point", "coordinates": [29.9985, -1.9565]}, "properties": {"radio": "GSM", "range_m": "2972", "samples": "18"}}, {"type": "Feature", "geometry": {"type": "Point", "coordinates": [29.9973, -1.9139]}, "properties": {"radio": "GSM", "range_m": "4521", "samples": "5"}}, {"type": "Feature", "geometry": {"type": "Point", "coordinates": [30.0535, -1.9336]}, "properties": {"radio": "GSM", "range_m": "6417", "samples": "19"}}, {"type": "Feature", "geometry": {"type": "Point", "coordinates": [30.0496, -1.9355]}, "properties": {"radio": "GSM", "range_m": "4093", "samples": "21"}}, {"type": "Feature", "geometry": {"type": "Point", "coordinates": [30.1042, -1.9666]}, "properties": {"radio": "GSM", "range_m": "1882", "samples": "23"}}, {"type": "Feature", "geometry": {"type": "Point", "coordinates": [30.1022, -1.9676]}, "properties": {"radio": "GSM", "range_m": "1510", "samples": "20"}}, {"type": "Feature", "geometry": {"type": "Point", "coordinates": [30.1009, -1.9676]}, "properties": {"radio": "GSM", "range_m": "2768", "samples": "24"}}, {"type": "Feature", "geometry": {"type": "Point", "coordinates": [30.1019, -1.9713]}, "properties": {"radio": "GSM", "range_m": "3733", "samples": "12"}}, {"type": "Feature", "geometry": {"type": "Point", "coordinates": [30.099, -1.9681]}, "properties": {"radio": "GSM", "range_m": "2954", "samples": "18"}}, {"type": "Feature", "geometry": {"type": "Point", "coordinates": [30.162, -1.9633]}, "properties": {"radio": "GSM", "range_m": "4612", "samples": "25"}}, {"type": "Feature", "geometry": {"type": "Point", "coordinates": [30.163, -1.9656]}, "properties": {"radio": "GSM", "range_m": "4068", "samples": "21"}}, {"type": "Feature", "geometry": {"type": "Point", "coordinates": [30.1729, -1.9728]}, "properties": {"radio": "GSM", "range_m": "2866", "samples": "11"}}, {"type": "Feature", "geometry": {"type": "Point", "coordinates": [30.1618, -1.9619]}, "properties": {"radio": "GSM", "range_m": "7818", "samples": "24"}}, {"type": "Feature", "geometry": {"type": "Point", "coordinates": [30.2275, -1.9617]}, "properties": {"radio": "GSM", "range_m": "6587", "samples": "24"}}, {"type": "Feature", "geometry": {"type": "Point", "coordinates": [30.2507, -1.9504]}, "properties": {"radio": "GSM", "range_m": "9532", "samples": "26"}}, {"type": "Feature", "geometry": {"type": "Point", "coordinates": [30.2377, -1.957]}, "properties": {"radio": "GSM", "range_m": "3128", "samples": "18"}}, {"type": "Feature", "geometry": {"type": "Point", "coordinates": [30.2375, -1.9597]}, "properties": {"radio": "GSM", "range_m": "3278", "samples": "14"}}, {"type": "Feature", "geometry": {"type": "Point", "coordinates": [30.2247, -1.979]}, "properties": {"radio": "GSM", "range_m": "1198", "samples": "9"}}, {"type": "Feature", "geometry": {"type": "Point", "coordinates": [30.2647, -1.9265]}, "properties": {"radio": "GSM", "range_m": "6185", "samples": "14"}}, {"type": "Feature", "geometry": {"type": "Point", "coordinates": [30.2272, -1.9632]}, "properties": {"radio": "GSM", "range_m": "1438", "samples": "9"}}, {"type": "Feature", "geometry": {"type": "Point", "coordinates": [30.2714, -1.9254]}, "properties": {"radio": "GSM", "range_m": "3043", "samples": "17"}}, {"type": "Feature", "geometry": {"type": "Point", "coordinates": [30.0757, -1.8792]}, "properties": {"radio": "GSM", "range_m": "1000", "samples": "3"}}, {"type": "Feature", "geometry": {"type": "Point", "coordinates": [30.0781, -1.8605]}, "properties": {"radio": "GSM", "range_m": "4129", "samples": "3"}}, {"type": "Feature", "geometry": {"type": "Point", "coordinates": [30.075, -1.8815]}, "properties": {"radio": "GSM", "range_m": "1000", "samples": "4"}}, {"type": "Feature", "geometry": {"type": "Point", "coordinates": [30.3652, -1.2604]}, "properties": {"radio": "GSM", "range_m": "5960", "samples": "3"}}, {"type": "Feature", "geometry": {"type": "Point", "coordinates": [30.3499, -1.2072]}, "properties": {"radio": "GSM", "range_m": "1088", "samples": "2"}}, {"type": "Feature", "geometry": {"type": "Point", "coordinates": [30.0474, -1.9417]}, "properties": {"radio": "GSM", "range_m": "1000", "samples": "3"}}, {"type": "Feature", "geometry": {"type": "Point", "coordinates": [30.049, -1.9399]}, "properties": {"radio": "GSM", "range_m": "3347", "samples": "20"}}, {"type": "Feature", "geometry": {"type": "Point", "coordinates": [30.3341, -1.2711]}, "properties": {"radio": "GSM", "range_m": "1000", "samples": "2"}}, {"type": "Feature", "geometry": {"type": "Point", "coordinates": [30.0722, -1.951]}, "properties": {"radio": "GSM", "range_m": "5776", "samples": "20"}}, {"type": "Feature", "geometry": {"type": "Point", "coordinates": [30.0751, -1.9517]}, "properties": {"radio": "GSM", "range_m": "1000", "samples": "1"}}, {"type": "Feature", "geometry": {"type": "Point", "coordinates": [30.0756, -1.8972]}, "properties": {"radio": "GSM", "range_m": "6064", "samples": "4"}}, {"type": "Feature", "geometry": {"type": "Point", "coordinates": [30.0802, -1.961]}, "properties": {"radio": "GSM", "range_m": "2817", "samples": "21"}}, {"type": "Feature", "geometry": {"type": "Point", "coordinates": [30.0721, -1.9456]}, "properties": {"radio": "GSM", "range_m": "2555", "samples": "24"}}, {"type": "Feature", "geometry": {"type": "Point", "coordinates": [30.0765, -1.951]}, "properties": {"radio": "GSM", "range_m": "7034", "samples": "21"}}, {"type": "Feature", "geometry": {"type": "Point", "coordinates": [30.0626, -1.9371]}, "properties": {"radio": "GSM", "range_m": "2139", "samples": "14"}}, {"type": "Feature", "geometry": {"type": "Point", "coordinates": [30.3299, -1.3269]}, "properties": {"radio": "GSM", "range_m": "1742", "samples": "2"}}, {"type": "Feature", "geometry": {"type": "Point", "coordinates": [30.332, -1.3318]}, "properties": {"radio": "GSM", "range_m": "2218", "samples": "2"}}, {"type": "Feature", "geometry": {"type": "Point", "coordinates": [30.3279, -1.3184]}, "properties": {"radio": "GSM", "range_m": "1000", "samples": "2"}}, {"type": "Feature", "geometry": {"type": "Point", "coordinates": [30.0842, -1.9765]}, "properties": {"radio": "GSM", "range_m": "542", "samples": "25"}}, {"type": "Feature", "geometry": {"type": "Point", "coordinates": [30.085, -1.9753]}, "properties": {"radio": "GSM", "range_m": "1000", "samples": "21"}}, {"type": "Feature", "geometry": {"type": "Point", "coordinates": [30.0842, -1.9762]}, "properties": {"radio": "GSM", "range_m": "746", "samples": "25"}}, {"type": "Feature", "geometry": {"type": "Point", "coordinates": [30.0841, -1.9767]}, "properties": {"radio": "GSM", "range_m": "1000", "samples": "24"}}, {"type": "Feature", "geometry": {"type": "Point", "coordinates": [30.0843, -1.9753]}, "properties": {"radio": "GSM", "range_m": "1000", "samples": "21"}}, {"type": "Feature", "geometry": {"type": "Point", "coordinates": [30.084, -1.9767]}, "properties": {"radio": "GSM", "range_m": "500", "samples": "26"}}, {"type": "Feature", "geometry": {"type": "Point", "coordinates": [30.0882, -1.9732]}, "properties": {"radio": "GSM", "range_m": "1677", "samples": "21"}}, {"type": "Feature", "geometry": {"type": "Point", "coordinates": [30.0852, -1.9726]}, "properties": {"radio": "GSM", "range_m": "983", "samples": "25"}}, {"type": "Feature", "geometry": {"type": "Point", "coordinates": [30.0849, -1.9762]}, "properties": {"radio": "GSM", "range_m": "1678", "samples": "14"}}, {"type": "Feature", "geometry": {"type": "Point", "coordinates": [30.088, -1.974]}, "properties": {"radio": "GSM", "range_m": "3889", "samples": "23"}}, {"type": "Feature", "geometry": {"type": "Point", "coordinates": [30.0886, -1.9753]}, "properties": {"radio": "GSM", "range_m": "2011", "samples": "25"}}, {"type": "Feature", "geometry": {"type": "Point", "coordinates": [30.0853, -1.9759]}, "properties": {"radio": "GSM", "range_m": "1000", "samples": "21"}}, {"type": "Feature", "geometry": {"type": "Point", "coordinates": [30.0851, -1.9756]}, "properties": {"radio": "GSM", "range_m": "1411", "samples": "20"}}, {"type": "Feature", "geometry": {"type": "Point", "coordinates": [30.0881, -1.9201]}, "properties": {"radio": "GSM", "range_m": "6379", "samples": "6"}}, {"type": "Feature", "geometry": {"type": "Point", "coordinates": [30.0842, -1.9759]}, "properties": {"radio": "GSM", "range_m": "1000", "samples": "18"}}, {"type": "Feature", "geometry": {"type": "Point", "coordinates": [30.0891, -1.9904]}, "properties": {"radio": "GSM", "range_m": "20351", "samples": "21"}}, {"type": "Feature", "geometry": {"type": "Point", "coordinates": [30.0836, -1.9739]}, "properties": {"radio": "GSM", "range_m": "1606", "samples": "16"}}, {"type": "Feature", "geometry": {"type": "Point", "coordinates": [30.095, -1.9748]}, "properties": {"radio": "GSM", "range_m": "1361", "samples": "17"}}, {"type": "Feature", "geometry": {"type": "Point", "coordinates": [30.0847, -1.9728]}, "properties": {"radio": "GSM", "range_m": "1000", "samples": "13"}}, {"type": "Feature", "geometry": {"type": "Point", "coordinates": [30.0168, -1.8962]}, "properties": {"radio": "GSM", "range_m": "6912", "samples": "8"}}, {"type": "Feature", "geometry": {"type": "Point", "coordinates": [30.0756, -1.8794]}, "properties": {"radio": "GSM", "range_m": "1000", "samples": "5"}}, {"type": "Feature", "geometry": {"type": "Point", "coordinates": [30.0856, -1.9755]}, "properties": {"radio": "GSM", "range_m": "6883", "samples": "24"}}, {"type": "Feature", "geometry": {"type": "Point", "coordinates": [30.0385, -1.525]}, "properties": {"radio": "GSM", "range_m": "1000", "samples": "1"}}, {"type": "Feature", "geometry": {"type": "Point", "coordinates": [30.3221, -1.3038]}, "properties": {"radio": "GSM", "range_m": "1000", "samples": "1"}}, {"type": "Feature", "geometry": {"type": "Point", "coordinates": [30.3322, -1.329]}, "properties": {"radio": "GSM", "range_m": "1000", "samples": "1"}}, {"type": "Feature", "geometry": {"type": "Point", "coordinates": [30.0767, -1.8787]}, "properties": {"radio": "GSM", "range_m": "1000", "samples": "2"}}, {"type": "Feature", "geometry": {"type": "Point", "coordinates": [30.099, -1.9747]}, "properties": {"radio": "GSM", "range_m": "2906", "samples": "22"}}, {"type": "Feature", "geometry": {"type": "Point", "coordinates": [30.1029, -1.9824]}, "properties": {"radio": "GSM", "range_m": "1000", "samples": "13"}}, {"type": "Feature", "geometry": {"type": "Point", "coordinates": [30.095, -1.9765]}, "properties": {"radio": "GSM", "range_m": "1349", "samples": "21"}}, {"type": "Feature", "geometry": {"type": "Point", "coordinates": [30.1008, -1.9792]}, "properties": {"radio": "GSM", "range_m": "1000", "samples": "12"}}, {"type": "Feature", "geometry": {"type": "Point", "coordinates": [30.0966, -1.9769]}, "properties": {"radio": "GSM", "range_m": "4419", "samples": "24"}}, {"type": "Feature", "geometry": {"type": "Point", "coordinates": [30.0972, -1.9778]}, "properties": {"radio": "GSM", "range_m": "1561", "samples": "12"}}, {"type": "Feature", "geometry": {"type": "Point", "coordinates": [30.0919, -1.9767]}, "properties": {"radio": "GSM", "range_m": "1693", "samples": "22"}}, {"type": "Feature", "geometry": {"type": "Point", "coordinates": [30.1021, -1.9807]}, "properties": {"radio": "GSM", "range_m": "1015", "samples": "8"}}, {"type": "Feature", "geometry": {"type": "Point", "coordinates": [30.1003, -2.0124]}, "properties": {"radio": "GSM", "range_m": "6768", "samples": "11"}}, {"type": "Feature", "geometry": {"type": "Point", "coordinates": [30.1023, -1.9859]}, "properties": {"radio": "GSM", "range_m": "5543", "samples": "16"}}, {"type": "Feature", "geometry": {"type": "Point", "coordinates": [30.102, -1.9903]}, "properties": {"radio": "GSM", "range_m": "8045", "samples": "17"}}, {"type": "Feature", "geometry": {"type": "Point", "coordinates": [30.1122, -2.028]}, "properties": {"radio": "GSM", "range_m": "17642", "samples": "11"}}, {"type": "Feature", "geometry": {"type": "Point", "coordinates": [30.0977, -2.0077]}, "properties": {"radio": "GSM", "range_m": "1527", "samples": "8"}}, {"type": "Feature", "geometry": {"type": "Point", "coordinates": [30.103, -2.0077]}, "properties": {"radio": "GSM", "range_m": "4742", "samples": "12"}}, {"type": "Feature", "geometry": {"type": "Point", "coordinates": [30.1007, -2.0139]}, "properties": {"radio": "GSM", "range_m": "2434", "samples": "11"}}, {"type": "Feature", "geometry": {"type": "Point", "coordinates": [30.0931, -1.9801]}, "properties": {"radio": "GSM", "range_m": "3322", "samples": "8"}}, {"type": "Feature", "geometry": {"type": "Point", "coordinates": [30.0997, -2.0403]}, "properties": {"radio": "GSM", "range_m": "3922", "samples": "8"}}, {"type": "Feature", "geometry": {"type": "Point", "coordinates": [30.0947, -2.0375]}, "properties": {"radio": "GSM", "range_m": "7867", "samples": "14"}}, {"type": "Feature", "geometry": {"type": "Point", "coordinates": [30.1015, -2.0355]}, "properties": {"radio": "GSM", "range_m": "4476", "samples": "10"}}, {"type": "Feature", "geometry": {"type": "Point", "coordinates": [30.0969, -2.0583]}, "properties": {"radio": "GSM", "range_m": "1907", "samples": "2"}}, {"type": "Feature", "geometry": {"type": "Point", "coordinates": [30.0949, -2.0703]}, "properties": {"radio": "GSM", "range_m": "8671", "samples": "9"}}, {"type": "Feature", "geometry": {"type": "Point", "coordinates": [30.0976, -2.0396]}, "properties": {"radio": "GSM", "range_m": "4430", "samples": "13"}}, {"type": "Feature", "geometry": {"type": "Point", "coordinates": [30.1038, -2.0167]}, "properties": {"radio": "GSM", "range_m": "6584", "samples": "11"}}, {"type": "Feature", "geometry": {"type": "Point", "coordinates": [30.0746, -2.1052]}, "properties": {"radio": "GSM", "range_m": "1000", "samples": "12"}}, {"type": "Feature", "geometry": {"type": "Point", "coordinates": [30.0744, -2.105]}, "properties": {"radio": "GSM", "range_m": "1000", "samples": "9"}}, {"type": "Feature", "geometry": {"type": "Point", "coordinates": [30.0854, -2.0841]}, "properties": {"radio": "GSM", "range_m": "3979", "samples": "8"}}, {"type": "Feature", "geometry": {"type": "Point", "coordinates": [30.0721, -2.116]}, "properties": {"radio": "GSM", "range_m": "1791", "samples": "9"}}, {"type": "Feature", "geometry": {"type": "Point", "coordinates": [30.093, -2.113]}, "properties": {"radio": "GSM", "range_m": "10100", "samples": "9"}}, {"type": "Feature", "geometry": {"type": "Point", "coordinates": [30.0921, -2.0569]}, "properties": {"radio": "GSM", "range_m": "6464", "samples": "13"}}, {"type": "Feature", "geometry": {"type": "Point", "coordinates": [30.0739, -2.1053]}, "properties": {"radio": "GSM", "range_m": "1000", "samples": "1"}}, {"type": "Feature", "geometry": {"type": "Point", "coordinates": [30.0965, -2.1499]}, "properties": {"radio": "GSM", "range_m": "2424", "samples": "9"}}, {"type": "Feature", "geometry": {"type": "Point", "coordinates": [30.1039, -2.1572]}, "properties": {"radio": "GSM", "range_m": "3918", "samples": "9"}}, {"type": "Feature", "geometry": {"type": "Point", "coordinates": [30.0971, -2.1445]}, "properties": {"radio": "GSM", "range_m": "3857", "samples": "10"}}, {"type": "Feature", "geometry": {"type": "Point", "coordinates": [30.0859, -2.0907]}, "properties": {"radio": "GSM", "range_m": "2680", "samples": "9"}}, {"type": "Feature", "geometry": {"type": "Point", "coordinates": [30.0915, -1.8518]}, "properties": {"radio": "GSM", "range_m": "2634", "samples": "25"}}, {"type": "Feature", "geometry": {"type": "Point", "coordinates": [30.4023, -1.0783]}, "properties": {"radio": "GSM", "range_m": "1000", "samples": "1"}}, {"type": "Feature", "geometry": {"type": "Point", "coordinates": [30.0837, -2.1361]}, "properties": {"radio": "GSM", "range_m": "3729", "samples": "6"}}, {"type": "Feature", "geometry": {"type": "Point", "coordinates": [30.0785, -2.1375]}, "properties": {"radio": "GSM", "range_m": "2064", "samples": "5"}}, {"type": "Feature", "geometry": {"type": "Point", "coordinates": [30.1342, -2.1499]}, "properties": {"radio": "GSM", "range_m": "4445", "samples": "2"}}, {"type": "Feature", "geometry": {"type": "Point", "coordinates": [30.3461, -1.1435]}, "properties": {"radio": "GSM", "range_m": "1000", "samples": "1"}}, {"type": "Feature", "geometry": {"type": "Point", "coordinates": [30.087, -2.069]}, "properties": {"radio": "GSM", "range_m": "6587", "samples": "6"}}, {"type": "Feature", "geometry": {"type": "Point", "coordinates": [30.0737, -2.1165]}, "properties": {"radio": "GSM", "range_m": "2481", "samples": "13"}}, {"type": "Feature", "geometry": {"type": "Point", "coordinates": [30.0723, -2.1085]}, "properties": {"radio": "GSM", "range_m": "1000", "samples": "2"}}, {"type": "Feature", "geometry": {"type": "Point", "coordinates": [30.0797, -2.1176]}, "properties": {"radio": "GSM", "range_m": "9208", "samples": "10"}}, {"type": "Feature", "geometry": {"type": "Point", "coordinates": [30.0821, -2.0968]}, "properties": {"radio": "GSM", "range_m": "2899", "samples": "15"}}, {"type": "Feature", "geometry": {"type": "Point", "coordinates": [30.0907, -2.0568]}, "properties": {"radio": "GSM", "range_m": "6031", "samples": "10"}}, {"type": "Feature", "geometry": {"type": "Point", "coordinates": [30.107, -2.0124]}, "properties": {"radio": "GSM", "range_m": "1000", "samples": "13"}}, {"type": "Feature", "geometry": {"type": "Point", "coordinates": [30.1045, -2.0122]}, "properties": {"radio": "GSM", "range_m": "2400", "samples": "16"}}, {"type": "Feature", "geometry": {"type": "Point", "coordinates": [30.1204, -2.0226]}, "properties": {"radio": "GSM", "range_m": "15180", "samples": "14"}}, {"type": "Feature", "geometry": {"type": "Point", "coordinates": [30.106, -2.0114]}, "properties": {"radio": "GSM", "range_m": "1000", "samples": "11"}}, {"type": "Feature", "geometry": {"type": "Point", "coordinates": [30.1026, -2.011]}, "properties": {"radio": "GSM", "range_m": "2769", "samples": "8"}}, {"type": "Feature", "geometry": {"type": "Point", "coordinates": [30.0953, -2.0024]}, "properties": {"radio": "GSM", "range_m": "3815", "samples": "13"}}, {"type": "Feature", "geometry": {"type": "Point", "coordinates": [30.1078, -2.0134]}, "properties": {"radio": "GSM", "range_m": "1000", "samples": "1"}}, {"type": "Feature", "geometry": {"type": "Point", "coordinates": [30.1388, -2.0102]}, "properties": {"radio": "GSM", "range_m": "6087", "samples": "12"}}, {"type": "Feature", "geometry": {"type": "Point", "coordinates": [30.1056, -2.0185]}, "properties": {"radio": "GSM", "range_m": "6296", "samples": "10"}}, {"type": "Feature", "geometry": {"type": "Point", "coordinates": [30.102, -2.0097]}, "properties": {"radio": "GSM", "range_m": "1000", "samples": "4"}}, {"type": "Feature", "geometry": {"type": "Point", "coordinates": [30.1051, -2.02]}, "properties": {"radio": "GSM", "range_m": "1458", "samples": "8"}}, {"type": "Feature", "geometry": {"type": "Point", "coordinates": [30.1012, -1.9818]}, "properties": {"radio": "GSM", "range_m": "2089", "samples": "13"}}, {"type": "Feature", "geometry": {"type": "Point", "coordinates": [30.0899, -1.9775]}, "properties": {"radio": "GSM", "range_m": "5476", "samples": "24"}}, {"type": "Feature", "geometry": {"type": "Point", "coordinates": [30.1044, -1.9664]}, "properties": {"radio": "GSM", "range_m": "1000", "samples": "3"}}, {"type": "Feature", "geometry": {"type": "Point", "coordinates": [30.0587, -1.9389]}, "properties": {"radio": "GSM", "range_m": "2163", "samples": "5"}}, {"type": "Feature", "geometry": {"type": "Point", "coordinates": [30.0561, -1.9362]}, "properties": {"radio": "GSM", "range_m": "1231", "samples": "10"}}, {"type": "Feature", "geometry": {"type": "Point", "coordinates": [30.0539, -1.9346]}, "properties": {"radio": "GSM", "range_m": "3526", "samples": "22"}}, {"type": "Feature", "geometry": {"type": "Point", "coordinates": [30.0591, -1.9367]}, "properties": {"radio": "GSM", "range_m": "1655", "samples": "24"}}, {"type": "Feature", "geometry": {"type": "Point", "coordinates": [30.089, -1.8617]}, "properties": {"radio": "GSM", "range_m": "5103", "samples": "22"}}, {"type": "Feature", "geometry": {"type": "Point", "coordinates": [30.0618, -1.8944]}, "properties": {"radio": "GSM", "range_m": "1075", "samples": "3"}}, {"type": "Feature", "geometry": {"type": "Point", "coordinates": [30.0827, -1.9279]}, "properties": {"radio": "GSM", "range_m": "5198", "samples": "3"}}, {"type": "Feature", "geometry": {"type": "Point", "coordinates": [30.0941, -1.8156]}, "properties": {"radio": "GSM", "range_m": "1000", "samples": "1"}}, {"type": "Feature", "geometry": {"type": "Point", "coordinates": [30.0766, -1.8788]}, "properties": {"radio": "GSM", "range_m": "1000", "samples": "11"}}, {"type": "Feature", "geometry": {"type": "Point", "coordinates": [30.087, -1.5961]}, "properties": {"radio": "GSM", "range_m": "1000", "samples": "1"}}, {"type": "Feature", "geometry": {"type": "Point", "coordinates": [30.0456, -1.9345]}, "properties": {"radio": "GSM", "range_m": "1785", "samples": "17"}}, {"type": "Feature", "geometry": {"type": "Point", "coordinates": [30.049, -1.9371]}, "properties": {"radio": "GSM", "range_m": "1839", "samples": "22"}}, {"type": "Feature", "geometry": {"type": "Point", "coordinates": [30.0617, -1.9366]}, "properties": {"radio": "GSM", "range_m": "1295", "samples": "24"}}, {"type": "Feature", "geometry": {"type": "Point", "coordinates": [30.0738, -1.956]}, "properties": {"radio": "GSM", "range_m": "3805", "samples": "23"}}, {"type": "Feature", "geometry": {"type": "Point", "coordinates": [30.0815, -1.963]}, "properties": {"radio": "GSM", "range_m": "2670", "samples": "24"}}, {"type": "Feature", "geometry": {"type": "Point", "coordinates": [30.0872, -1.9742]}, "properties": {"radio": "GSM", "range_m": "2078", "samples": "21"}}, {"type": "Feature", "geometry": {"type": "Point", "coordinates": [30.0933, -1.9771]}, "properties": {"radio": "GSM", "range_m": "1000", "samples": "11"}}, {"type": "Feature", "geometry": {"type": "Point", "coordinates": [30.0966, -1.977]}, "properties": {"radio": "GSM", "range_m": "1390", "samples": "12"}}, {"type": "Feature", "geometry": {"type": "Point", "coordinates": [30.0879, -1.9776]}, "properties": {"radio": "GSM", "range_m": "1344", "samples": "26"}}, {"type": "Feature", "geometry": {"type": "Point", "coordinates": [30.0953, -1.9847]}, "properties": {"radio": "GSM", "range_m": "1999", "samples": "12"}}, {"type": "Feature", "geometry": {"type": "Point", "coordinates": [30.0936, -1.9965]}, "properties": {"radio": "GSM", "range_m": "2401", "samples": "10"}}, {"type": "Feature", "geometry": {"type": "Point", "coordinates": [30.0925, -2.0023]}, "properties": {"radio": "GSM", "range_m": "1000", "samples": "14"}}, {"type": "Feature", "geometry": {"type": "Point", "coordinates": [30.0979, -2.0073]}, "properties": {"radio": "GSM", "range_m": "1093", "samples": "7"}}, {"type": "Feature", "geometry": {"type": "Point", "coordinates": [30.0947, -2.0739]}, "properties": {"radio": "GSM", "range_m": "1000", "samples": "3"}}, {"type": "Feature", "geometry": {"type": "Point", "coordinates": [30.0904, -2.0029]}, "properties": {"radio": "GSM", "range_m": "1000", "samples": "3"}}, {"type": "Feature", "geometry": {"type": "Point", "coordinates": [30.0737, -1.9752]}, "properties": {"radio": "GSM", "range_m": "2735", "samples": "6"}}, {"type": "Feature", "geometry": {"type": "Point", "coordinates": [30.065, -1.9767]}, "properties": {"radio": "GSM", "range_m": "2160", "samples": "2"}}, {"type": "Feature", "geometry": {"type": "Point", "coordinates": [30.0752, -1.9836]}, "properties": {"radio": "GSM", "range_m": "3249", "samples": "3"}}, {"type": "Feature", "geometry": {"type": "Point", "coordinates": [30.0733, -1.9872]}, "properties": {"radio": "GSM", "range_m": "1000", "samples": "1"}}, {"type": "Feature", "geometry": {"type": "Point", "coordinates": [30.0752, -1.9858]}, "properties": {"radio": "GSM", "range_m": "1000", "samples": "1"}}, {"type": "Feature", "geometry": {"type": "Point", "coordinates": [30.0762, -1.9831]}, "properties": {"radio": "GSM", "range_m": "1000", "samples": "1"}}, {"type": "Feature", "geometry": {"type": "Point", "coordinates": [30.0853, -1.9768]}, "properties": {"radio": "GSM", "range_m": "1885", "samples": "17"}}, {"type": "Feature", "geometry": {"type": "Point", "coordinates": [30.076, -1.9774]}, "properties": {"radio": "GSM", "range_m": "1000", "samples": "1"}}, {"type": "Feature", "geometry": {"type": "Point", "coordinates": [30.0767, -1.9753]}, "properties": {"radio": "GSM", "range_m": "1000", "samples": "1"}}, {"type": "Feature", "geometry": {"type": "Point", "coordinates": [30.0842, -1.9716]}, "properties": {"radio": "GSM", "range_m": "1000", "samples": "9"}}, {"type": "Feature", "geometry": {"type": "Point", "coordinates": [30.0767, -1.9725]}, "properties": {"radio": "GSM", "range_m": "1000", "samples": "1"}}, {"type": "Feature", "geometry": {"type": "Point", "coordinates": [30.0814, -1.9674]}, "properties": {"radio": "GSM", "range_m": "1476", "samples": "8"}}, {"type": "Feature", "geometry": {"type": "Point", "coordinates": [30.0824, -1.9647]}, "properties": {"radio": "GSM", "range_m": "3175", "samples": "26"}}, {"type": "Feature", "geometry": {"type": "Point", "coordinates": [30.0723, -1.9013]}, "properties": {"radio": "GSM", "range_m": "4041", "samples": "5"}}, {"type": "Feature", "geometry": {"type": "Point", "coordinates": [30.0873, -1.9672]}, "properties": {"radio": "GSM", "range_m": "2764", "samples": "24"}}, {"type": "Feature", "geometry": {"type": "Point", "coordinates": [30.0985, -1.9685]}, "properties": {"radio": "GSM", "range_m": "3017", "samples": "20"}}, {"type": "Feature", "geometry": {"type": "Point", "coordinates": [30.1072, -1.9659]}, "properties": {"radio": "GSM", "range_m": "4998", "samples": "25"}}, {"type": "Feature", "geometry": {"type": "Point", "coordinates": [30.1193, -1.9615]}, "properties": {"radio": "GSM", "range_m": "3687", "samples": "6"}}, {"type": "Feature", "geometry": {"type": "Point", "coordinates": [30.1123, -1.9599]}, "properties": {"radio": "GSM", "range_m": "6179", "samples": "23"}}, {"type": "Feature", "geometry": {"type": "Point", "coordinates": [30.1208, -1.961]}, "properties": {"radio": "GSM", "range_m": "1000", "samples": "20"}}, {"type": "Feature", "geometry": {"type": "Point", "coordinates": [30.1245, -1.9627]}, "properties": {"radio": "GSM", "range_m": "3832", "samples": "5"}}, {"type": "Feature", "geometry": {"type": "Point", "coordinates": [30.1206, -1.9662]}, "properties": {"radio": "GSM", "range_m": "1000", "samples": "3"}}, {"type": "Feature", "geometry": {"type": "Point", "coordinates": [30.1215, -1.9672]}, "properties": {"radio": "GSM", "range_m": "1000", "samples": "5"}}, {"type": "Feature", "geometry": {"type": "Point", "coordinates": [30.1244, -1.9714]}, "properties": {"radio": "GSM", "range_m": "1000", "samples": "4"}}, {"type": "Feature", "geometry": {"type": "Point", "coordinates": [30.1214, -1.9732]}, "properties": {"radio": "GSM", "range_m": "1000", "samples": "1"}}, {"type": "Feature", "geometry": {"type": "Point", "coordinates": [30.1265, -1.9751]}, "properties": {"radio": "GSM", "range_m": "1000", "samples": "2"}}, {"type": "Feature", "geometry": {"type": "Point", "coordinates": [30.0956, -1.8293]}, "properties": {"radio": "GSM", "range_m": "3555", "samples": "3"}}, {"type": "Feature", "geometry": {"type": "Point", "coordinates": [30.1235, -1.971]}, "properties": {"radio": "GSM", "range_m": "1000", "samples": "1"}}, {"type": "Feature", "geometry": {"type": "Point", "coordinates": [30.1093, -1.9618]}, "properties": {"radio": "GSM", "range_m": "3318", "samples": "24"}}, {"type": "Feature", "geometry": {"type": "Point", "coordinates": [30.1092, -1.9627]}, "properties": {"radio": "GSM", "range_m": "1000", "samples": "11"}}, {"type": "Feature", "geometry": {"type": "Point", "coordinates": [30.0225, -1.8955]}, "properties": {"radio": "GSM", "range_m": "6288", "samples": "6"}}, {"type": "Feature", "geometry": {"type": "Point", "coordinates": [30.4247, -1.1177]}, "properties": {"radio": "GSM", "range_m": "1000", "samples": "1"}}, {"type": "Feature", "geometry": {"type": "Point", "coordinates": [30.0759, -1.879]}, "properties": {"radio": "GSM", "range_m": "1000", "samples": "7"}}, {"type": "Feature", "geometry": {"type": "Point", "coordinates": [30.0756, -1.9546]}, "properties": {"radio": "GSM", "range_m": "1396", "samples": "22"}}, {"type": "Feature", "geometry": {"type": "Point", "coordinates": [30.0715, -1.9566]}, "properties": {"radio": "GSM", "range_m": "1657", "samples": "17"}}, {"type": "Feature", "geometry": {"type": "Point", "coordinates": [30.0738, -1.9444]}, "properties": {"radio": "GSM", "range_m": "3576", "samples": "16"}}, {"type": "Feature", "geometry": {"type": "Point", "coordinates": [30.0544, -1.9362]}, "properties": {"radio": "GSM", "range_m": "1622", "samples": "26"}}, {"type": "Feature", "geometry": {"type": "Point", "coordinates": [30.0505, -1.9082]}, "properties": {"radio": "GSM", "range_m": "2119", "samples": "20"}}, {"type": "Feature", "geometry": {"type": "Point", "coordinates": [30.0478, -1.9227]}, "properties": {"radio": "GSM", "range_m": "6309", "samples": "26"}}, {"type": "Feature", "geometry": {"type": "Point", "coordinates": [30.0563, -1.9001]}, "properties": {"radio": "GSM", "range_m": "1000", "samples": "1"}}, {"type": "Feature", "geometry": {"type": "Point", "coordinates": [30.0473, -1.9393]}, "properties": {"radio": "GSM", "range_m": "1000", "samples": "10"}}, {"type": "Feature", "geometry": {"type": "Point", "coordinates": [30.0713, -1.9518]}, "properties": {"radio": "GSM", "range_m": "2916", "samples": "7"}}, {"type": "Feature", "geometry": {"type": "Point", "coordinates": [30.0703, -1.9445]}, "properties": {"radio": "GSM", "range_m": "2906", "samples": "25"}}, {"type": "Feature", "geometry": {"type": "Point", "coordinates": [30.0751, -1.9501]}, "properties": {"radio": "GSM", "range_m": "9457", "samples": "22"}}, {"type": "Feature", "geometry": {"type": "Point", "coordinates": [30.0744, -1.9577]}, "properties": {"radio": "GSM", "range_m": "1553", "samples": "9"}}, {"type": "Feature", "geometry": {"type": "Point", "coordinates": [30.0833, -1.9777]}, "properties": {"radio": "GSM", "range_m": "1000", "samples": "6"}}, {"type": "Feature", "geometry": {"type": "Point", "coordinates": [30.0768, -1.8787]}, "properties": {"radio": "GSM", "range_m": "1000", "samples": "2"}}, {"type": "Feature", "geometry": {"type": "Point", "coordinates": [30.0765, -1.8788]}, "properties": {"radio": "GSM", "range_m": "1000", "samples": "3"}}, {"type": "Feature", "geometry": {"type": "Point", "coordinates": [30.0849, -1.977]}, "properties": {"radio": "GSM", "range_m": "1000", "samples": "23"}}, {"type": "Feature", "geometry": {"type": "Point", "coordinates": [30.0927, -1.9757]}, "properties": {"radio": "GSM", "range_m": "1715", "samples": "24"}}, {"type": "Feature", "geometry": {"type": "Point", "coordinates": [30.0759, -1.8863]}, "properties": {"radio": "GSM", "range_m": "1593", "samples": "8"}}, {"type": "Feature", "geometry": {"type": "Point", "coordinates": [30.1074, -1.8332]}, "properties": {"radio": "GSM", "range_m": "6119", "samples": "3"}}, {"type": "Feature", "geometry": {"type": "Point", "coordinates": [30.0482, -1.9255]}, "properties": {"radio": "GSM", "range_m": "1379", "samples": "3"}}, {"type": "Feature", "geometry": {"type": "Point", "coordinates": [30.0643, -1.941]}, "properties": {"radio": "GSM", "range_m": "3349", "samples": "15"}}, {"type": "Feature", "geometry": {"type": "Point", "coordinates": [30.0919, -1.9681]}, "properties": {"radio": "GSM", "range_m": "1075", "samples": "3"}}, {"type": "Feature", "geometry": {"type": "Point", "coordinates": [30.1016, -1.9685]}, "properties": {"radio": "GSM", "range_m": "1000", "samples": "1"}}, {"type": "Feature", "geometry": {"type": "Point", "coordinates": [30.0927, -1.975]}, "properties": {"radio": "GSM", "range_m": "1423", "samples": "23"}}, {"type": "Feature", "geometry": {"type": "Point", "coordinates": [30.1552, -1.9602]}, "properties": {"radio": "GSM", "range_m": "3408", "samples": "21"}}, {"type": "Feature", "geometry": {"type": "Point", "coordinates": [30.1529, -1.9583]}, "properties": {"radio": "GSM", "range_m": "2225", "samples": "23"}}, {"type": "Feature", "geometry": {"type": "Point", "coordinates": [30.1374, -1.9565]}, "properties": {"radio": "GSM", "range_m": "1708", "samples": "14"}}, {"type": "Feature", "geometry": {"type": "Point", "coordinates": [30.1474, -1.9562]}, "properties": {"radio": "GSM", "range_m": "1748", "samples": "15"}}, {"type": "Feature", "geometry": {"type": "Point", "coordinates": [30.1365, -1.9585]}, "properties": {"radio": "GSM", "range_m": "3411", "samples": "14"}}, {"type": "Feature", "geometry": {"type": "Point", "coordinates": [30.1298, -1.9616]}, "properties": {"radio": "GSM", "range_m": "3767", "samples": "10"}}, {"type": "Feature", "geometry": {"type": "Point", "coordinates": [30.1635, -1.976]}, "properties": {"radio": "GSM", "range_m": "4568", "samples": "4"}}, {"type": "Feature", "geometry": {"type": "Point", "coordinates": [29.4025, -1.6379]}, "properties": {"radio": "GSM", "range_m": "1000", "samples": "1"}}, {"type": "Feature", "geometry": {"type": "Point", "coordinates": [29.3746, -1.6693]}, "properties": {"radio": "GSM", "range_m": "4675", "samples": "2"}}, {"type": "Feature", "geometry": {"type": "Point", "coordinates": [30.0472, -1.9192]}, "properties": {"radio": "GSM", "range_m": "1767", "samples": "3"}}, {"type": "Feature", "geometry": {"type": "Point", "coordinates": [30.0859, -1.9709]}, "properties": {"radio": "GSM", "range_m": "1909", "samples": "26"}}, {"type": "Feature", "geometry": {"type": "Point", "coordinates": [30.087, -1.9693]}, "properties": {"radio": "GSM", "range_m": "1000", "samples": "1"}}, {"type": "Feature", "geometry": {"type": "Point", "coordinates": [30.1415, -1.9561]}, "properties": {"radio": "GSM", "range_m": "4095", "samples": "22"}}, {"type": "Feature", "geometry": {"type": "Point", "coordinates": [30.1427, -1.9559]}, "properties": {"radio": "GSM", "range_m": "1693", "samples": "14"}}, {"type": "Feature", "geometry": {"type": "Point", "coordinates": [30.129, -1.9607]}, "properties": {"radio": "GSM", "range_m": "4927", "samples": "17"}}, {"type": "Feature", "geometry": {"type": "Point", "coordinates": [30.1602, -1.9632]}, "properties": {"radio": "GSM", "range_m": "2097", "samples": "14"}}, {"type": "Feature", "geometry": {"type": "Point", "coordinates": [30.1669, -1.9712]}, "properties": {"radio": "GSM", "range_m": "4534", "samples": "22"}}, {"type": "Feature", "geometry": {"type": "Point", "coordinates": [30.0575, -1.8975]}, "properties": {"radio": "GSM", "range_m": "6082", "samples": "8"}}, {"type": "Feature", "geometry": {"type": "Point", "coordinates": [30.0758, -1.879]}, "properties": {"radio": "GSM", "range_m": "1000", "samples": "7"}}, {"type": "Feature", "geometry": {"type": "Point", "coordinates": [30.1893, -1.9935]}, "properties": {"radio": "GSM", "range_m": "1000", "samples": "11"}}, {"type": "Feature", "geometry": {"type": "Point", "coordinates": [30.1886, -1.9916]}, "properties": {"radio": "GSM", "range_m": "1346", "samples": "7"}}, {"type": "Feature", "geometry": {"type": "Point", "coordinates": [30.1836, -1.9878]}, "properties": {"radio": "GSM", "range_m": "1824", "samples": "8"}}, {"type": "Feature", "geometry": {"type": "Point", "coordinates": [30.1663, -1.9596]}, "properties": {"radio": "GSM", "range_m": "4749", "samples": "26"}}, {"type": "Feature", "geometry": {"type": "Point", "coordinates": [30.1561, -1.9574]}, "properties": {"radio": "GSM", "range_m": "1000", "samples": "14"}}, {"type": "Feature", "geometry": {"type": "Point", "coordinates": [30.1896, -1.9934]}, "properties": {"radio": "GSM", "range_m": "1000", "samples": "1"}}, {"type": "Feature", "geometry": {"type": "Point", "coordinates": [30.1866, -1.9882]}, "properties": {"radio": "GSM", "range_m": "2073", "samples": "4"}}, {"type": "Feature", "geometry": {"type": "Point", "coordinates": [30.0631, -1.9383]}, "properties": {"radio": "GSM", "range_m": "2416", "samples": "21"}}, {"type": "Feature", "geometry": {"type": "Point", "coordinates": [30.1524, -1.9565]}, "properties": {"radio": "GSM", "range_m": "2041", "samples": "22"}}, {"type": "Feature", "geometry": {"type": "Point", "coordinates": [30.1585, -1.9583]}, "properties": {"radio": "GSM", "range_m": "1782", "samples": "11"}}, {"type": "Feature", "geometry": {"type": "Point", "coordinates": [30.1583, -1.9594]}, "properties": {"radio": "GSM", "range_m": "1627", "samples": "8"}}, {"type": "Feature", "geometry": {"type": "Point", "coordinates": [30.0896, -1.9779]}, "properties": {"radio": "GSM", "range_m": "1737", "samples": "4"}}, {"type": "Feature", "geometry": {"type": "Point", "coordinates": [30.0693, -1.9181]}, "properties": {"radio": "GSM", "range_m": "4447", "samples": "2"}}, {"type": "Feature", "geometry": {"type": "Point", "coordinates": [30.1731, -1.9724]}, "properties": {"radio": "GSM", "range_m": "2374", "samples": "8"}}, {"type": "Feature", "geometry": {"type": "Point", "coordinates": [30.0474, -1.9149]}, "properties": {"radio": "GSM", "range_m": "1000", "samples": "1"}}, {"type": "Feature", "geometry": {"type": "Point", "coordinates": [30.0482, -1.9267]}, "properties": {"radio": "GSM", "range_m": "1315", "samples": "2"}}, {"type": "Feature", "geometry": {"type": "Point", "coordinates": [30.0474, -1.9149]}, "properties": {"radio": "GSM", "range_m": "1000", "samples": "1"}}, {"type": "Feature", "geometry": {"type": "Point", "coordinates": [30.0764, -1.9478]}, "properties": {"radio": "GSM", "range_m": "5104", "samples": "21"}}, {"type": "Feature", "geometry": {"type": "Point", "coordinates": [30.063, -1.9357]}, "properties": {"radio": "GSM", "range_m": "1000", "samples": "8"}}, {"type": "Feature", "geometry": {"type": "Point", "coordinates": [30.0638, -1.9326]}, "properties": {"radio": "GSM", "range_m": "5746", "samples": "13"}}, {"type": "Feature", "geometry": {"type": "Point", "coordinates": [30.1023, -1.9814]}, "properties": {"radio": "GSM", "range_m": "1180", "samples": "6"}}, {"type": "Feature", "geometry": {"type": "Point", "coordinates": [30.1885, -1.9951]}, "properties": {"radio": "GSM", "range_m": "1000", "samples": "4"}}, {"type": "Feature", "geometry": {"type": "Point", "coordinates": [30.1561, -1.9454]}, "properties": {"radio": "GSM", "range_m": "2032", "samples": "12"}}, {"type": "Feature", "geometry": {"type": "Point", "coordinates": [30.0889, -1.8675]}, "properties": {"radio": "GSM", "range_m": "1000", "samples": "1"}}, {"type": "Feature", "geometry": {"type": "Point", "coordinates": [30.1132, -1.8898]}, "properties": {"radio": "GSM", "range_m": "1000", "samples": "6"}}, {"type": "Feature", "geometry": {"type": "Point", "coordinates": [30.1189, -1.8946]}, "properties": {"radio": "GSM", "range_m": "1000", "samples": "5"}}, {"type": "Feature", "geometry": {"type": "Point", "coordinates": [30.122, -1.8999]}, "properties": {"radio": "GSM", "range_m": "2308", "samples": "5"}}, {"type": "Feature", "geometry": {"type": "Point", "coordinates": [30.1171, -1.8912]}, "properties": {"radio": "GSM", "range_m": "1000", "samples": "6"}}, {"type": "Feature", "geometry": {"type": "Point", "coordinates": [30.1365, -1.9144]}, "properties": {"radio": "GSM", "range_m": "4422", "samples": "5"}}, {"type": "Feature", "geometry": {"type": "Point", "coordinates": [30.1192, -1.8957]}, "properties": {"radio": "GSM", "range_m": "1000", "samples": "1"}}, {"type": "Feature", "geometry": {"type": "Point", "coordinates": [30.1352, -1.9163]}, "properties": {"radio": "GSM", "range_m": "2431", "samples": "6"}}, {"type": "Feature", "geometry": {"type": "Point", "coordinates": [30.1333, -1.9101]}, "properties": {"radio": "GSM", "range_m": "1000", "samples": "3"}}, {"type": "Feature", "geometry": {"type": "Point", "coordinates": [30.1265, -1.9035]}, "properties": {"radio": "GSM", "range_m": "1181", "samples": "5"}}, {"type": "Feature", "geometry": {"type": "Point", "coordinates": [30.1262, -1.9031]}, "properties": {"radio": "GSM", "range_m": "1233", "samples": "3"}}, {"type": "Feature", "geometry": {"type": "Point", "coordinates": [30.1478, -1.9342]}, "properties": {"radio": "GSM", "range_m": "1000", "samples": "1"}}, {"type": "Feature", "geometry": {"type": "Point", "coordinates": [30.1478, -1.9342]}, "properties": {"radio": "GSM", "range_m": "1000", "samples": "1"}}, {"type": "Feature", "geometry": {"type": "Point", "coordinates": [30.1437, -1.9326]}, "properties": {"radio": "GSM", "range_m": "1000", "samples": "3"}}, {"type": "Feature", "geometry": {"type": "Point", "coordinates": [30.1657, -1.964]}, "properties": {"radio": "GSM", "range_m": "6372", "samples": "23"}}, {"type": "Feature", "geometry": {"type": "Point", "coordinates": [30.1592, -1.9585]}, "properties": {"radio": "GSM", "range_m": "2068", "samples": "9"}}, {"type": "Feature", "geometry": {"type": "Point", "coordinates": [30.1588, -1.9437]}, "properties": {"radio": "GSM", "range_m": "1300", "samples": "7"}}, {"type": "Feature", "geometry": {"type": "Point", "coordinates": [30.1493, -1.9345]}, "properties": {"radio": "GSM", "range_m": "1208", "samples": "2"}}, {"type": "Feature", "geometry": {"type": "Point", "coordinates": [30.1596, -1.9497]}, "properties": {"radio": "GSM", "range_m": "1394", "samples": "14"}}, {"type": "Feature", "geometry": {"type": "Point", "coordinates": [30.158, -1.9429]}, "properties": {"radio": "GSM", "range_m": "1238", "samples": "9"}}, {"type": "Feature", "geometry": {"type": "Point", "coordinates": [30.1541, -1.9455]}, "properties": {"radio": "GSM", "range_m": "1461", "samples": "3"}}, {"type": "Feature", "geometry": {"type": "Point", "coordinates": [30.1683, -1.9578]}, "properties": {"radio": "GSM", "range_m": "4614", "samples": "7"}}, {"type": "Feature", "geometry": {"type": "Point", "coordinates": [30.1545, -1.9577]}, "properties": {"radio": "GSM", "range_m": "2861", "samples": "11"}}, {"type": "Feature", "geometry": {"type": "Point", "coordinates": [30.1671, -1.9648]}, "properties": {"radio": "GSM", "range_m": "4077", "samples": "11"}}, {"type": "Feature", "geometry": {"type": "Point", "coordinates": [30.1589, -1.954]}, "properties": {"radio": "GSM", "range_m": "1000", "samples": "9"}}, {"type": "Feature", "geometry": {"type": "Point", "coordinates": [30.1729, -1.971]}, "properties": {"radio": "GSM", "range_m": "3074", "samples": "19"}}, {"type": "Feature", "geometry": {"type": "Point", "coordinates": [30.1325, -1.9584]}, "properties": {"radio": "GSM", "range_m": "3128", "samples": "22"}}, {"type": "Feature", "geometry": {"type": "Point", "coordinates": [30.1431, -1.9597]}, "properties": {"radio": "GSM", "range_m": "8266", "samples": "13"}}, {"type": "Feature", "geometry": {"type": "Point", "coordinates": [30.1063, -1.9639]}, "properties": {"radio": "GSM", "range_m": "1000", "samples": "1"}}, {"type": "Feature", "geometry": {"type": "Point", "coordinates": [30.1178, -1.9673]}, "properties": {"radio": "GSM", "range_m": "1998", "samples": "3"}}, {"type": "Feature", "geometry": {"type": "Point", "coordinates": [30.1419, -1.9529]}, "properties": {"radio": "GSM", "range_m": "4754", "samples": "14"}}, {"type": "Feature", "geometry": {"type": "Point", "coordinates": [30.1217, -1.9623]}, "properties": {"radio": "GSM", "range_m": "3732", "samples": "13"}}, {"type": "Feature", "geometry": {"type": "Point", "coordinates": [30.0535, -1.9023]}, "properties": {"radio": "GSM", "range_m": "1000", "samples": "3"}}, {"type": "Feature", "geometry": {"type": "Point", "coordinates": [30.0765, -1.8881]}, "properties": {"radio": "GSM", "range_m": "5317", "samples": "6"}}, {"type": "Feature", "geometry": {"type": "Point", "coordinates": [30.1285, -1.8012]}, "properties": {"radio": "GSM", "range_m": "1000", "samples": "1"}}, {"type": "Feature", "geometry": {"type": "Point", "coordinates": [30.0836, -1.9738]}, "properties": {"radio": "GSM", "range_m": "4993", "samples": "19"}}, {"type": "Feature", "geometry": {"type": "Point", "coordinates": [30.1295, -1.9591]}, "properties": {"radio": "GSM", "range_m": "3222", "samples": "14"}}, {"type": "Feature", "geometry": {"type": "Point", "coordinates": [30.1189, -1.9614]}, "properties": {"radio": "GSM", "range_m": "4044", "samples": "7"}}, {"type": "Feature", "geometry": {"type": "Point", "coordinates": [30.1276, -1.9609]}, "properties": {"radio": "GSM", "range_m": "1254", "samples": "21"}}, {"type": "Feature", "geometry": {"type": "Point", "coordinates": [30.1298, -1.9598]}, "properties": {"radio": "GSM", "range_m": "1000", "samples": "2"}}, {"type": "Feature", "geometry": {"type": "Point", "coordinates": [30.1348, -1.9592]}, "properties": {"radio": "GSM", "range_m": "4118", "samples": "14"}}, {"type": "Feature", "geometry": {"type": "Point", "coordinates": [30.1628, -1.9604]}, "properties": {"radio": "GSM", "range_m": "2630", "samples": "9"}}, {"type": "Feature", "geometry": {"type": "Point", "coordinates": [30.1145, -1.9604]}, "properties": {"radio": "GSM", "range_m": "1000", "samples": "1"}}, {"type": "Feature", "geometry": {"type": "Point", "coordinates": [30.1109, -1.9625]}, "properties": {"radio": "GSM", "range_m": "1090", "samples": "4"}}, {"type": "Feature", "geometry": {"type": "Point", "coordinates": [30.1145, -1.9604]}, "properties": {"radio": "GSM", "range_m": "1000", "samples": "1"}}, {"type": "Feature", "geometry": {"type": "Point", "coordinates": [30.0908, -1.9815]}, "properties": {"radio": "GSM", "range_m": "4498", "samples": "6"}}, {"type": "Feature", "geometry": {"type": "Point", "coordinates": [30.2184, -1.9712]}, "properties": {"radio": "GSM", "range_m": "5761", "samples": "20"}}, {"type": "Feature", "geometry": {"type": "Point", "coordinates": [30.1788, -1.9792]}, "properties": {"radio": "GSM", "range_m": "4018", "samples": "3"}}, {"type": "Feature", "geometry": {"type": "Point", "coordinates": [30.1894, -1.9938]}, "properties": {"radio": "GSM", "range_m": "1000", "samples": "6"}}, {"type": "Feature", "geometry": {"type": "Point", "coordinates": [30.1584, -1.9553]}, "properties": {"radio": "GSM", "range_m": "1000", "samples": "1"}}, {"type": "Feature", "geometry": {"type": "Point", "coordinates": [30.0936, -1.9682]}, "properties": {"radio": "GSM", "range_m": "1000", "samples": "2"}}, {"type": "Feature", "geometry": {"type": "Point", "coordinates": [30.053, -1.9094]}, "properties": {"radio": "GSM", "range_m": "4075", "samples": "16"}}, {"type": "Feature", "geometry": {"type": "Point", "coordinates": [30.125, -1.7567]}, "properties": {"radio": "GSM", "range_m": "1000", "samples": "1"}}, {"type": "Feature", "geometry": {"type": "Point", "coordinates": [30.1083, -1.8321]}, "properties": {"radio": "GSM", "range_m": "6352", "samples": "3"}}, {"type": "Feature", "geometry": {"type": "Point", "coordinates": [30.0709, -1.8821]}, "properties": {"radio": "GSM", "range_m": "3187", "samples": "2"}}, {"type": "Feature", "geometry": {"type": "Point", "coordinates": [30.0805, -1.8869]}, "properties": {"radio": "GSM", "range_m": "8145", "samples": "8"}}, {"type": "Feature", "geometry": {"type": "Point", "coordinates": [30.0876, -1.8645]}, "properties": {"radio": "GSM", "range_m": "3205", "samples": "18"}}, {"type": "Feature", "geometry": {"type": "Point", "coordinates": [30.0419, -1.94]}, "properties": {"radio": "GSM", "range_m": "2919", "samples": "20"}}, {"type": "Feature", "geometry": {"type": "Point", "coordinates": [30.0454, -1.9329]}, "properties": {"radio": "GSM", "range_m": "1000", "samples": "1"}}, {"type": "Feature", "geometry": {"type": "Point", "coordinates": [30.0458, -1.9288]}, "properties": {"radio": "GSM", "range_m": "1000", "samples": "2"}}, {"type": "Feature", "geometry": {"type": "Point", "coordinates": [30.0446, -1.9364]}, "properties": {"radio": "GSM", "range_m": "1000", "samples": "2"}}, {"type": "Feature", "geometry": {"type": "Point", "coordinates": [30.0532, -1.9504]}, "properties": {"radio": "GSM", "range_m": "1405", "samples": "4"}}, {"type": "Feature", "geometry": {"type": "Point", "coordinates": [30.0729, -1.9481]}, "properties": {"radio": "GSM", "range_m": "2414", "samples": "25"}}, {"type": "Feature", "geometry": {"type": "Point", "coordinates": [30.0735, -1.9472]}, "properties": {"radio": "GSM", "range_m": "2587", "samples": "13"}}, {"type": "Feature", "geometry": {"type": "Point", "coordinates": [30.0692, -1.9498]}, "properties": {"radio": "GSM", "range_m": "8882", "samples": "21"}}, {"type": "Feature", "geometry": {"type": "Point", "coordinates": [30.0741, -1.9465]}, "properties": {"radio": "GSM", "range_m": "3324", "samples": "6"}}, {"type": "Feature", "geometry": {"type": "Point", "coordinates": [30.0725, -1.9446]}, "properties": {"radio": "GSM", "range_m": "1000", "samples": "1"}}, {"type": "Feature", "geometry": {"type": "Point", "coordinates": [30.0754, -1.9586]}, "properties": {"radio": "GSM", "range_m": "2283", "samples": "2"}}, {"type": "Feature", "geometry": {"type": "Point", "coordinates": [30.0754, -1.9586]}, "properties": {"radio": "GSM", "range_m": "2283", "samples": "2"}}, {"type": "Feature", "geometry": {"type": "Point", "coordinates": [30.0862, -1.9655]}, "properties": {"radio": "GSM", "range_m": "3924", "samples": "20"}}, {"type": "Feature", "geometry": {"type": "Point", "coordinates": [30.1311, -1.9585]}, "properties": {"radio": "GSM", "range_m": "1030", "samples": "12"}}, {"type": "Feature", "geometry": {"type": "Point", "coordinates": [30.0884, -1.9738]}, "properties": {"radio": "GSM", "range_m": "2421", "samples": "14"}}, {"type": "Feature", "geometry": {"type": "Point", "coordinates": [30.096, -1.9617]}, "properties": {"radio": "GSM", "range_m": "2713", "samples": "4"}}, {"type": "Feature", "geometry": {"type": "Point", "coordinates": [30.0679, -1.9465]}, "properties": {"radio": "GSM", "range_m": "2888", "samples": "4"}}, {"type": "Feature", "geometry": {"type": "Point", "coordinates": [30.0543, -1.942]}, "properties": {"radio": "GSM", "range_m": "1747", "samples": "4"}}, {"type": "Feature", "geometry": {"type": "Point", "coordinates": [30.0449, -1.9355]}, "properties": {"radio": "GSM", "range_m": "1000", "samples": "1"}}, {"type": "Feature", "geometry": {"type": "Point", "coordinates": [30.0583, -1.9066]}, "properties": {"radio": "GSM", "range_m": "2544", "samples": "2"}}, {"type": "Feature", "geometry": {"type": "Point", "coordinates": [30.1261, -1.9611]}, "properties": {"radio": "GSM", "range_m": "1408", "samples": "24"}}, {"type": "Feature", "geometry": {"type": "Point", "coordinates": [30.0538, -1.9108]}, "properties": {"radio": "GSM", "range_m": "4289", "samples": "9"}}, {"type": "Feature", "geometry": {"type": "Point", "coordinates": [30.0529, -1.9239]}, "properties": {"radio": "GSM", "range_m": "2704", "samples": "4"}}, {"type": "Feature", "geometry": {"type": "Point", "coordinates": [30.0921, -1.9754]}, "properties": {"radio": "GSM", "range_m": "3833", "samples": "16"}}, {"type": "Feature", "geometry": {"type": "Point", "coordinates": [30.1199, -1.9761]}, "properties": {"radio": "GSM", "range_m": "4762", "samples": "5"}}, {"type": "Feature", "geometry": {"type": "Point", "coordinates": [30.0873, -2.1477]}, "properties": {"radio": "GSM", "range_m": "5835", "samples": "7"}}, {"type": "Feature", "geometry": {"type": "Point", "coordinates": [30.0885, -2.1414]}, "properties": {"radio": "GSM", "range_m": "1723", "samples": "6"}}, {"type": "Feature", "geometry": {"type": "Point", "coordinates": [30.0886, -2.1373]}, "properties": {"radio": "GSM", "range_m": "2647", "samples": "9"}}, {"type": "Feature", "geometry": {"type": "Point", "coordinates": [30.085, -2.1445]}, "properties": {"radio": "GSM", "range_m": "3439", "samples": "6"}}, {"type": "Feature", "geometry": {"type": "Point", "coordinates": [30.0751, -2.1264]}, "properties": {"radio": "GSM", "range_m": "2445", "samples": "9"}}, {"type": "Feature", "geometry": {"type": "Point", "coordinates": [30.1072, -1.9639]}, "properties": {"radio": "GSM", "range_m": "1000", "samples": "1"}}, {"type": "Feature", "geometry": {"type": "Point", "coordinates": [30.0503, -1.9374]}, "properties": {"radio": "GSM", "range_m": "1000", "samples": "2"}}, {"type": "Feature", "geometry": {"type": "Point", "coordinates": [30.0646, -1.9418]}, "properties": {"radio": "GSM", "range_m": "1350", "samples": "4"}}, {"type": "Feature", "geometry": {"type": "Point", "coordinates": [30.0627, -1.9347]}, "properties": {"radio": "GSM", "range_m": "1760", "samples": "13"}}, {"type": "Feature", "geometry": {"type": "Point", "coordinates": [30.0553, -1.9279]}, "properties": {"radio": "GSM", "range_m": "3738", "samples": "5"}}, {"type": "Feature", "geometry": {"type": "Point", "coordinates": [30.1283, -1.7911]}, "properties": {"radio": "GSM", "range_m": "1000", "samples": "1"}}, {"type": "Feature", "geometry": {"type": "Point", "coordinates": [30.0867, -1.9737]}, "properties": {"radio": "GSM", "range_m": "2689", "samples": "9"}}, {"type": "Feature", "geometry": {"type": "Point", "coordinates": [30.4117, -1.2689]}, "properties": {"radio": "GSM", "range_m": "1000", "samples": "1"}}, {"type": "Feature", "geometry": {"type": "Point", "coordinates": [30.0599, -1.5505]}, "properties": {"radio": "UMTS", "range_m": "1000", "samples": "1"}}, {"type": "Feature", "geometry": {"type": "Point", "coordinates": [30.0797, -1.9629]}, "properties": {"radio": "GSM", "range_m": "1000", "samples": "2"}}, {"type": "Feature", "geometry": {"type": "Point", "coordinates": [30.0786, -1.9627]}, "properties": {"radio": "GSM", "range_m": "1000", "samples": "5"}}, {"type": "Feature", "geometry": {"type": "Point", "coordinates": [30.0822, -1.9661]}, "properties": {"radio": "GSM", "range_m": "1013", "samples": "21"}}, {"type": "Feature", "geometry": {"type": "Point", "coordinates": [30.083, -1.9773]}, "properties": {"radio": "UMTS", "range_m": "1000", "samples": "6"}}, {"type": "Feature", "geometry": {"type": "Point", "coordinates": [30.0766, -1.9462]}, "properties": {"radio": "GSM", "range_m": "2200", "samples": "10"}}, {"type": "Feature", "geometry": {"type": "Point", "coordinates": [30.0843, -1.9768]}, "properties": {"radio": "UMTS", "range_m": "1000", "samples": "2"}}, {"type": "Feature", "geometry": {"type": "Point", "coordinates": [30.0854, -1.9747]}, "properties": {"radio": "GSM", "range_m": "1000", "samples": "8"}}, {"type": "Feature", "geometry": {"type": "Point", "coordinates": [30.1158, -2.018]}, "properties": {"radio": "GSM", "range_m": "1000", "samples": "1"}}, {"type": "Feature", "geometry": {"type": "Point", "coordinates": [30.1293, -2.0092]}, "properties": {"radio": "GSM", "range_m": "1000", "samples": "2"}}, {"type": "Feature", "geometry": {"type": "Point", "coordinates": [30.1372, -2.0085]}, "properties": {"radio": "GSM", "range_m": "1000", "samples": "3"}}, {"type": "Feature", "geometry": {"type": "Point", "coordinates": [30.1387, -2.0081]}, "properties": {"radio": "GSM", "range_m": "1000", "samples": "3"}}, {"type": "Feature", "geometry": {"type": "Point", "coordinates": [30.1278, -2.0042]}, "properties": {"radio": "GSM", "range_m": "1646", "samples": "3"}}, {"type": "Feature", "geometry": {"type": "Point", "coordinates": [30.1195, -2.0005]}, "properties": {"radio": "GSM", "range_m": "1000", "samples": "2"}}, {"type": "Feature", "geometry": {"type": "Point", "coordinates": [30.1164, -1.9971]}, "properties": {"radio": "GSM", "range_m": "1000", "samples": "2"}}, {"type": "Feature", "geometry": {"type": "Point", "coordinates": [30.123, -1.9924]}, "properties": {"radio": "GSM", "range_m": "1077", "samples": "2"}}, {"type": "Feature", "geometry": {"type": "Point", "coordinates": [30.1101, -1.9907]}, "properties": {"radio": "GSM", "range_m": "1000", "samples": "2"}}, {"type": "Feature", "geometry": {"type": "Point", "coordinates": [30.1032, -1.9875]}, "properties": {"radio": "GSM", "range_m": "1000", "samples": "5"}}, {"type": "Feature", "geometry": {"type": "Point", "coordinates": [30.0802, -1.9646]}, "properties": {"radio": "GSM", "range_m": "1494", "samples": "26"}}, {"type": "Feature", "geometry": {"type": "Point", "coordinates": [30.0766, -1.9488]}, "properties": {"radio": "GSM", "range_m": "1000", "samples": "1"}}, {"type": "Feature", "geometry": {"type": "Point", "coordinates": [30.0767, -1.9493]}, "properties": {"radio": "GSM", "range_m": "1000", "samples": "1"}}, {"type": "Feature", "geometry": {"type": "Point", "coordinates": [30.0725, -1.9448]}, "properties": {"radio": "GSM", "range_m": "1000", "samples": "3"}}, {"type": "Feature", "geometry": {"type": "Point", "coordinates": [30.0684, -1.9452]}, "properties": {"radio": "GSM", "range_m": "1000", "samples": "2"}}, {"type": "Feature", "geometry": {"type": "Point", "coordinates": [30.079, -1.9557]}, "properties": {"radio": "GSM", "range_m": "1524", "samples": "3"}}, {"type": "Feature", "geometry": {"type": "Point", "coordinates": [30.0767, -1.9493]}, "properties": {"radio": "GSM", "range_m": "1000", "samples": "1"}}, {"type": "Feature", "geometry": {"type": "Point", "coordinates": [30.0656, -1.9314]}, "properties": {"radio": "GSM", "range_m": "1000", "samples": "7"}}, {"type": "Feature", "geometry": {"type": "Point", "coordinates": [30.0705, -1.9276]}, "properties": {"radio": "GSM", "range_m": "1678", "samples": "10"}}, {"type": "Feature", "geometry": {"type": "Point", "coordinates": [30.0682, -1.9283]}, "properties": {"radio": "GSM", "range_m": "1041", "samples": "4"}}, {"type": "Feature", "geometry": {"type": "Point", "coordinates": [30.0729, -1.9215]}, "properties": {"radio": "GSM", "range_m": "4739", "samples": "4"}}, {"type": "Feature", "geometry": {"type": "Point", "coordinates": [30.0933, -1.9364]}, "properties": {"radio": "GSM", "range_m": "1027", "samples": "4"}}, {"type": "Feature", "geometry": {"type": "Point", "coordinates": [30.074, -1.9274]}, "properties": {"radio": "GSM", "range_m": "1000", "samples": "4"}}, {"type": "Feature", "geometry": {"type": "Point", "coordinates": [30.079, -1.9222]}, "properties": {"radio": "GSM", "range_m": "1311", "samples": "2"}}, {"type": "Feature", "geometry": {"type": "Point", "coordinates": [30.0722, -1.9318]}, "properties": {"radio": "GSM", "range_m": "1000", "samples": "1"}}, {"type": "Feature", "geometry": {"type": "Point", "coordinates": [30.091, -1.9432]}, "properties": {"radio": "GSM", "range_m": "1000", "samples": "4"}}, {"type": "Feature", "geometry": {"type": "Point", "coordinates": [30.0944, -1.9427]}, "properties": {"radio": "GSM", "range_m": "1000", "samples": "5"}}, {"type": "Feature", "geometry": {"type": "Point", "coordinates": [30.0952, -1.9411]}, "properties": {"radio": "GSM", "range_m": "1000", "samples": "6"}}, {"type": "Feature", "geometry": {"type": "Point", "coordinates": [30.0924, -1.9391]}, "properties": {"radio": "GSM", "range_m": "1131", "samples": "6"}}, {"type": "Feature", "geometry": {"type": "Point", "coordinates": [30.0964, -1.9426]}, "properties": {"radio": "GSM", "range_m": "1000", "samples": "5"}}, {"type": "Feature", "geometry": {"type": "Point", "coordinates": [30.0943, -1.9429]}, "properties": {"radio": "GSM", "range_m": "1000", "samples": "4"}}, {"type": "Feature", "geometry": {"type": "Point", "coordinates": [30.0951, -1.939]}, "properties": {"radio": "GSM", "range_m": "1244", "samples": "6"}}, {"type": "Feature", "geometry": {"type": "Point", "coordinates": [30.0935, -1.9435]}, "properties": {"radio": "GSM", "range_m": "1000", "samples": "1"}}, {"type": "Feature", "geometry": {"type": "Point", "coordinates": [30.0947, -1.9427]}, "properties": {"radio": "GSM", "range_m": "1000", "samples": "5"}}, {"type": "Feature", "geometry": {"type": "Point", "coordinates": [30.0937, -1.9399]}, "properties": {"radio": "GSM", "range_m": "1194", "samples": "7"}}, {"type": "Feature", "geometry": {"type": "Point", "coordinates": [30.0926, -1.9407]}, "properties": {"radio": "GSM", "range_m": "1137", "samples": "7"}}, {"type": "Feature", "geometry": {"type": "Point", "coordinates": [30.0965, -1.9426]}, "properties": {"radio": "GSM", "range_m": "1000", "samples": "4"}}, {"type": "Feature", "geometry": {"type": "Point", "coordinates": [30.0955, -1.9404]}, "properties": {"radio": "GSM", "range_m": "1004", "samples": "7"}}, {"type": "Feature", "geometry": {"type": "Point", "coordinates": [30.0912, -1.9356]}, "properties": {"radio": "GSM", "range_m": "1000", "samples": "3"}}, {"type": "Feature", "geometry": {"type": "Point", "coordinates": [30.0952, -1.9393]}, "properties": {"radio": "GSM", "range_m": "1584", "samples": "5"}}, {"type": "Feature", "geometry": {"type": "Point", "coordinates": [30.0966, -1.9426]}, "properties": {"radio": "GSM", "range_m": "1000", "samples": "5"}}, {"type": "Feature", "geometry": {"type": "Point", "coordinates": [30.0925, -1.9392]}, "properties": {"radio": "GSM", "range_m": "1142", "samples": "6"}}, {"type": "Feature", "geometry": {"type": "Point", "coordinates": [30.0906, -1.9371]}, "properties": {"radio": "GSM", "range_m": "1000", "samples": "3"}}, {"type": "Feature", "geometry": {"type": "Point", "coordinates": [30.0925, -1.9399]}, "properties": {"radio": "GSM", "range_m": "1205", "samples": "6"}}, {"type": "Feature", "geometry": {"type": "Point", "coordinates": [30.1038, -1.9438]}, "properties": {"radio": "GSM", "range_m": "1000", "samples": "2"}}, {"type": "Feature", "geometry": {"type": "Point", "coordinates": [30.0814, -1.9346]}, "properties": {"radio": "GSM", "range_m": "1000", "samples": "3"}}, {"type": "Feature", "geometry": {"type": "Point", "coordinates": [30.0828, -1.9345]}, "properties": {"radio": "GSM", "range_m": "1000", "samples": "5"}}, {"type": "Feature", "geometry": {"type": "Point", "coordinates": [30.0689, -1.9287]}, "properties": {"radio": "GSM", "range_m": "2862", "samples": "9"}}, {"type": "Feature", "geometry": {"type": "Point", "coordinates": [30.0978, -1.9415]}, "properties": {"radio": "GSM", "range_m": "1000", "samples": "5"}}, {"type": "Feature", "geometry": {"type": "Point", "coordinates": [30.0966, -1.9425]}, "properties": {"radio": "GSM", "range_m": "1000", "samples": "3"}}, {"type": "Feature", "geometry": {"type": "Point", "coordinates": [30.0988, -1.9407]}, "properties": {"radio": "GSM", "range_m": "1000", "samples": "3"}}, {"type": "Feature", "geometry": {"type": "Point", "coordinates": [30.0828, -1.9345]}, "properties": {"radio": "GSM", "range_m": "1000", "samples": "3"}}, {"type": "Feature", "geometry": {"type": "Point", "coordinates": [30.0839, -1.9356]}, "properties": {"radio": "GSM", "range_m": "1000", "samples": "3"}}, {"type": "Feature", "geometry": {"type": "Point", "coordinates": [30.08, -1.94]}, "properties": {"radio": "GSM", "range_m": "1601", "samples": "5"}}, {"type": "Feature", "geometry": {"type": "Point", "coordinates": [30.0862, -1.9373]}, "properties": {"radio": "GSM", "range_m": "1000", "samples": "3"}}, {"type": "Feature", "geometry": {"type": "Point", "coordinates": [30.083, -1.9362]}, "properties": {"radio": "GSM", "range_m": "1000", "samples": "1"}}, {"type": "Feature", "geometry": {"type": "Point", "coordinates": [30.0843, -1.9329]}, "properties": {"radio": "GSM", "range_m": "1000", "samples": "4"}}, {"type": "Feature", "geometry": {"type": "Point", "coordinates": [30.081, -1.9321]}, "properties": {"radio": "GSM", "range_m": "1590", "samples": "4"}}, {"type": "Feature", "geometry": {"type": "Point", "coordinates": [30.0872, -1.9364]}, "properties": {"radio": "GSM", "range_m": "2296", "samples": "7"}}, {"type": "Feature", "geometry": {"type": "Point", "coordinates": [30.0968, -1.9426]}, "properties": {"radio": "GSM", "range_m": "1000", "samples": "2"}}, {"type": "Feature", "geometry": {"type": "Point", "coordinates": [30.0975, -1.9326]}, "properties": {"radio": "GSM", "range_m": "1662", "samples": "2"}}, {"type": "Feature", "geometry": {"type": "Point", "coordinates": [30.0789, -1.9649]}, "properties": {"radio": "GSM", "range_m": "2398", "samples": "11"}}, {"type": "Feature", "geometry": {"type": "Point", "coordinates": [30.0738, -1.9685]}, "properties": {"radio": "GSM", "range_m": "1000", "samples": "4"}}, {"type": "Feature", "geometry": {"type": "Point", "coordinates": [30.0736, -1.9665]}, "properties": {"radio": "GSM", "range_m": "1363", "samples": "5"}}, {"type": "Feature", "geometry": {"type": "Point", "coordinates": [30.0828, -1.9345]}, "properties": {"radio": "GSM", "range_m": "1000", "samples": "3"}}, {"type": "Feature", "geometry": {"type": "Point", "coordinates": [30.0639, -1.9701]}, "properties": {"radio": "GSM", "range_m": "2956", "samples": "9"}}, {"type": "Feature", "geometry": {"type": "Point", "coordinates": [30.0671, -1.9685]}, "properties": {"radio": "GSM", "range_m": "1000", "samples": "3"}}, {"type": "Feature", "geometry": {"type": "Point", "coordinates": [30.0765, -1.9677]}, "properties": {"radio": "GSM", "range_m": "1531", "samples": "5"}}, {"type": "Feature", "geometry": {"type": "Point", "coordinates": [30.0666, -1.9677]}, "properties": {"radio": "GSM", "range_m": "1000", "samples": "1"}}, {"type": "Feature", "geometry": {"type": "Point", "coordinates": [30.0636, -1.9676]}, "properties": {"radio": "GSM", "range_m": "1000", "samples": "2"}}, {"type": "Feature", "geometry": {"type": "Point", "coordinates": [30.0663, -1.9641]}, "properties": {"radio": "GSM", "range_m": "1033", "samples": "4"}}, {"type": "Feature", "geometry": {"type": "Point", "coordinates": [30.0697, -1.9685]}, "properties": {"radio": "GSM", "range_m": "3080", "samples": "4"}}, {"type": "Feature", "geometry": {"type": "Point", "coordinates": [30.0621, -1.9687]}, "properties": {"radio": "GSM", "range_m": "1000", "samples": "3"}}, {"type": "Feature", "geometry": {"type": "Point", "coordinates": [30.0567, -1.9698]}, "properties": {"radio": "GSM", "range_m": "1000", "samples": "6"}}, {"type": "Feature", "geometry": {"type": "Point", "coordinates": [30.0513, -1.9714]}, "properties": {"radio": "GSM", "range_m": "1000", "samples": "5"}}, {"type": "Feature", "geometry": {"type": "Point", "coordinates": [30.0553, -1.9722]}, "properties": {"radio": "GSM", "range_m": "1777", "samples": "8"}}, {"type": "Feature", "geometry": {"type": "Point", "coordinates": [30.0542, -1.973]}, "properties": {"radio": "GSM", "range_m": "1000", "samples": "10"}}, {"type": "Feature", "geometry": {"type": "Point", "coordinates": [30.0898, -1.9308]}, "properties": {"radio": "GSM", "range_m": "1000", "samples": "2"}}, {"type": "Feature", "geometry": {"type": "Point", "coordinates": [30.3945, -1.3088]}, "properties": {"radio": "GSM", "range_m": "1000", "samples": "1"}}, {"type": "Feature", "geometry": {"type": "Point", "coordinates": [30.0876, -1.9331]}, "properties": {"radio": "GSM", "range_m": "2406", "samples": "5"}}, {"type": "Feature", "geometry": {"type": "Point", "coordinates": [30.0969, -1.9438]}, "properties": {"radio": "GSM", "range_m": "1000", "samples": "1"}}, {"type": "Feature", "geometry": {"type": "Point", "coordinates": [30.0968, -1.9432]}, "properties": {"radio": "GSM", "range_m": "1000", "samples": "2"}}, {"type": "Feature", "geometry": {"type": "Point", "coordinates": [30.0962, -1.9427]}, "properties": {"radio": "GSM", "range_m": "1000", "samples": "4"}}, {"type": "Feature", "geometry": {"type": "Point", "coordinates": [30.0901, -1.9604]}, "properties": {"radio": "GSM", "range_m": "2052", "samples": "2"}}, {"type": "Feature", "geometry": {"type": "Point", "coordinates": [30.0973, -1.9369]}, "properties": {"radio": "GSM", "range_m": "1328", "samples": "3"}}, {"type": "Feature", "geometry": {"type": "Point", "coordinates": [30.0553, -1.9703]}, "properties": {"radio": "GSM", "range_m": "1598", "samples": "9"}}, {"type": "Feature", "geometry": {"type": "Point", "coordinates": [30.0534, -1.971]}, "properties": {"radio": "GSM", "range_m": "1763", "samples": "6"}}, {"type": "Feature", "geometry": {"type": "Point", "coordinates": [30.047, -1.9765]}, "properties": {"radio": "GSM", "range_m": "1000", "samples": "2"}}, {"type": "Feature", "geometry": {"type": "Point", "coordinates": [30.048, -1.9749]}, "properties": {"radio": "GSM", "range_m": "1000", "samples": "4"}}, {"type": "Feature", "geometry": {"type": "Point", "coordinates": [30.0475, -1.9738]}, "properties": {"radio": "GSM", "range_m": "1000", "samples": "8"}}, {"type": "Feature", "geometry": {"type": "Point", "coordinates": [30.0528, -1.9676]}, "properties": {"radio": "GSM", "range_m": "1000", "samples": "6"}}, {"type": "Feature", "geometry": {"type": "Point", "coordinates": [30.0538, -1.9598]}, "properties": {"radio": "GSM", "range_m": "1000", "samples": "2"}}, {"type": "Feature", "geometry": {"type": "Point", "coordinates": [30.0631, -1.9651]}, "properties": {"radio": "GSM", "range_m": "3058", "samples": "9"}}, {"type": "Feature", "geometry": {"type": "Point", "coordinates": [30.0552, -1.9608]}, "properties": {"radio": "GSM", "range_m": "1000", "samples": "6"}}, {"type": "Feature", "geometry": {"type": "Point", "coordinates": [30.0543, -1.9587]}, "properties": {"radio": "GSM", "range_m": "1000", "samples": "8"}}, {"type": "Feature", "geometry": {"type": "Point", "coordinates": [30.052, -1.9503]}, "properties": {"radio": "GSM", "range_m": "1000", "samples": "11"}}, {"type": "Feature", "geometry": {"type": "Point", "coordinates": [30.0504, -1.9095]}, "properties": {"radio": "GSM", "range_m": "7128", "samples": "16"}}, {"type": "Feature", "geometry": {"type": "Point", "coordinates": [30.0717, -1.9168]}, "properties": {"radio": "GSM", "range_m": "4210", "samples": "5"}}, {"type": "Feature", "geometry": {"type": "Point", "coordinates": [30.0687, -1.9292]}, "properties": {"radio": "GSM", "range_m": "1000", "samples": "4"}}, {"type": "Feature", "geometry": {"type": "Point", "coordinates": [30.096, -1.9426]}, "properties": {"radio": "GSM", "range_m": "1000", "samples": "1"}}, {"type": "Feature", "geometry": {"type": "Point", "coordinates": [30.0459, -1.9297]}, "properties": {"radio": "GSM", "range_m": "1000", "samples": "2"}}, {"type": "Feature", "geometry": {"type": "Point", "coordinates": [30.0615, -1.9287]}, "properties": {"radio": "GSM", "range_m": "1853", "samples": "5"}}, {"type": "Feature", "geometry": {"type": "Point", "coordinates": [30.0813, -1.9493]}, "properties": {"radio": "GSM", "range_m": "1224", "samples": "2"}}, {"type": "Feature", "geometry": {"type": "Point", "coordinates": [30.0922, -1.9476]}, "properties": {"radio": "GSM", "range_m": "1000", "samples": "1"}}, {"type": "Feature", "geometry": {"type": "Point", "coordinates": [30.0922, -1.9476]}, "properties": {"radio": "GSM", "range_m": "1000", "samples": "1"}}, {"type": "Feature", "geometry": {"type": "Point", "coordinates": [30.0922, -1.9476]}, "properties": {"radio": "GSM", "range_m": "1000", "samples": "1"}}, {"type": "Feature", "geometry": {"type": "Point", "coordinates": [30.127, -1.7876]}, "properties": {"radio": "GSM", "range_m": "2019", "samples": "4"}}, {"type": "Feature", "geometry": {"type": "Point", "coordinates": [30.0964, -1.9417]}, "properties": {"radio": "GSM", "range_m": "1000", "samples": "1"}}, {"type": "Feature", "geometry": {"type": "Point", "coordinates": [30.0976, -1.9649]}, "properties": {"radio": "GSM", "range_m": "1182", "samples": "3"}}, {"type": "Feature", "geometry": {"type": "Point", "coordinates": [30.1031, -1.9558]}, "properties": {"radio": "GSM", "range_m": "1000", "samples": "1"}}, {"type": "Feature", "geometry": {"type": "Point", "coordinates": [30.0933, -1.9653]}, "properties": {"radio": "GSM", "range_m": "1509", "samples": "2"}}, {"type": "Feature", "geometry": {"type": "Point", "coordinates": [30.0927, -1.9645]}, "properties": {"radio": "GSM", "range_m": "4007", "samples": "7"}}, {"type": "Feature", "geometry": {"type": "Point", "coordinates": [30.0877, -1.9622]}, "properties": {"radio": "GSM", "range_m": "1850", "samples": "4"}}, {"type": "Feature", "geometry": {"type": "Point", "coordinates": [30.1472, -1.9579]}, "properties": {"radio": "GSM", "range_m": "2404", "samples": "5"}}, {"type": "Feature", "geometry": {"type": "Point", "coordinates": [30.1576, -1.9466]}, "properties": {"radio": "GSM", "range_m": "6304", "samples": "9"}}, {"type": "Feature", "geometry": {"type": "Point", "coordinates": [30.082, -1.9376]}, "properties": {"radio": "GSM", "range_m": "1000", "samples": "2"}}, {"type": "Feature", "geometry": {"type": "Point", "coordinates": [30.047, -1.9393]}, "properties": {"radio": "GSM", "range_m": "1354", "samples": "20"}}, {"type": "Feature", "geometry": {"type": "Point", "coordinates": [30.0436, -1.9383]}, "properties": {"radio": "GSM", "range_m": "1913", "samples": "4"}}, {"type": "Feature", "geometry": {"type": "Point", "coordinates": [30.0745, -1.8817]}, "properties": {"radio": "GSM", "range_m": "1000", "samples": "1"}}, {"type": "Feature", "geometry": {"type": "Point", "coordinates": [30.083, -1.9775]}, "properties": {"radio": "GSM", "range_m": "1000", "samples": "2"}}, {"type": "Feature", "geometry": {"type": "Point", "coordinates": [30.1294, -1.9587]}, "properties": {"radio": "GSM", "range_m": "2123", "samples": "6"}}, {"type": "Feature", "geometry": {"type": "Point", "coordinates": [30.1024, -1.9671]}, "properties": {"radio": "GSM", "range_m": "1000", "samples": "1"}}, {"type": "Feature", "geometry": {"type": "Point", "coordinates": [30.1024, -1.9671]}, "properties": {"radio": "GSM", "range_m": "1000", "samples": "1"}}, {"type": "Feature", "geometry": {"type": "Point", "coordinates": [30.0328, -1.946]}, "properties": {"radio": "GSM", "range_m": "4582", "samples": "13"}}, {"type": "Feature", "geometry": {"type": "Point", "coordinates": [30.0419, -1.9411]}, "properties": {"radio": "GSM", "range_m": "1000", "samples": "2"}}, {"type": "Feature", "geometry": {"type": "Point", "coordinates": [30.0431, -1.9414]}, "properties": {"radio": "GSM", "range_m": "1000", "samples": "2"}}, {"type": "Feature", "geometry": {"type": "Point", "coordinates": [29.9442, -1.8239]}, "properties": {"radio": "GSM", "range_m": "1000", "samples": "1"}}, {"type": "Feature", "geometry": {"type": "Point", "coordinates": [29.7765, -1.6419]}, "properties": {"radio": "GSM", "range_m": "1000", "samples": "2"}}, {"type": "Feature", "geometry": {"type": "Point", "coordinates": [30.0837, -1.9764]}, "properties": {"radio": "GSM", "range_m": "1000", "samples": "9"}}, {"type": "Feature", "geometry": {"type": "Point", "coordinates": [30.0705, -1.9443]}, "properties": {"radio": "GSM", "range_m": "1353", "samples": "5"}}, {"type": "Feature", "geometry": {"type": "Point", "coordinates": [30.0684, -1.9402]}, "properties": {"radio": "GSM", "range_m": "1000", "samples": "1"}}, {"type": "Feature", "geometry": {"type": "Point", "coordinates": [30.0701, -1.9552]}, "properties": {"radio": "GSM", "range_m": "1000", "samples": "12"}}, {"type": "Feature", "geometry": {"type": "Point", "coordinates": [30.0676, -1.9395]}, "properties": {"radio": "GSM", "range_m": "1000", "samples": "1"}}, {"type": "Feature", "geometry": {"type": "Point", "coordinates": [30.0503, -1.9376]}, "properties": {"radio": "GSM", "range_m": "1000", "samples": "1"}}, {"type": "Feature", "geometry": {"type": "Point", "coordinates": [30.0562, -1.9388]}, "properties": {"radio": "GSM", "range_m": "1000", "samples": "2"}}, {"type": "Feature", "geometry": {"type": "Point", "coordinates": [30.1101, -1.8191]}, "properties": {"radio": "GSM", "range_m": "8208", "samples": "8"}}, {"type": "Feature", "geometry": {"type": "Point", "coordinates": [30.1251, -1.9628]}, "properties": {"radio": "GSM", "range_m": "1000", "samples": "1"}}, {"type": "Feature", "geometry": {"type": "Point", "coordinates": [30.1072, -1.9653]}, "properties": {"radio": "GSM", "range_m": "2887", "samples": "17"}}, {"type": "Feature", "geometry": {"type": "Point", "coordinates": [30.1154, -1.9618]}, "properties": {"radio": "GSM", "range_m": "1653", "samples": "12"}}, {"type": "Feature", "geometry": {"type": "Point", "coordinates": [30.096, -1.9427]}, "properties": {"radio": "GSM", "range_m": "1000", "samples": "1"}}, {"type": "Feature", "geometry": {"type": "Point", "coordinates": [30.0961, -1.9426]}, "properties": {"radio": "GSM", "range_m": "1000", "samples": "1"}}, {"type": "Feature", "geometry": {"type": "Point", "coordinates": [30.0706, -1.9279]}, "properties": {"radio": "GSM", "range_m": "1000", "samples": "1"}}, {"type": "Feature", "geometry": {"type": "Point", "coordinates": [30.0863, -1.977]}, "properties": {"radio": "GSM", "range_m": "1322", "samples": "5"}}, {"type": "Feature", "geometry": {"type": "Point", "coordinates": [30.0763, -1.9342]}, "properties": {"radio": "UMTS", "range_m": "1000", "samples": "1"}}, {"type": "Feature", "geometry": {"type": "Point", "coordinates": [30.0972, -1.9427]}, "properties": {"radio": "UMTS", "range_m": "1000", "samples": "2"}}, {"type": "Feature", "geometry": {"type": "Point", "coordinates": [30.0925, -1.9428]}, "properties": {"radio": "UMTS", "range_m": "1000", "samples": "2"}}, {"type": "Feature", "geometry": {"type": "Point", "coordinates": [30.0959, -1.9425]}, "properties": {"radio": "UMTS", "range_m": "1000", "samples": "1"}}, {"type": "Feature", "geometry": {"type": "Point", "coordinates": [30.0959, -1.9425]}, "properties": {"radio": "UMTS", "range_m": "1000", "samples": "1"}}, {"type": "Feature", "geometry": {"type": "Point", "coordinates": [30.0961, -1.9426]}, "properties": {"radio": "UMTS", "range_m": "1000", "samples": "1"}}, {"type": "Feature", "geometry": {"type": "Point", "coordinates": [30.3847, -1.6167]}, "properties": {"radio": "GSM", "range_m": "1000", "samples": "1"}}, {"type": "Feature", "geometry": {"type": "Point", "coordinates": [30.096, -1.9426]}, "properties": {"radio": "UMTS", "range_m": "1000", "samples": "1"}}, {"type": "Feature", "geometry": {"type": "Point", "coordinates": [30.0965, -1.943]}, "properties": {"radio": "GSM", "range_m": "1000", "samples": "1"}}, {"type": "Feature", "geometry": {"type": "Point", "coordinates": [30.0902, -1.9442]}, "properties": {"radio": "UMTS", "range_m": "1000", "samples": "1"}}, {"type": "Feature", "geometry": {"type": "Point", "coordinates": [30.0891, -1.9433]}, "properties": {"radio": "GSM", "range_m": "1000", "samples": "1"}}, {"type": "Feature", "geometry": {"type": "Point", "coordinates": [30.087, -1.9336]}, "properties": {"radio": "GSM", "range_m": "1000", "samples": "2"}}, {"type": "Feature", "geometry": {"type": "Point", "coordinates": [30.0622, -1.9344]}, "properties": {"radio": "UMTS", "range_m": "1000", "samples": "1"}}, {"type": "Feature", "geometry": {"type": "Point", "coordinates": [30.0517, -1.892]}, "properties": {"radio": "GSM", "range_m": "9750", "samples": "19"}}, {"type": "Feature", "geometry": {"type": "Point", "coordinates": [30.1238, -1.9587]}, "properties": {"radio": "GSM", "range_m": "1789", "samples": "2"}}, {"type": "Feature", "geometry": {"type": "Point", "coordinates": [30.1447, -1.9681]}, "properties": {"radio": "GSM", "range_m": "5929", "samples": "4"}}, {"type": "Feature", "geometry": {"type": "Point", "coordinates": [30.1143, -1.9567]}, "properties": {"radio": "GSM", "range_m": "5454", "samples": "6"}}, {"type": "Feature", "geometry": {"type": "Point", "coordinates": [30.1281, -1.7922]}, "properties": {"radio": "GSM", "range_m": "1000", "samples": "1"}}, {"type": "Feature", "geometry": {"type": "Point", "coordinates": [30.0766, -1.8788]}, "properties": {"radio": "GSM", "range_m": "1000", "samples": "1"}}, {"type": "Feature", "geometry": {"type": "Point", "coordinates": [30.0766, -1.8806]}, "properties": {"radio": "GSM", "range_m": "1000", "samples": "2"}}, {"type": "Feature", "geometry": {"type": "Point", "coordinates": [30.044, -1.9401]}, "properties": {"radio": "GSM", "range_m": "1000", "samples": "1"}}, {"type": "Feature", "geometry": {"type": "Point", "coordinates": [30.0439, -1.9397]}, "properties": {"radio": "GSM", "range_m": "1000", "samples": "2"}}, {"type": "Feature", "geometry": {"type": "Point", "coordinates": [30.0801, -1.965]}, "properties": {"radio": "GSM", "range_m": "1000", "samples": "2"}}, {"type": "Feature", "geometry": {"type": "Point", "coordinates": [30.0806, -1.9659]}, "properties": {"radio": "GSM", "range_m": "1000", "samples": "6"}}, {"type": "Feature", "geometry": {"type": "Point", "coordinates": [30.0835, -1.9778]}, "properties": {"radio": "GSM", "range_m": "1000", "samples": "4"}}, {"type": "Feature", "geometry": {"type": "Point", "coordinates": [30.1126, -1.9627]}, "properties": {"radio": "GSM", "range_m": "1414", "samples": "3"}}, {"type": "Feature", "geometry": {"type": "Point", "coordinates": [30.1177, -1.9594]}, "properties": {"radio": "GSM", "range_m": "1000", "samples": "1"}}, {"type": "Feature", "geometry": {"type": "Point", "coordinates": [30.1182, -1.9597]}, "properties": {"radio": "GSM", "range_m": "1000", "samples": "2"}}, {"type": "Feature", "geometry": {"type": "Point", "coordinates": [30.0961, -1.9814]}, "properties": {"radio": "GSM", "range_m": "2020", "samples": "4"}}, {"type": "Feature", "geometry": {"type": "Point", "coordinates": [30.1028, -2.0101]}, "properties": {"radio": "GSM", "range_m": "1000", "samples": "5"}}, {"type": "Feature", "geometry": {"type": "Point", "coordinates": [30.1516, -1.959]}, "properties": {"radio": "GSM", "range_m": "1000", "samples": "2"}}, {"type": "Feature", "geometry": {"type": "Point", "coordinates": [30.1554, -1.9479]}, "properties": {"radio": "GSM", "range_m": "6170", "samples": "14"}}, {"type": "Feature", "geometry": {"type": "Point", "coordinates": [30.0485, -1.9388]}, "properties": {"radio": "GSM", "range_m": "1000", "samples": "1"}}, {"type": "Feature", "geometry": {"type": "Point", "coordinates": [30.1773, -1.9751]}, "properties": {"radio": "GSM", "range_m": "2386", "samples": "2"}}, {"type": "Feature", "geometry": {"type": "Point", "coordinates": [30.1434, -1.9606]}, "properties": {"radio": "GSM", "range_m": "3952", "samples": "5"}}, {"type": "Feature", "geometry": {"type": "Point", "coordinates": [30.1354, -1.9591]}, "properties": {"radio": "GSM", "range_m": "3226", "samples": "7"}}, {"type": "Feature", "geometry": {"type": "Point", "coordinates": [30.1312, -1.9689]}, "properties": {"radio": "GSM", "range_m": "4370", "samples": "7"}}, {"type": "Feature", "geometry": {"type": "Point", "coordinates": [30.1026, -1.9677]}, "properties": {"radio": "GSM", "range_m": "1000", "samples": "1"}}, {"type": "Feature", "geometry": {"type": "Point", "coordinates": [30.085, -1.8414]}, "properties": {"radio": "GSM", "range_m": "1000", "samples": "1"}}, {"type": "Feature", "geometry": {"type": "Point", "coordinates": [30.0869, -1.8668]}, "properties": {"radio": "GSM", "range_m": "1000", "samples": "1"}}, {"type": "Feature", "geometry": {"type": "Point", "coordinates": [30.09, -1.8579]}, "properties": {"radio": "GSM", "range_m": "5714", "samples": "3"}}, {"type": "Feature", "geometry": {"type": "Point", "coordinates": [30.0601, -1.8961]}, "properties": {"radio": "GSM", "range_m": "1000", "samples": "1"}}, {"type": "Feature", "geometry": {"type": "Point", "coordinates": [30.0677, -1.9255]}, "properties": {"radio": "GSM", "range_m": "3368", "samples": "2"}}, {"type": "Feature", "geometry": {"type": "Point", "coordinates": [30.0576, -1.9588]}, "properties": {"radio": "GSM", "range_m": "9154", "samples": "12"}}, {"type": "Feature", "geometry": {"type": "Point", "coordinates": [30.0969, -1.8477]}, "properties": {"radio": "GSM", "range_m": "4518", "samples": "2"}}, {"type": "Feature", "geometry": {"type": "Point", "coordinates": [30.0831, -1.8718]}, "properties": {"radio": "GSM", "range_m": "1000", "samples": "2"}}, {"type": "Feature", "geometry": {"type": "Point", "coordinates": [30.0958, -1.9683]}, "properties": {"radio": "GSM", "range_m": "1000", "samples": "15"}}, {"type": "Feature", "geometry": {"type": "Point", "coordinates": [30.0756, -1.8792]}, "properties": {"radio": "GSM", "range_m": "1000", "samples": "1"}}, {"type": "Feature", "geometry": {"type": "Point", "coordinates": [30.0411, -1.9416]}, "properties": {"radio": "GSM", "range_m": "2467", "samples": "7"}}, {"type": "Feature", "geometry": {"type": "Point", "coordinates": [30.1837, -2.2443]}, "properties": {"radio": "GSM", "range_m": "4162", "samples": "2"}}, {"type": "Feature", "geometry": {"type": "Point", "coordinates": [30.2122, -1.9924]}, "properties": {"radio": "GSM", "range_m": "1000", "samples": "1"}}, {"type": "Feature", "geometry": {"type": "Point", "coordinates": [30.2018, -1.9865]}, "properties": {"radio": "GSM", "range_m": "2328", "samples": "6"}}, {"type": "Feature", "geometry": {"type": "Point", "coordinates": [30.219, -1.9793]}, "properties": {"radio": "GSM", "range_m": "5772", "samples": "9"}}, {"type": "Feature", "geometry": {"type": "Point", "coordinates": [30.2219, -1.98]}, "properties": {"radio": "GSM", "range_m": "1000", "samples": "4"}}, {"type": "Feature", "geometry": {"type": "Point", "coordinates": [30.2255, -1.9768]}, "properties": {"radio": "GSM", "range_m": "2453", "samples": "8"}}, {"type": "Feature", "geometry": {"type": "Point", "coordinates": [30.1427, -1.9435]}, "properties": {"radio": "GSM", "range_m": "4174", "samples": "8"}}, {"type": "Feature", "geometry": {"type": "Point", "coordinates": [30.1192, -1.9536]}, "properties": {"radio": "GSM", "range_m": "1000", "samples": "2"}}, {"type": "Feature", "geometry": {"type": "Point", "coordinates": [30.1363, -1.9529]}, "properties": {"radio": "GSM", "range_m": "2011", "samples": "2"}}, {"type": "Feature", "geometry": {"type": "Point", "coordinates": [30.0923, -1.9366]}, "properties": {"radio": "GSM", "range_m": "2892", "samples": "2"}}, {"type": "Feature", "geometry": {"type": "Point", "coordinates": [30.1095, -1.9462]}, "properties": {"radio": "GSM", "range_m": "1000", "samples": "1"}}, {"type": "Feature", "geometry": {"type": "Point", "coordinates": [30.1071, -1.9456]}, "properties": {"radio": "GSM", "range_m": "1000", "samples": "1"}}, {"type": "Feature", "geometry": {"type": "Point", "coordinates": [30.0994, -1.9285]}, "properties": {"radio": "GSM", "range_m": "1000", "samples": "1"}}, {"type": "Feature", "geometry": {"type": "Point", "coordinates": [30.1036, -1.9244]}, "properties": {"radio": "GSM", "range_m": "1000", "samples": "1"}}, {"type": "Feature", "geometry": {"type": "Point", "coordinates": [30.1081, -1.9241]}, "properties": {"radio": "GSM", "range_m": "1000", "samples": "1"}}, {"type": "Feature", "geometry": {"type": "Point", "coordinates": [30.0972, -2.1276]}, "properties": {"radio": "GSM", "range_m": "7520", "samples": "9"}}, {"type": "Feature", "geometry": {"type": "Point", "coordinates": [30.0894, -1.9826]}, "properties": {"radio": "GSM", "range_m": "1938", "samples": "3"}}, {"type": "Feature", "geometry": {"type": "Point", "coordinates": [30.1127, -1.9297]}, "properties": {"radio": "GSM", "range_m": "1000", "samples": "1"}}, {"type": "Feature", "geometry": {"type": "Point", "coordinates": [30.1187, -1.9351]}, "properties": {"radio": "GSM", "range_m": "1000", "samples": "1"}}, {"type": "Feature", "geometry": {"type": "Point", "coordinates": [30.122, -1.9409]}, "properties": {"radio": "GSM", "range_m": "1000", "samples": "1"}}, {"type": "Feature", "geometry": {"type": "Point", "coordinates": [30.1246, -1.943]}, "properties": {"radio": "GSM", "range_m": "1000", "samples": "1"}}, {"type": "Feature", "geometry": {"type": "Point", "coordinates": [30.1255, -1.9491]}, "properties": {"radio": "GSM", "range_m": "1000", "samples": "1"}}, {"type": "Feature", "geometry": {"type": "Point", "coordinates": [30.1246, -1.9497]}, "properties": {"radio": "GSM", "range_m": "1000", "samples": "1"}}, {"type": "Feature", "geometry": {"type": "Point", "coordinates": [30.1161, -1.9512]}, "properties": {"radio": "GSM", "range_m": "1000", "samples": "1"}}, {"type": "Feature", "geometry": {"type": "Point", "coordinates": [30.1113, -1.9563]}, "properties": {"radio": "GSM", "range_m": "1000", "samples": "1"}}, {"type": "Feature", "geometry": {"type": "Point", "coordinates": [30.1164, -1.951]}, "properties": {"radio": "GSM", "range_m": "1000", "samples": "1"}}, {"type": "Feature", "geometry": {"type": "Point", "coordinates": [30.1136, -1.9537]}, "properties": {"radio": "GSM", "range_m": "1000", "samples": "1"}}, {"type": "Feature", "geometry": {"type": "Point", "coordinates": [30.1116, -1.9564]}, "properties": {"radio": "GSM", "range_m": "1000", "samples": "1"}}, {"type": "Feature", "geometry": {"type": "Point", "coordinates": [30.118, -1.9499]}, "properties": {"radio": "GSM", "range_m": "1000", "samples": "1"}}, {"type": "Feature", "geometry": {"type": "Point", "coordinates": [30.1339, -1.9769]}, "properties": {"radio": "GSM", "range_m": "1000", "samples": "2"}}, {"type": "Feature", "geometry": {"type": "Point", "coordinates": [30.1335, -1.9799]}, "properties": {"radio": "GSM", "range_m": "1000", "samples": "2"}}, {"type": "Feature", "geometry": {"type": "Point", "coordinates": [30.106, -1.9697]}, "properties": {"radio": "GSM", "range_m": "3016", "samples": "10"}}, {"type": "Feature", "geometry": {"type": "Point", "coordinates": [30.1318, -1.977]}, "properties": {"radio": "GSM", "range_m": "1000", "samples": "1"}}, {"type": "Feature", "geometry": {"type": "Point", "coordinates": [30.1334, -1.993]}, "properties": {"radio": "GSM", "range_m": "1909", "samples": "2"}}, {"type": "Feature", "geometry": {"type": "Point", "coordinates": [30.1336, -1.9932]}, "properties": {"radio": "GSM", "range_m": "1884", "samples": "2"}}, {"type": "Feature", "geometry": {"type": "Point", "coordinates": [30.1149, -1.9729]}, "properties": {"radio": "GSM", "range_m": "1990", "samples": "2"}}, {"type": "Feature", "geometry": {"type": "Point", "coordinates": [30.1308, -1.977]}, "properties": {"radio": "GSM", "range_m": "1000", "samples": "1"}}, {"type": "Feature", "geometry": {"type": "Point", "coordinates": [30.118, -1.95]}, "properties": {"radio": "GSM", "range_m": "1000", "samples": "1"}}, {"type": "Feature", "geometry": {"type": "Point", "coordinates": [30.1062, -1.9378]}, "properties": {"radio": "GSM", "range_m": "1000", "samples": "1"}}, {"type": "Feature", "geometry": {"type": "Point", "coordinates": [30.0731, -1.9279]}, "properties": {"radio": "GSM", "range_m": "1000", "samples": "3"}}, {"type": "Feature", "geometry": {"type": "Point", "coordinates": [30.0757, -1.8929]}, "properties": {"radio": "GSM", "range_m": "1237", "samples": "5"}}, {"type": "Feature", "geometry": {"type": "Point", "coordinates": [29.5931, -1.5201]}, "properties": {"radio": "GSM", "range_m": "7915", "samples": "12"}}, {"type": "Feature", "geometry": {"type": "Point", "coordinates": [29.2552, -1.6768]}, "properties": {"radio": "GSM", "range_m": "1118", "samples": "2"}}, {"type": "Feature", "geometry": {"type": "Point", "coordinates": [29.2581, -1.6713]}, "properties": {"radio": "GSM", "range_m": "1000", "samples": "2"}}, {"type": "Feature", "geometry": {"type": "Point", "coordinates": [29.7251, -1.4202]}, "properties": {"radio": "GSM", "range_m": "4405", "samples": "8"}}, {"type": "Feature", "geometry": {"type": "Point", "coordinates": [30.0106, -1.422]}, "properties": {"radio": "GSM", "range_m": "1000", "samples": "1"}}, {"type": "Feature", "geometry": {"type": "Point", "coordinates": [30.052, -1.9435]}, "properties": {"radio": "GSM", "range_m": "3939", "samples": "4"}}, {"type": "Feature", "geometry": {"type": "Point", "coordinates": [30.0543, -1.9585]}, "properties": {"radio": "GSM", "range_m": "1000", "samples": "4"}}, {"type": "Feature", "geometry": {"type": "Point", "coordinates": [30.0589, -1.9601]}, "properties": {"radio": "GSM", "range_m": "1000", "samples": "5"}}, {"type": "Feature", "geometry": {"type": "Point", "coordinates": [30.0588, -1.9607]}, "properties": {"radio": "GSM", "range_m": "1000", "samples": "4"}}, {"type": "Feature", "geometry": {"type": "Point", "coordinates": [30.0552, -1.9533]}, "properties": {"radio": "GSM", "range_m": "1000", "samples": "8"}}, {"type": "Feature", "geometry": {"type": "Point", "coordinates": [30.0356, -1.9442]}, "properties": {"radio": "GSM", "range_m": "1002", "samples": "10"}}, {"type": "Feature", "geometry": {"type": "Point", "coordinates": [30.1151, -1.9577]}, "properties": {"radio": "GSM", "range_m": "1000", "samples": "1"}}, {"type": "Feature", "geometry": {"type": "Point", "coordinates": [30.1176, -1.9588]}, "properties": {"radio": "GSM", "range_m": "1000", "samples": "2"}}, {"type": "Feature", "geometry": {"type": "Point", "coordinates": [30.1175, -1.9555]}, "properties": {"radio": "GSM", "range_m": "1000", "samples": "1"}}, {"type": "Feature", "geometry": {"type": "Point", "coordinates": [30.0468, -1.9269]}, "properties": {"radio": "GSM", "range_m": "1241", "samples": "12"}}, {"type": "Feature", "geometry": {"type": "Point", "coordinates": [30.0542, -1.9578]}, "properties": {"radio": "GSM", "range_m": "1000", "samples": "3"}}, {"type": "Feature", "geometry": {"type": "Point", "coordinates": [30.0565, -1.9641]}, "properties": {"radio": "GSM", "range_m": "1000", "samples": "3"}}, {"type": "Feature", "geometry": {"type": "Point", "coordinates": [30.0477, -1.9783]}, "properties": {"radio": "GSM", "range_m": "1000", "samples": "2"}}, {"type": "Feature", "geometry": {"type": "Point", "coordinates": [30.0558, -1.9679]}, "properties": {"radio": "GSM", "range_m": "1000", "samples": "5"}}, {"type": "Feature", "geometry": {"type": "Point", "coordinates": [30.0677, -1.9614]}, "properties": {"radio": "GSM", "range_m": "2638", "samples": "8"}}, {"type": "Feature", "geometry": {"type": "Point", "coordinates": [30.0573, -1.9574]}, "properties": {"radio": "GSM", "range_m": "1000", "samples": "3"}}, {"type": "Feature", "geometry": {"type": "Point", "coordinates": [30.0563, -1.9494]}, "properties": {"radio": "GSM", "range_m": "1000", "samples": "3"}}, {"type": "Feature", "geometry": {"type": "Point", "coordinates": [30.0557, -1.9516]}, "properties": {"radio": "GSM", "range_m": "1000", "samples": "4"}}, {"type": "Feature", "geometry": {"type": "Point", "coordinates": [30.0513, -1.9346]}, "properties": {"radio": "GSM", "range_m": "1207", "samples": "2"}}, {"type": "Feature", "geometry": {"type": "Point", "coordinates": [30.0728, -1.9029]}, "properties": {"radio": "GSM", "range_m": "4960", "samples": "2"}}, {"type": "Feature", "geometry": {"type": "Point", "coordinates": [30.0565, -1.9443]}, "properties": {"radio": "GSM", "range_m": "1000", "samples": "1"}}, {"type": "Feature", "geometry": {"type": "Point", "coordinates": [30.0583, -1.9666]}, "properties": {"radio": "GSM", "range_m": "1000", "samples": "3"}}, {"type": "Feature", "geometry": {"type": "Point", "coordinates": [30.0851, -1.9704]}, "properties": {"radio": "GSM", "range_m": "3220", "samples": "7"}}, {"type": "Feature", "geometry": {"type": "Point", "coordinates": [29.7405, -1.3444]}, "properties": {"radio": "GSM", "range_m": "3880", "samples": "9"}}, {"type": "Feature", "geometry": {"type": "Point", "coordinates": [30.5006, -1.9014]}, "properties": {"radio": "GSM", "range_m": "1000", "samples": "1"}}, {"type": "Feature", "geometry": {"type": "Point", "coordinates": [30.0106, -1.4241]}, "properties": {"radio": "GSM", "range_m": "1000", "samples": "3"}}, {"type": "Feature", "geometry": {"type": "Point", "coordinates": [30.0844, -1.8215]}, "properties": {"radio": "UMTS", "range_m": "1000", "samples": "2"}}, {"type": "Feature", "geometry": {"type": "Point", "coordinates": [30.0772, -1.9282]}, "properties": {"radio": "UMTS", "range_m": "1000", "samples": "1"}}, {"type": "Feature", "geometry": {"type": "Point", "coordinates": [30.0858, -1.9124]}, "properties": {"radio": "GSM", "range_m": "1000", "samples": "3"}}, {"type": "Feature", "geometry": {"type": "Point", "coordinates": [30.0722, -1.9213]}, "properties": {"radio": "GSM", "range_m": "1000", "samples": "5"}}, {"type": "Feature", "geometry": {"type": "Point", "coordinates": [30.0754, -1.9543]}, "properties": {"radio": "UMTS", "range_m": "1000", "samples": "1"}}, {"type": "Feature", "geometry": {"type": "Point", "coordinates": [30.1066, -1.9844]}, "properties": {"radio": "UMTS", "range_m": "1000", "samples": "1"}}, {"type": "Feature", "geometry": {"type": "Point", "coordinates": [30.1373, -2.0004]}, "properties": {"radio": "GSM", "range_m": "1055", "samples": "2"}}, {"type": "Feature", "geometry": {"type": "Point", "coordinates": [30.1346, -2.0002]}, "properties": {"radio": "GSM", "range_m": "1090", "samples": "2"}}, {"type": "Feature", "geometry": {"type": "Point", "coordinates": [30.1475, -1.9905]}, "properties": {"radio": "UMTS", "range_m": "1000", "samples": "1"}}, {"type": "Feature", "geometry": {"type": "Point", "coordinates": [30.1544, -1.9562]}, "properties": {"radio": "UMTS", "range_m": "1000", "samples": "2"}}, {"type": "Feature", "geometry": {"type": "Point", "coordinates": [30.1614, -1.9658]}, "properties": {"radio": "GSM", "range_m": "1236", "samples": "8"}}, {"type": "Feature", "geometry": {"type": "Point", "coordinates": [30.1598, -1.9571]}, "properties": {"radio": "UMTS", "range_m": "1000", "samples": "2"}}, {"type": "Feature", "geometry": {"type": "Point", "coordinates": [30.1598, -1.9571]}, "properties": {"radio": "UMTS", "range_m": "1000", "samples": "2"}}, {"type": "Feature", "geometry": {"type": "Point", "coordinates": [30.156, -1.9548]}, "properties": {"radio": "GSM", "range_m": "1000", "samples": "2"}}, {"type": "Feature", "geometry": {"type": "Point", "coordinates": [30.1311, -1.9589]}, "properties": {"radio": "UMTS", "range_m": "1000", "samples": "1"}}, {"type": "Feature", "geometry": {"type": "Point", "coordinates": [30.1022, -1.9678]}, "properties": {"radio": "UMTS", "range_m": "1000", "samples": "1"}}, {"type": "Feature", "geometry": {"type": "Point", "coordinates": [30.0752, -1.9549]}, "properties": {"radio": "UMTS", "range_m": "1000", "samples": "1"}}, {"type": "Feature", "geometry": {"type": "Point", "coordinates": [30.0288, -1.4966]}, "properties": {"radio": "UMTS", "range_m": "1000", "samples": "1"}}, {"type": "Feature", "geometry": {"type": "Point", "coordinates": [30.0141, -1.4313]}, "properties": {"radio": "UMTS", "range_m": "1000", "samples": "3"}}, {"type": "Feature", "geometry": {"type": "Point", "coordinates": [30.0476, -1.918]}, "properties": {"radio": "GSM", "range_m": "1000", "samples": "2"}}, {"type": "Feature", "geometry": {"type": "Point", "coordinates": [30.0984, -1.9667]}, "properties": {"radio": "GSM", "range_m": "1564", "samples": "2"}}, {"type": "Feature", "geometry": {"type": "Point", "coordinates": [30.0704, -1.9361]}, "properties": {"radio": "GSM", "range_m": "5380", "samples": "4"}}, {"type": "Feature", "geometry": {"type": "Point", "coordinates": [30.1055, -1.9627]}, "properties": {"radio": "GSM", "range_m": "4124", "samples": "11"}}, {"type": "Feature", "geometry": {"type": "Point", "coordinates": [30.1483, -1.9573]}, "properties": {"radio": "GSM", "range_m": "1000", "samples": "1"}}, {"type": "Feature", "geometry": {"type": "Point", "coordinates": [30.1975, -1.9823]}, "properties": {"radio": "GSM", "range_m": "5541", "samples": "12"}}, {"type": "Feature", "geometry": {"type": "Point", "coordinates": [30.2174, -1.9818]}, "properties": {"radio": "GSM", "range_m": "2759", "samples": "5"}}, {"type": "Feature", "geometry": {"type": "Point", "coordinates": [30.2065, -1.9872]}, "properties": {"radio": "GSM", "range_m": "1906", "samples": "6"}}, {"type": "Feature", "geometry": {"type": "Point", "coordinates": [29.3444, -1.6965]}, "properties": {"radio": "GSM", "range_m": "1000", "samples": "6"}}, {"type": "Feature", "geometry": {"type": "Point", "coordinates": [30.4219, -1.9486]}, "properties": {"radio": "GSM", "range_m": "1000", "samples": "1"}}, {"type": "Feature", "geometry": {"type": "Point", "coordinates": [30.1093, -1.8941]}, "properties": {"radio": "GSM", "range_m": "3992", "samples": "6"}}, {"type": "Feature", "geometry": {"type": "Point", "coordinates": [30.0465, -1.9384]}, "properties": {"radio": "GSM", "range_m": "1000", "samples": "2"}}, {"type": "Feature", "geometry": {"type": "Point", "coordinates": [30.0442, -1.9382]}, "properties": {"radio": "GSM", "range_m": "1000", "samples": "1"}}, {"type": "Feature", "geometry": {"type": "Point", "coordinates": [30.0442, -1.9382]}, "properties": {"radio": "GSM", "range_m": "1000", "samples": "1"}}, {"type": "Feature", "geometry": {"type": "Point", "coordinates": [30.0478, -1.9223]}, "properties": {"radio": "GSM", "range_m": "5445", "samples": "4"}}, {"type": "Feature", "geometry": {"type": "Point", "coordinates": [30.0849, -1.8696]}, "properties": {"radio": "GSM", "range_m": "1000", "samples": "2"}}, {"type": "Feature", "geometry": {"type": "Point", "coordinates": [30.0538, -1.9359]}, "properties": {"radio": "GSM", "range_m": "1000", "samples": "4"}}, {"type": "Feature", "geometry": {"type": "Point", "coordinates": [30.048, -1.9391]}, "properties": {"radio": "GSM", "range_m": "1000", "samples": "4"}}, {"type": "Feature", "geometry": {"type": "Point", "coordinates": [30.0831, -1.9726]}, "properties": {"radio": "GSM", "range_m": "1000", "samples": "4"}}, {"type": "Feature", "geometry": {"type": "Point", "coordinates": [30.0847, -1.9702]}, "properties": {"radio": "GSM", "range_m": "1000", "samples": "1"}}, {"type": "Feature", "geometry": {"type": "Point", "coordinates": [30.0831, -1.968]}, "properties": {"radio": "GSM", "range_m": "1000", "samples": "1"}}, {"type": "Feature", "geometry": {"type": "Point", "coordinates": [30.0723, -1.9519]}, "properties": {"radio": "GSM", "range_m": "2159", "samples": "2"}}, {"type": "Feature", "geometry": {"type": "Point", "coordinates": [30.14, -1.9543]}, "properties": {"radio": "GSM", "range_m": "1000", "samples": "1"}}, {"type": "Feature", "geometry": {"type": "Point", "coordinates": [30.0989, -1.887]}, "properties": {"radio": "GSM", "range_m": "1944", "samples": "5"}}, {"type": "Feature", "geometry": {"type": "Point", "coordinates": [30.1353, -1.919]}, "properties": {"radio": "GSM", "range_m": "1000", "samples": "3"}}, {"type": "Feature", "geometry": {"type": "Point", "coordinates": [30.1332, -1.9174]}, "properties": {"radio": "GSM", "range_m": "1000", "samples": "1"}}, {"type": "Feature", "geometry": {"type": "Point", "coordinates": [30.1332, -1.9174]}, "properties": {"radio": "GSM", "range_m": "1000", "samples": "1"}}, {"type": "Feature", "geometry": {"type": "Point", "coordinates": [30.1332, -1.9174]}, "properties": {"radio": "GSM", "range_m": "1000", "samples": "1"}}, {"type": "Feature", "geometry": {"type": "Point", "coordinates": [30.1614, -1.9659]}, "properties": {"radio": "GSM", "range_m": "1000", "samples": "1"}}, {"type": "Feature", "geometry": {"type": "Point", "coordinates": [30.2238, -1.9797]}, "properties": {"radio": "GSM", "range_m": "1000", "samples": "5"}}, {"type": "Feature", "geometry": {"type": "Point", "coordinates": [30.22, -1.9751]}, "properties": {"radio": "GSM", "range_m": "5741", "samples": "9"}}, {"type": "Feature", "geometry": {"type": "Point", "coordinates": [30.2275, -1.9649]}, "properties": {"radio": "GSM", "range_m": "11275", "samples": "7"}}, {"type": "Feature", "geometry": {"type": "Point", "coordinates": [30.2234, -1.9797]}, "properties": {"radio": "GSM", "range_m": "1000", "samples": "1"}}, {"type": "Feature", "geometry": {"type": "Point", "coordinates": [30.2134, -1.9835]}, "properties": {"radio": "GSM", "range_m": "1243", "samples": "5"}}, {"type": "Feature", "geometry": {"type": "Point", "coordinates": [30.2228, -1.9579]}, "properties": {"radio": "GSM", "range_m": "7336", "samples": "7"}}, {"type": "Feature", "geometry": {"type": "Point", "coordinates": [30.2423, -1.9534]}, "properties": {"radio": "GSM", "range_m": "1000", "samples": "5"}}, {"type": "Feature", "geometry": {"type": "Point", "coordinates": [30.2325, -1.9602]}, "properties": {"radio": "GSM", "range_m": "5697", "samples": "8"}}, {"type": "Feature", "geometry": {"type": "Point", "coordinates": [30.2358, -1.9596]}, "properties": {"radio": "GSM", "range_m": "3440", "samples": "13"}}, {"type": "Feature", "geometry": {"type": "Point", "coordinates": [30.2352, -1.9558]}, "properties": {"radio": "GSM", "range_m": "1000", "samples": "4"}}, {"type": "Feature", "geometry": {"type": "Point", "coordinates": [30.232, -1.9582]}, "properties": {"radio": "GSM", "range_m": "1701", "samples": "13"}}, {"type": "Feature", "geometry": {"type": "Point", "coordinates": [30.1612, -1.9568]}, "properties": {"radio": "GSM", "range_m": "1000", "samples": "4"}}, {"type": "Feature", "geometry": {"type": "Point", "coordinates": [29.3984, -1.6392]}, "properties": {"radio": "GSM", "range_m": "1739", "samples": "4"}}, {"type": "Feature", "geometry": {"type": "Point", "coordinates": [30.2654, -1.9518]}, "properties": {"radio": "GSM", "range_m": "23814", "samples": "14"}}, {"type": "Feature", "geometry": {"type": "Point", "coordinates": [30.1586, -1.9502]}, "properties": {"radio": "GSM", "range_m": "1492", "samples": "4"}}, {"type": "Feature", "geometry": {"type": "Point", "coordinates": [30.2636, -1.9462]}, "properties": {"radio": "GSM", "range_m": "1000", "samples": "2"}}, {"type": "Feature", "geometry": {"type": "Point", "coordinates": [30.2197, -1.9807]}, "properties": {"radio": "GSM", "range_m": "6206", "samples": "7"}}, {"type": "Feature", "geometry": {"type": "Point", "coordinates": [30.0446, -1.9399]}, "properties": {"radio": "GSM", "range_m": "1000", "samples": "1"}}, {"type": "Feature", "geometry": {"type": "Point", "coordinates": [30.0442, -1.9397]}, "properties": {"radio": "GSM", "range_m": "1000", "samples": "2"}}, {"type": "Feature", "geometry": {"type": "Point", "coordinates": [30.1238, -1.9623]}, "properties": {"radio": "GSM", "range_m": "1000", "samples": "2"}}, {"type": "Feature", "geometry": {"type": "Point", "coordinates": [30.1232, -1.962]}, "properties": {"radio": "GSM", "range_m": "1000", "samples": "1"}}, {"type": "Feature", "geometry": {"type": "Point", "coordinates": [30.0463, -1.9396]}, "properties": {"radio": "GSM", "range_m": "1000", "samples": "1"}}, {"type": "Feature", "geometry": {"type": "Point", "coordinates": [30.0654, -1.9187]}, "properties": {"radio": "GSM", "range_m": "3084", "samples": "4"}}, {"type": "Feature", "geometry": {"type": "Point", "coordinates": [30.0541, -1.9022]}, "properties": {"radio": "UMTS", "range_m": "1000", "samples": "1"}}, {"type": "Feature", "geometry": {"type": "Point", "coordinates": [30.0676, -1.9394]}, "properties": {"radio": "UMTS", "range_m": "1000", "samples": "1"}}, {"type": "Feature", "geometry": {"type": "Point", "coordinates": [30.1038, -1.9674]}, "properties": {"radio": "UMTS", "range_m": "1000", "samples": "1"}}, {"type": "Feature", "geometry": {"type": "Point", "coordinates": [30.1386, -1.9541]}, "properties": {"radio": "UMTS", "range_m": "1000", "samples": "1"}}, {"type": "Feature", "geometry": {"type": "Point", "coordinates": [30.1587, -1.9571]}, "properties": {"radio": "UMTS", "range_m": "1000", "samples": "1"}}, {"type": "Feature", "geometry": {"type": "Point", "coordinates": [30.155, -1.9549]}, "properties": {"radio": "UMTS", "range_m": "1000", "samples": "1"}}, {"type": "Feature", "geometry": {"type": "Point", "coordinates": [30.2214, -1.9748]}, "properties": {"radio": "GSM", "range_m": "1873", "samples": "4"}}, {"type": "Feature", "geometry": {"type": "Point", "coordinates": [30.0444, -1.9401]}, "properties": {"radio": "GSM", "range_m": "1000", "samples": "1"}}, {"type": "Feature", "geometry": {"type": "Point", "coordinates": [30.1484, -1.9661]}, "properties": {"radio": "GSM", "range_m": "1618", "samples": "3"}}, {"type": "Feature", "geometry": {"type": "Point", "coordinates": [30.0775, -1.9625]}, "properties": {"radio": "GSM", "range_m": "1000", "samples": "1"}}, {"type": "Feature", "geometry": {"type": "Point", "coordinates": [30.1558, -1.9365]}, "properties": {"radio": "GSM", "range_m": "1000", "samples": "5"}}, {"type": "Feature", "geometry": {"type": "Point", "coordinates": [30.1637, -1.9452]}, "properties": {"radio": "UMTS", "range_m": "1000", "samples": "1"}}, {"type": "Feature", "geometry": {"type": "Point", "coordinates": [30.1303, -1.9423]}, "properties": {"radio": "UMTS", "range_m": "1000", "samples": "1"}}, {"type": "Feature", "geometry": {"type": "Point", "coordinates": [30.1019, -1.9681]}, "properties": {"radio": "GSM", "range_m": "1000", "samples": "1"}}, {"type": "Feature", "geometry": {"type": "Point", "coordinates": [30.0765, -1.9498]}, "properties": {"radio": "UMTS", "range_m": "1000", "samples": "1"}}, {"type": "Feature", "geometry": {"type": "Point", "coordinates": [30.0526, -1.9031]}, "properties": {"radio": "GSM", "range_m": "1000", "samples": "1"}}, {"type": "Feature", "geometry": {"type": "Point", "coordinates": [30.0756, -1.8791]}, "properties": {"radio": "GSM", "range_m": "1000", "samples": "1"}}, {"type": "Feature", "geometry": {"type": "Point", "coordinates": [30.0832, -1.9773]}, "properties": {"radio": "GSM", "range_m": "1000", "samples": "1"}}, {"type": "Feature", "geometry": {"type": "Point", "coordinates": [30.0741, -1.9423]}, "properties": {"radio": "GSM", "range_m": "1000", "samples": "4"}}, {"type": "Feature", "geometry": {"type": "Point", "coordinates": [30.1675, -1.962]}, "properties": {"radio": "GSM", "range_m": "1553", "samples": "2"}}, {"type": "Feature", "geometry": {"type": "Point", "coordinates": [30.1581, -1.9518]}, "properties": {"radio": "GSM", "range_m": "1000", "samples": "1"}}, {"type": "Feature", "geometry": {"type": "Point", "coordinates": [30.3846, -1.9502]}, "properties": {"radio": "GSM", "range_m": "1000", "samples": "1"}}, {"type": "Feature", "geometry": {"type": "Point", "coordinates": [30.1577, -1.9496]}, "properties": {"radio": "GSM", "range_m": "1000", "samples": "1"}}, {"type": "Feature", "geometry": {"type": "Point", "coordinates": [30.1733, -1.9718]}, "properties": {"radio": "GSM", "range_m": "2997", "samples": "2"}}, {"type": "Feature", "geometry": {"type": "Point", "coordinates": [30.1572, -1.9501]}, "properties": {"radio": "GSM", "range_m": "1000", "samples": "1"}}, {"type": "Feature", "geometry": {"type": "Point", "coordinates": [30.0477, -1.9406]}, "properties": {"radio": "GSM", "range_m": "1000", "samples": "1"}}, {"type": "Feature", "geometry": {"type": "Point", "coordinates": [30.06, -1.9405]}, "properties": {"radio": "GSM", "range_m": "1000", "samples": "2"}}, {"type": "Feature", "geometry": {"type": "Point", "coordinates": [30.06, -1.9405]}, "properties": {"radio": "GSM", "range_m": "1000", "samples": "2"}}, {"type": "Feature", "geometry": {"type": "Point", "coordinates": [30.0602, -1.9416]}, "properties": {"radio": "GSM", "range_m": "1000", "samples": "1"}}, {"type": "Feature", "geometry": {"type": "Point", "coordinates": [30.0602, -1.9416]}, "properties": {"radio": "GSM", "range_m": "1000", "samples": "1"}}, {"type": "Feature", "geometry": {"type": "Point", "coordinates": [30.062, -1.9578]}, "properties": {"radio": "GSM", "range_m": "1000", "samples": "3"}}, {"type": "Feature", "geometry": {"type": "Point", "coordinates": [30.0605, -1.9568]}, "properties": {"radio": "GSM", "range_m": "1000", "samples": "4"}}, {"type": "Feature", "geometry": {"type": "Point", "coordinates": [30.062, -1.9578]}, "properties": {"radio": "GSM", "range_m": "1000", "samples": "3"}}, {"type": "Feature", "geometry": {"type": "Point", "coordinates": [30.062, -1.9578]}, "properties": {"radio": "GSM", "range_m": "1000", "samples": "3"}}, {"type": "Feature", "geometry": {"type": "Point", "coordinates": [30.0664, -1.959]}, "properties": {"radio": "GSM", "range_m": "1000", "samples": "5"}}, {"type": "Feature", "geometry": {"type": "Point", "coordinates": [30.0476, -1.917]}, "properties": {"radio": "GSM", "range_m": "1000", "samples": "1"}}, {"type": "Feature", "geometry": {"type": "Point", "coordinates": [29.3276, -1.6904]}, "properties": {"radio": "GSM", "range_m": "7528", "samples": "26"}}, {"type": "Feature", "geometry": {"type": "Point", "coordinates": [29.3412, -1.6946]}, "properties": {"radio": "GSM", "range_m": "8899", "samples": "21"}}, {"type": "Feature", "geometry": {"type": "Point", "coordinates": [30.0619, -1.9578]}, "properties": {"radio": "GSM", "range_m": "1000", "samples": "2"}}, {"type": "Feature", "geometry": {"type": "Point", "coordinates": [30.0621, -1.9578]}, "properties": {"radio": "GSM", "range_m": "1000", "samples": "1"}}, {"type": "Feature", "geometry": {"type": "Point", "coordinates": [30.059, -1.9648]}, "properties": {"radio": "GSM", "range_m": "1000", "samples": "2"}}, {"type": "Feature", "geometry": {"type": "Point", "coordinates": [30.0548, -1.9356]}, "properties": {"radio": "GSM", "range_m": "1000", "samples": "1"}}, {"type": "Feature", "geometry": {"type": "Point", "coordinates": [30.062, -1.9575]}, "properties": {"radio": "GSM", "range_m": "1000", "samples": "1"}}, {"type": "Feature", "geometry": {"type": "Point", "coordinates": [30.056, -1.9719]}, "properties": {"radio": "GSM", "range_m": "1000", "samples": "1"}}, {"type": "Feature", "geometry": {"type": "Point", "coordinates": [30.0526, -1.9685]}, "properties": {"radio": "GSM", "range_m": "1000", "samples": "1"}}, {"type": "Feature", "geometry": {"type": "Point", "coordinates": [30.0526, -1.9685]}, "properties": {"radio": "GSM", "range_m": "1000", "samples": "1"}}, {"type": "Feature", "geometry": {"type": "Point", "coordinates": [30.0556, -1.9626]}, "properties": {"radio": "GSM", "range_m": "1011", "samples": "6"}}, {"type": "Feature", "geometry": {"type": "Point", "coordinates": [30.0479, -1.9193]}, "properties": {"radio": "GSM", "range_m": "1000", "samples": "1"}}, {"type": "Feature", "geometry": {"type": "Point", "coordinates": [29.454, -1.613]}, "properties": {"radio": "GSM", "range_m": "1000", "samples": "1"}}, {"type": "Feature", "geometry": {"type": "Point", "coordinates": [30.0964, -2.0241]}, "properties": {"radio": "GSM", "range_m": "5429", "samples": "4"}}, {"type": "Feature", "geometry": {"type": "Point", "coordinates": [30.1241, -2.1607]}, "properties": {"radio": "GSM", "range_m": "6291", "samples": "3"}}, {"type": "Feature", "geometry": {"type": "Point", "coordinates": [30.0249, -1.9473]}, "properties": {"radio": "GSM", "range_m": "1701", "samples": "16"}}, {"type": "Feature", "geometry": {"type": "Point", "coordinates": [30.0158, -1.9464]}, "properties": {"radio": "GSM", "range_m": "3190", "samples": "17"}}, {"type": "Feature", "geometry": {"type": "Point", "coordinates": [30.0034, -1.9452]}, "properties": {"radio": "GSM", "range_m": "4662", "samples": "14"}}, {"type": "Feature", "geometry": {"type": "Point", "coordinates": [29.9912, -1.9626]}, "properties": {"radio": "GSM", "range_m": "1000", "samples": "2"}}, {"type": "Feature", "geometry": {"type": "Point", "coordinates": [29.9883, -1.9632]}, "properties": {"radio": "GSM", "range_m": "2825", "samples": "18"}}, {"type": "Feature", "geometry": {"type": "Point", "coordinates": [29.9845, -1.973]}, "properties": {"radio": "GSM", "range_m": "2342", "samples": "7"}}, {"type": "Feature", "geometry": {"type": "Point", "coordinates": [29.9691, -1.9758]}, "properties": {"radio": "GSM", "range_m": "7713", "samples": "15"}}, {"type": "Feature", "geometry": {"type": "Point", "coordinates": [29.9822, -1.9694]}, "properties": {"radio": "GSM", "range_m": "3530", "samples": "8"}}, {"type": "Feature", "geometry": {"type": "Point", "coordinates": [29.9566, -1.9795]}, "properties": {"radio": "GSM", "range_m": "2444", "samples": "11"}}, {"type": "Feature", "geometry": {"type": "Point", "coordinates": [30.0856, -2.1378]}, "properties": {"radio": "GSM", "range_m": "3285", "samples": "6"}}, {"type": "Feature", "geometry": {"type": "Point", "coordinates": [30.0932, -2.0646]}, "properties": {"radio": "GSM", "range_m": "2649", "samples": "8"}}, {"type": "Feature", "geometry": {"type": "Point", "coordinates": [29.755, -2.1508]}, "properties": {"radio": "GSM", "range_m": "4481", "samples": "3"}}, {"type": "Feature", "geometry": {"type": "Point", "coordinates": [29.793, -2.2052]}, "properties": {"radio": "GSM", "range_m": "1000", "samples": "2"}}, {"type": "Feature", "geometry": {"type": "Point", "coordinates": [29.4405, -2.5254]}, "properties": {"radio": "GSM", "range_m": "1000", "samples": "2"}}, {"type": "Feature", "geometry": {"type": "Point", "coordinates": [28.9304, -2.5438]}, "properties": {"radio": "GSM", "range_m": "1960", "samples": "2"}}, {"type": "Feature", "geometry": {"type": "Point", "coordinates": [29.0668, -2.752]}, "properties": {"radio": "GSM", "range_m": "1000", "samples": "1"}}, {"type": "Feature", "geometry": {"type": "Point", "coordinates": [28.9788, -2.658]}, "properties": {"radio": "GSM", "range_m": "1000", "samples": "1"}}, {"type": "Feature", "geometry": {"type": "Point", "coordinates": [28.9841, -2.6664]}, "properties": {"radio": "GSM", "range_m": "1000", "samples": "1"}}, {"type": "Feature", "geometry": {"type": "Point", "coordinates": [28.9835, -2.6685]}, "properties": {"radio": "GSM", "range_m": "1000", "samples": "1"}}, {"type": "Feature", "geometry": {"type": "Point", "coordinates": [28.9899, -2.6678]}, "properties": {"radio": "GSM", "range_m": "1000", "samples": "1"}}, {"type": "Feature", "geometry": {"type": "Point", "coordinates": [29.0035, -2.6735]}, "properties": {"radio": "GSM", "range_m": "1000", "samples": "1"}}, {"type": "Feature", "geometry": {"type": "Point", "coordinates": [28.995, -2.6696]}, "properties": {"radio": "GSM", "range_m": "1000", "samples": "1"}}, {"type": "Feature", "geometry": {"type": "Point", "coordinates": [28.9797, -2.6616]}, "properties": {"radio": "GSM", "range_m": "1000", "samples": "1"}}, {"type": "Feature", "geometry": {"type": "Point", "coordinates": [29.0365, -2.7701]}, "properties": {"radio": "GSM", "range_m": "1000", "samples": "1"}}, {"type": "Feature", "geometry": {"type": "Point", "coordinates": [29.0358, -2.7698]}, "properties": {"radio": "GSM", "range_m": "1000", "samples": "1"}}, {"type": "Feature", "geometry": {"type": "Point", "coordinates": [28.9243, -2.5906]}, "properties": {"radio": "GSM", "range_m": "1000", "samples": "1"}}, {"type": "Feature", "geometry": {"type": "Point", "coordinates": [30.0808, -1.9655]}, "properties": {"radio": "GSM", "range_m": "1000", "samples": "1"}}, {"type": "Feature", "geometry": {"type": "Point", "coordinates": [30.0213, -1.9524]}, "properties": {"radio": "GSM", "range_m": "4595", "samples": "9"}}, {"type": "Feature", "geometry": {"type": "Point", "coordinates": [30.0546, -1.9652]}, "properties": {"radio": "GSM", "range_m": "1000", "samples": "2"}}, {"type": "Feature", "geometry": {"type": "Point", "coordinates": [30.0837, -1.9772]}, "properties": {"radio": "GSM", "range_m": "1000", "samples": "3"}}, {"type": "Feature", "geometry": {"type": "Point", "coordinates": [30.084, -1.977]}, "properties": {"radio": "GSM", "range_m": "1000", "samples": "2"}}, {"type": "Feature", "geometry": {"type": "Point", "coordinates": [30.1359, -1.9551]}, "properties": {"radio": "GSM", "range_m": "1000", "samples": "1"}}, {"type": "Feature", "geometry": {"type": "Point", "coordinates": [30.0757, -1.8792]}, "properties": {"radio": "GSM", "range_m": "1000", "samples": "1"}}, {"type": "Feature", "geometry": {"type": "Point", "coordinates": [30.083, -1.9679]}, "properties": {"radio": "GSM", "range_m": "1000", "samples": "2"}}, {"type": "Feature", "geometry": {"type": "Point", "coordinates": [30.1189, -1.9601]}, "properties": {"radio": "GSM", "range_m": "1000", "samples": "1"}}, {"type": "Feature", "geometry": {"type": "Point", "coordinates": [30.1068, -2.0113]}, "properties": {"radio": "GSM", "range_m": "1000", "samples": "1"}}, {"type": "Feature", "geometry": {"type": "Point", "coordinates": [30.1101, -1.9621]}, "properties": {"radio": "GSM", "range_m": "1000", "samples": "1"}}, {"type": "Feature", "geometry": {"type": "Point", "coordinates": [30.1012, -1.9649]}, "properties": {"radio": "GSM", "range_m": "1034", "samples": "2"}}, {"type": "Feature", "geometry": {"type": "Point", "coordinates": [30.1192, -1.9772]}, "properties": {"radio": "GSM", "range_m": "2415", "samples": "3"}}, {"type": "Feature", "geometry": {"type": "Point", "coordinates": [30.1068, -2.0113]}, "properties": {"radio": "GSM", "range_m": "1000", "samples": "1"}}, {"type": "Feature", "geometry": {"type": "Point", "coordinates": [30.0627, -1.9362]}, "properties": {"radio": "GSM", "range_m": "1000", "samples": "1"}}, {"type": "Feature", "geometry": {"type": "Point", "coordinates": [30.0853, -1.9717]}, "properties": {"radio": "GSM", "range_m": "1000", "samples": "1"}}, {"type": "Feature", "geometry": {"type": "Point", "coordinates": [30.1025, -2.0869]}, "properties": {"radio": "GSM", "range_m": "5923", "samples": "5"}}, {"type": "Feature", "geometry": {"type": "Point", "coordinates": [30.095, -2.1633]}, "properties": {"radio": "GSM", "range_m": "3876", "samples": "4"}}, {"type": "Feature", "geometry": {"type": "Point", "coordinates": [30.1497, -2.2109]}, "properties": {"radio": "GSM", "range_m": "1000", "samples": "1"}}, {"type": "Feature", "geometry": {"type": "Point", "coordinates": [30.1497, -2.2109]}, "properties": {"radio": "GSM", "range_m": "1000", "samples": "1"}}, {"type": "Feature", "geometry": {"type": "Point", "coordinates": [29.2721, -1.6606]}, "properties": {"radio": "GSM", "range_m": "1000", "samples": "1"}}, {"type": "Feature", "geometry": {"type": "Point", "coordinates": [30.0828, -1.5773]}, "properties": {"radio": "GSM", "range_m": "1000", "samples": "1"}}, {"type": "Feature", "geometry": {"type": "Point", "coordinates": [30.0536, -1.936]}, "properties": {"radio": "GSM", "range_m": "1000", "samples": "1"}}, {"type": "Feature", "geometry": {"type": "Point", "coordinates": [30.083, -1.9678]}, "properties": {"radio": "GSM", "range_m": "1000", "samples": "2"}}, {"type": "Feature", "geometry": {"type": "Point", "coordinates": [30.0456, -1.9399]}, "properties": {"radio": "GSM", "range_m": "1000", "samples": "1"}}, {"type": "Feature", "geometry": {"type": "Point", "coordinates": [30.098, -1.9688]}, "properties": {"radio": "GSM", "range_m": "1000", "samples": "1"}}, {"type": "Feature", "geometry": {"type": "Point", "coordinates": [30.0904, -1.9681]}, "properties": {"radio": "GSM", "range_m": "1000", "samples": "2"}}, {"type": "Feature", "geometry": {"type": "Point", "coordinates": [30.0904, -1.9681]}, "properties": {"radio": "GSM", "range_m": "1000", "samples": "1"}}, {"type": "Feature", "geometry": {"type": "Point", "coordinates": [30.0943, -1.9777]}, "properties": {"radio": "GSM", "range_m": "1000", "samples": "3"}}, {"type": "Feature", "geometry": {"type": "Point", "coordinates": [30.0754, -1.9537]}, "properties": {"radio": "GSM", "range_m": "1000", "samples": "2"}}, {"type": "Feature", "geometry": {"type": "Point", "coordinates": [29.3049, -1.6923]}, "properties": {"radio": "GSM", "range_m": "4516", "samples": "22"}}, {"type": "Feature", "geometry": {"type": "Point", "coordinates": [30.1342, -1.9653]}, "properties": {"radio": "GSM", "range_m": "7094", "samples": "10"}}, {"type": "Feature", "geometry": {"type": "Point", "coordinates": [30.0499, -1.9339]}, "properties": {"radio": "GSM", "range_m": "2049", "samples": "3"}}, {"type": "Feature", "geometry": {"type": "Point", "coordinates": [30.4478, -1.8915]}, "properties": {"radio": "GSM", "range_m": "1000", "samples": "1"}}, {"type": "Feature", "geometry": {"type": "Point", "coordinates": [30.1034, -1.9713]}, "properties": {"radio": "GSM", "range_m": "1000", "samples": "1"}}, {"type": "Feature", "geometry": {"type": "Point", "coordinates": [30.0769, -2.1254]}, "properties": {"radio": "GSM", "range_m": "1729", "samples": "2"}}, {"type": "Feature", "geometry": {"type": "Point", "coordinates": [30.2155, -2.2816]}, "properties": {"radio": "GSM", "range_m": "1000", "samples": "1"}}, {"type": "Feature", "geometry": {"type": "Point", "coordinates": [29.3135, -1.6986]}, "properties": {"radio": "GSM", "range_m": "1000", "samples": "1"}}, {"type": "Feature", "geometry": {"type": "Point", "coordinates": [29.2677, -1.6611]}, "properties": {"radio": "GSM", "range_m": "1000", "samples": "1"}}, {"type": "Feature", "geometry": {"type": "Point", "coordinates": [30.0536, -1.956]}, "properties": {"radio": "GSM", "range_m": "1000", "samples": "3"}}, {"type": "Feature", "geometry": {"type": "Point", "coordinates": [30.0521, -1.9699]}, "properties": {"radio": "GSM", "range_m": "1253", "samples": "3"}}, {"type": "Feature", "geometry": {"type": "Point", "coordinates": [30.0579, -1.9538]}, "properties": {"radio": "GSM", "range_m": "1000", "samples": "1"}}, {"type": "Feature", "geometry": {"type": "Point", "coordinates": [30.0565, -1.9572]}, "properties": {"radio": "GSM", "range_m": "1000", "samples": "2"}}, {"type": "Feature", "geometry": {"type": "Point", "coordinates": [30.4217, -1.9485]}, "properties": {"radio": "GSM", "range_m": "1000", "samples": "1"}}, {"type": "Feature", "geometry": {"type": "Point", "coordinates": [30.0572, -1.9509]}, "properties": {"radio": "GSM", "range_m": "1000", "samples": "1"}}, {"type": "Feature", "geometry": {"type": "Point", "coordinates": [30.0572, -1.9509]}, "properties": {"radio": "GSM", "range_m": "1000", "samples": "1"}}, {"type": "Feature", "geometry": {"type": "Point", "coordinates": [30.0468, -1.9786]}, "properties": {"radio": "GSM", "range_m": "1000", "samples": "1"}}, {"type": "Feature", "geometry": {"type": "Point", "coordinates": [30.0468, -1.9786]}, "properties": {"radio": "GSM", "range_m": "1000", "samples": "1"}}, {"type": "Feature", "geometry": {"type": "Point", "coordinates": [30.0463, -1.9259]}, "properties": {"radio": "GSM", "range_m": "1000", "samples": "1"}}, {"type": "Feature", "geometry": {"type": "Point", "coordinates": [30.1131, -1.961]}, "properties": {"radio": "GSM", "range_m": "1000", "samples": "1"}}, {"type": "Feature", "geometry": {"type": "Point", "coordinates": [30.06, -1.9401]}, "properties": {"radio": "GSM", "range_m": "1851", "samples": "2"}}, {"type": "Feature", "geometry": {"type": "Point", "coordinates": [30.1583, -1.9638]}, "properties": {"radio": "GSM", "range_m": "1000", "samples": "2"}}, {"type": "Feature", "geometry": {"type": "Point", "coordinates": [30.1246, -1.9625]}, "properties": {"radio": "GSM", "range_m": "1000", "samples": "1"}}, {"type": "Feature", "geometry": {"type": "Point", "coordinates": [30.1032, -1.9846]}, "properties": {"radio": "GSM", "range_m": "1000", "samples": "1"}}, {"type": "Feature", "geometry": {"type": "Point", "coordinates": [30.107, -2.0108]}, "properties": {"radio": "GSM", "range_m": "1000", "samples": "1"}}, {"type": "Feature", "geometry": {"type": "Point", "coordinates": [30.1067, -2.0108]}, "properties": {"radio": "GSM", "range_m": "1000", "samples": "1"}}, {"type": "Feature", "geometry": {"type": "Point", "coordinates": [30.3876, -1.7585]}, "properties": {"radio": "GSM", "range_m": "1000", "samples": "1"}}, {"type": "Feature", "geometry": {"type": "Point", "coordinates": [30.1193, -1.7188]}, "properties": {"radio": "GSM", "range_m": "1000", "samples": "1"}}, {"type": "Feature", "geometry": {"type": "Point", "coordinates": [30.0932, -2.0104]}, "properties": {"radio": "GSM", "range_m": "7065", "samples": "7"}}, {"type": "Feature", "geometry": {"type": "Point", "coordinates": [30.0942, -1.9976]}, "properties": {"radio": "GSM", "range_m": "1000", "samples": "5"}}, {"type": "Feature", "geometry": {"type": "Point", "coordinates": [30.0707, -1.9698]}, "properties": {"radio": "GSM", "range_m": "1000", "samples": "1"}}, {"type": "Feature", "geometry": {"type": "Point", "coordinates": [30.0733, -1.9642]}, "properties": {"radio": "GSM", "range_m": "1000", "samples": "4"}}, {"type": "Feature", "geometry": {"type": "Point", "coordinates": [29.3382, -1.6981]}, "properties": {"radio": "GSM", "range_m": "1000", "samples": "1"}}, {"type": "Feature", "geometry": {"type": "Point", "coordinates": [29.5438, -1.5698]}, "properties": {"radio": "GSM", "range_m": "1000", "samples": "1"}}, {"type": "Feature", "geometry": {"type": "Point", "coordinates": [30.0742, -1.9568]}, "properties": {"radio": "GSM", "range_m": "1505", "samples": "7"}}, {"type": "Feature", "geometry": {"type": "Point", "coordinates": [30.072, -1.9568]}, "properties": {"radio": "GSM", "range_m": "1000", "samples": "3"}}, {"type": "Feature", "geometry": {"type": "Point", "coordinates": [30.0723, -1.9567]}, "properties": {"radio": "GSM", "range_m": "1000", "samples": "2"}}, {"type": "Feature", "geometry": {"type": "Point", "coordinates": [30.3998, -1.9498]}, "properties": {"radio": "GSM", "range_m": "4604", "samples": "3"}}, {"type": "Feature", "geometry": {"type": "Point", "coordinates": [30.2852, -1.8959]}, "properties": {"radio": "GSM", "range_m": "2287", "samples": "10"}}, {"type": "Feature", "geometry": {"type": "Point", "coordinates": [30.2823, -1.8953]}, "properties": {"radio": "GSM", "range_m": "1486", "samples": "7"}}, {"type": "Feature", "geometry": {"type": "Point", "coordinates": [30.2278, -1.9751]}, "properties": {"radio": "GSM", "range_m": "2172", "samples": "5"}}, {"type": "Feature", "geometry": {"type": "Point", "coordinates": [30.2148, -1.9771]}, "properties": {"radio": "GSM", "range_m": "3226", "samples": "5"}}, {"type": "Feature", "geometry": {"type": "Point", "coordinates": [30.2078, -1.9812]}, "properties": {"radio": "GSM", "range_m": "1000", "samples": "1"}}, {"type": "Feature", "geometry": {"type": "Point", "coordinates": [30.212, -1.9852]}, "properties": {"radio": "GSM", "range_m": "1000", "samples": "3"}}, {"type": "Feature", "geometry": {"type": "Point", "coordinates": [30.109, -1.9628]}, "properties": {"radio": "GSM", "range_m": "1000", "samples": "1"}}, {"type": "Feature", "geometry": {"type": "Point", "coordinates": [30.065, -1.9373]}, "properties": {"radio": "GSM", "range_m": "1000", "samples": "1"}}, {"type": "Feature", "geometry": {"type": "Point", "coordinates": [30.0204, -1.9495]}, "properties": {"radio": "GSM", "range_m": "1000", "samples": "1"}}, {"type": "Feature", "geometry": {"type": "Point", "coordinates": [30.0201, -1.9497]}, "properties": {"radio": "GSM", "range_m": "3875", "samples": "12"}}, {"type": "Feature", "geometry": {"type": "Point", "coordinates": [30.0268, -1.946]}, "properties": {"radio": "GSM", "range_m": "3157", "samples": "9"}}, {"type": "Feature", "geometry": {"type": "Point", "coordinates": [30.0291, -1.9432]}, "properties": {"radio": "GSM", "range_m": "4305", "samples": "7"}}, {"type": "Feature", "geometry": {"type": "Point", "coordinates": [29.9865, -1.9655]}, "properties": {"radio": "GSM", "range_m": "1000", "samples": "3"}}, {"type": "Feature", "geometry": {"type": "Point", "coordinates": [29.9776, -1.9747]}, "properties": {"radio": "GSM", "range_m": "6014", "samples": "8"}}, {"type": "Feature", "geometry": {"type": "Point", "coordinates": [29.9271, -1.9942]}, "properties": {"radio": "GSM", "range_m": "1000", "samples": "1"}}, {"type": "Feature", "geometry": {"type": "Point", "coordinates": [30.002, -1.9519]}, "properties": {"radio": "GSM", "range_m": "2784", "samples": "13"}}, {"type": "Feature", "geometry": {"type": "Point", "coordinates": [30.0085, -1.9466]}, "properties": {"radio": "GSM", "range_m": "6923", "samples": "8"}}, {"type": "Feature", "geometry": {"type": "Point", "coordinates": [30.0028, -1.9423]}, "properties": {"radio": "GSM", "range_m": "1000", "samples": "5"}}, {"type": "Feature", "geometry": {"type": "Point", "coordinates": [30.0019, -1.9417]}, "properties": {"radio": "GSM", "range_m": "1000", "samples": "1"}}, {"type": "Feature", "geometry": {"type": "Point", "coordinates": [30.0109, -1.9452]}, "properties": {"radio": "GSM", "range_m": "1405", "samples": "6"}}, {"type": "Feature", "geometry": {"type": "Point", "coordinates": [29.9835, -1.9696]}, "properties": {"radio": "GSM", "range_m": "1202", "samples": "8"}}, {"type": "Feature", "geometry": {"type": "Point", "coordinates": [30.0229, -1.9492]}, "properties": {"radio": "GSM", "range_m": "8272", "samples": "9"}}, {"type": "Feature", "geometry": {"type": "Point", "coordinates": [30.0772, -1.961]}, "properties": {"radio": "GSM", "range_m": "1000", "samples": "1"}}, {"type": "Feature", "geometry": {"type": "Point", "coordinates": [30.0858, -1.9756]}, "properties": {"radio": "GSM", "range_m": "1000", "samples": "1"}}, {"type": "Feature", "geometry": {"type": "Point", "coordinates": [30.107, -1.9647]}, "properties": {"radio": "GSM", "range_m": "1000", "samples": "2"}}, {"type": "Feature", "geometry": {"type": "Point", "coordinates": [30.1243, -1.9625]}, "properties": {"radio": "GSM", "range_m": "1000", "samples": "1"}}, {"type": "Feature", "geometry": {"type": "Point", "coordinates": [30.141, -1.945]}, "properties": {"radio": "GSM", "range_m": "2170", "samples": "3"}}, {"type": "Feature", "geometry": {"type": "Point", "coordinates": [30.1216, -1.9988]}, "properties": {"radio": "GSM", "range_m": "1000", "samples": "1"}}, {"type": "Feature", "geometry": {"type": "Point", "coordinates": [30.1216, -1.9988]}, "properties": {"radio": "GSM", "range_m": "1000", "samples": "1"}}, {"type": "Feature", "geometry": {"type": "Point", "coordinates": [30.1396, -2.0084]}, "properties": {"radio": "GSM", "range_m": "1000", "samples": "2"}}, {"type": "Feature", "geometry": {"type": "Point", "coordinates": [30.1373, -2.0004]}, "properties": {"radio": "GSM", "range_m": "1000", "samples": "2"}}, {"type": "Feature", "geometry": {"type": "Point", "coordinates": [30.1579, -1.9766]}, "properties": {"radio": "GSM", "range_m": "1000", "samples": "3"}}, {"type": "Feature", "geometry": {"type": "Point", "coordinates": [30.157, -1.977]}, "properties": {"radio": "GSM", "range_m": "1000", "samples": "1"}}, {"type": "Feature", "geometry": {"type": "Point", "coordinates": [30.157, -1.977]}, "properties": {"radio": "GSM", "range_m": "1000", "samples": "1"}}, {"type": "Feature", "geometry": {"type": "Point", "coordinates": [30.422, -1.9483]}, "properties": {"radio": "GSM", "range_m": "1000", "samples": "1"}}, {"type": "Feature", "geometry": {"type": "Point", "coordinates": [30.0716, -1.9434]}, "properties": {"radio": "GSM", "range_m": "1781", "samples": "7"}}, {"type": "Feature", "geometry": {"type": "Point", "coordinates": [29.3739, -1.6518]}, "properties": {"radio": "GSM", "range_m": "1000", "samples": "1"}}, {"type": "Feature", "geometry": {"type": "Point", "coordinates": [29.374, -1.6518]}, "properties": {"radio": "GSM", "range_m": "1000", "samples": "1"}}, {"type": "Feature", "geometry": {"type": "Point", "coordinates": [29.374, -1.6518]}, "properties": {"radio": "GSM", "range_m": "1000", "samples": "1"}}, {"type": "Feature", "geometry": {"type": "Point", "coordinates": [29.7861, -2.392]}, "properties": {"radio": "GSM", "range_m": "1000", "samples": "1"}}, {"type": "Feature", "geometry": {"type": "Point", "coordinates": [29.4765, -1.6273]}, "properties": {"radio": "GSM", "range_m": "1000", "samples": "1"}}, {"type": "Feature", "geometry": {"type": "Point", "coordinates": [29.2574, -1.6412]}, "properties": {"radio": "GSM", "range_m": "1000", "samples": "1"}}, {"type": "Feature", "geometry": {"type": "Point", "coordinates": [30.0834, -1.8221]}, "properties": {"radio": "GSM", "range_m": "1000", "samples": "1"}}, {"type": "Feature", "geometry": {"type": "Point", "coordinates": [30.0886, -1.8604]}, "properties": {"radio": "GSM", "range_m": "6399", "samples": "18"}}, {"type": "Feature", "geometry": {"type": "Point", "coordinates": [30.0662, -1.8896]}, "properties": {"radio": "GSM", "range_m": "1000", "samples": "1"}}, {"type": "Feature", "geometry": {"type": "Point", "coordinates": [30.0662, -1.8896]}, "properties": {"radio": "GSM", "range_m": "1000", "samples": "1"}}, {"type": "Feature", "geometry": {"type": "Point", "coordinates": [30.0594, -1.9391]}, "properties": {"radio": "GSM", "range_m": "2471", "samples": "12"}}, {"type": "Feature", "geometry": {"type": "Point", "coordinates": [30.0624, -1.934]}, "properties": {"radio": "GSM", "range_m": "1033", "samples": "5"}}, {"type": "Feature", "geometry": {"type": "Point", "coordinates": [30.0718, -1.9414]}, "properties": {"radio": "GSM", "range_m": "1000", "samples": "3"}}, {"type": "Feature", "geometry": {"type": "Point", "coordinates": [30.0878, -1.9542]}, "properties": {"radio": "GSM", "range_m": "5718", "samples": "5"}}, {"type": "Feature", "geometry": {"type": "Point", "coordinates": [30.0827, -1.9794]}, "properties": {"radio": "GSM", "range_m": "1000", "samples": "1"}}, {"type": "Feature", "geometry": {"type": "Point", "coordinates": [30.0828, -1.9786]}, "properties": {"radio": "GSM", "range_m": "1000", "samples": "2"}}, {"type": "Feature", "geometry": {"type": "Point", "coordinates": [30.1347, -2.1066]}, "properties": {"radio": "GSM", "range_m": "5500", "samples": "6"}}, {"type": "Feature", "geometry": {"type": "Point", "coordinates": [30.1662, -2.1342]}, "properties": {"radio": "GSM", "range_m": "1871", "samples": "2"}}, {"type": "Feature", "geometry": {"type": "Point", "coordinates": [30.1154, -2.1372]}, "properties": {"radio": "GSM", "range_m": "2503", "samples": "4"}}, {"type": "Feature", "geometry": {"type": "Point", "coordinates": [30.1537, -2.1206]}, "properties": {"radio": "GSM", "range_m": "1000", "samples": "1"}}, {"type": "Feature", "geometry": {"type": "Point", "coordinates": [30.1774, -2.1467]}, "properties": {"radio": "GSM", "range_m": "1000", "samples": "2"}}, {"type": "Feature", "geometry": {"type": "Point", "coordinates": [30.1774, -2.1467]}, "properties": {"radio": "GSM", "range_m": "1000", "samples": "1"}}, {"type": "Feature", "geometry": {"type": "Point", "coordinates": [30.1779, -2.1488]}, "properties": {"radio": "GSM", "range_m": "1000", "samples": "1"}}, {"type": "Feature", "geometry": {"type": "Point", "coordinates": [30.1897, -2.166]}, "properties": {"radio": "GSM", "range_m": "1000", "samples": "1"}}, {"type": "Feature", "geometry": {"type": "Point", "coordinates": [30.1894, -2.1654]}, "properties": {"radio": "GSM", "range_m": "1000", "samples": "1"}}, {"type": "Feature", "geometry": {"type": "Point", "coordinates": [30.1908, -2.169]}, "properties": {"radio": "GSM", "range_m": "1000", "samples": "1"}}, {"type": "Feature", "geometry": {"type": "Point", "coordinates": [30.1023, -1.9672]}, "properties": {"radio": "GSM", "range_m": "1000", "samples": "1"}}, {"type": "Feature", "geometry": {"type": "Point", "coordinates": [30.0916, -1.8521]}, "properties": {"radio": "GSM", "range_m": "3100", "samples": "24"}}, {"type": "Feature", "geometry": {"type": "Point", "coordinates": [30.0462, -1.9247]}, "properties": {"radio": "GSM", "range_m": "1000", "samples": "1"}}, {"type": "Feature", "geometry": {"type": "Point", "coordinates": [30.0515, -1.9377]}, "properties": {"radio": "GSM", "range_m": "1557", "samples": "2"}}, {"type": "Feature", "geometry": {"type": "Point", "coordinates": [30.1822, -1.9826]}, "properties": {"radio": "GSM", "range_m": "6890", "samples": "6"}}, {"type": "Feature", "geometry": {"type": "Point", "coordinates": [30.1829, -1.9886]}, "properties": {"radio": "GSM", "range_m": "6314", "samples": "8"}}, {"type": "Feature", "geometry": {"type": "Point", "coordinates": [30.1892, -1.9935]}, "properties": {"radio": "GSM", "range_m": "1000", "samples": "4"}}, {"type": "Feature", "geometry": {"type": "Point", "coordinates": [30.1166, -1.9598]}, "properties": {"radio": "GSM", "range_m": "1000", "samples": "1"}}, {"type": "Feature", "geometry": {"type": "Point", "coordinates": [29.7769, -1.2488]}, "properties": {"radio": "GSM", "range_m": "1000", "samples": "1"}}, {"type": "Feature", "geometry": {"type": "Point", "coordinates": [30.0815, -1.931]}, "properties": {"radio": "GSM", "range_m": "1000", "samples": "2"}}, {"type": "Feature", "geometry": {"type": "Point", "coordinates": [30.0492, -1.9291]}, "properties": {"radio": "GSM", "range_m": "1000", "samples": "2"}}, {"type": "Feature", "geometry": {"type": "Point", "coordinates": [30.0862, -1.8639]}, "properties": {"radio": "GSM", "range_m": "4165", "samples": "10"}}, {"type": "Feature", "geometry": {"type": "Point", "coordinates": [30.0874, -1.8374]}, "properties": {"radio": "GSM", "range_m": "1476", "samples": "2"}}, {"type": "Feature", "geometry": {"type": "Point", "coordinates": [30.4216, -1.9485]}, "properties": {"radio": "GSM", "range_m": "1000", "samples": "1"}}, {"type": "Feature", "geometry": {"type": "Point", "coordinates": [30.4219, -1.9487]}, "properties": {"radio": "GSM", "range_m": "1000", "samples": "2"}}, {"type": "Feature", "geometry": {"type": "Point", "coordinates": [30.3941, -1.7399]}, "properties": {"radio": "GSM", "range_m": "1000", "samples": "1"}}, {"type": "Feature", "geometry": {"type": "Point", "coordinates": [30.4223, -1.9484]}, "properties": {"radio": "GSM", "range_m": "1000", "samples": "1"}}, {"type": "Feature", "geometry": {"type": "Point", "coordinates": [30.4095, -1.9415]}, "properties": {"radio": "GSM", "range_m": "1000", "samples": "1"}}, {"type": "Feature", "geometry": {"type": "Point", "coordinates": [30.1611, -1.9464]}, "properties": {"radio": "GSM", "range_m": "1000", "samples": "7"}}, {"type": "Feature", "geometry": {"type": "Point", "coordinates": [30.0752, -1.9548]}, "properties": {"radio": "GSM", "range_m": "1000", "samples": "1"}}, {"type": "Feature", "geometry": {"type": "Point", "coordinates": [30.0752, -1.9548]}, "properties": {"radio": "GSM", "range_m": "1000", "samples": "1"}}, {"type": "Feature", "geometry": {"type": "Point", "coordinates": [30.0835, -1.9747]}, "properties": {"radio": "GSM", "range_m": "1000", "samples": "1"}}, {"type": "Feature", "geometry": {"type": "Point", "coordinates": [30.0822, -1.98]}, "properties": {"radio": "GSM", "range_m": "1000", "samples": "2"}}, {"type": "Feature", "geometry": {"type": "Point", "coordinates": [30.0594, -1.8968]}, "properties": {"radio": "GSM", "range_m": "1000", "samples": "2"}}, {"type": "Feature", "geometry": {"type": "Point", "coordinates": [29.5639, -1.5364]}, "properties": {"radio": "GSM", "range_m": "1000", "samples": "1"}}, {"type": "Feature", "geometry": {"type": "Point", "coordinates": [30.2278, -1.9618]}, "properties": {"radio": "GSM", "range_m": "4194", "samples": "14"}}, {"type": "Feature", "geometry": {"type": "Point", "coordinates": [30.2364, -1.9578]}, "properties": {"radio": "GSM", "range_m": "9803", "samples": "15"}}, {"type": "Feature", "geometry": {"type": "Point", "coordinates": [30.0882, -1.9862]}, "properties": {"radio": "GSM", "range_m": "1957", "samples": "2"}}, {"type": "Feature", "geometry": {"type": "Point", "coordinates": [30.0218, -1.9513]}, "properties": {"radio": "GSM", "range_m": "2150", "samples": "2"}}, {"type": "Feature", "geometry": {"type": "Point", "coordinates": [30.0452, -1.9401]}, "properties": {"radio": "GSM", "range_m": "1000", "samples": "2"}}, {"type": "Feature", "geometry": {"type": "Point", "coordinates": [29.9934, -1.9426]}, "properties": {"radio": "GSM", "range_m": "5847", "samples": "9"}}, {"type": "Feature", "geometry": {"type": "Point", "coordinates": [29.999, -1.9489]}, "properties": {"radio": "GSM", "range_m": "2262", "samples": "7"}}, {"type": "Feature", "geometry": {"type": "Point", "coordinates": [30.0081, -1.9421]}, "properties": {"radio": "GSM", "range_m": "3284", "samples": "6"}}, {"type": "Feature", "geometry": {"type": "Point", "coordinates": [30.0, -1.9292]}, "properties": {"radio": "GSM", "range_m": "2881", "samples": "6"}}, {"type": "Feature", "geometry": {"type": "Point", "coordinates": [30.0041, -1.943]}, "properties": {"radio": "GSM", "range_m": "1000", "samples": "2"}}, {"type": "Feature", "geometry": {"type": "Point", "coordinates": [30.0199, -1.9418]}, "properties": {"radio": "GSM", "range_m": "4805", "samples": "4"}}, {"type": "Feature", "geometry": {"type": "Point", "coordinates": [30.1148, -1.9604]}, "properties": {"radio": "GSM", "range_m": "1000", "samples": "1"}}, {"type": "Feature", "geometry": {"type": "Point", "coordinates": [30.1202, -1.961]}, "properties": {"radio": "GSM", "range_m": "1000", "samples": "1"}}, {"type": "Feature", "geometry": {"type": "Point", "coordinates": [30.2381, -1.9618]}, "properties": {"radio": "GSM", "range_m": "13706", "samples": "15"}}, {"type": "Feature", "geometry": {"type": "Point", "coordinates": [30.2946, -1.8953]}, "properties": {"radio": "GSM", "range_m": "1592", "samples": "4"}}, {"type": "Feature", "geometry": {"type": "Point", "coordinates": [30.4064, -1.6672]}, "properties": {"radio": "GSM", "range_m": "1000", "samples": "1"}}, {"type": "Feature", "geometry": {"type": "Point", "coordinates": [30.2282, -1.9602]}, "properties": {"radio": "GSM", "range_m": "1000", "samples": "8"}}, {"type": "Feature", "geometry": {"type": "Point", "coordinates": [30.2356, -1.9574]}, "properties": {"radio": "GSM", "range_m": "1000", "samples": "7"}}, {"type": "Feature", "geometry": {"type": "Point", "coordinates": [30.1023, -1.9672]}, "properties": {"radio": "GSM", "range_m": "1000", "samples": "1"}}, {"type": "Feature", "geometry": {"type": "Point", "coordinates": [30.0597, -1.938]}, "properties": {"radio": "GSM", "range_m": "2224", "samples": "16"}}, {"type": "Feature", "geometry": {"type": "Point", "coordinates": [30.057, -1.936]}, "properties": {"radio": "GSM", "range_m": "1000", "samples": "5"}}, {"type": "Feature", "geometry": {"type": "Point", "coordinates": [30.139, -1.9604]}, "properties": {"radio": "GSM", "range_m": "1098", "samples": "2"}}, {"type": "Feature", "geometry": {"type": "Point", "coordinates": [30.2317, -1.9576]}, "properties": {"radio": "GSM", "range_m": "1864", "samples": "13"}}, {"type": "Feature", "geometry": {"type": "Point", "coordinates": [30.2792, -1.8938]}, "properties": {"radio": "GSM", "range_m": "1000", "samples": "1"}}, {"type": "Feature", "geometry": {"type": "Point", "coordinates": [30.0513, -1.9095]}, "properties": {"radio": "GSM", "range_m": "1848", "samples": "5"}}, {"type": "Feature", "geometry": {"type": "Point", "coordinates": [30.5594, -2.137]}, "properties": {"radio": "GSM", "range_m": "2150", "samples": "5"}}, {"type": "Feature", "geometry": {"type": "Point", "coordinates": [30.228, -1.9611]}, "properties": {"radio": "GSM", "range_m": "1048", "samples": "12"}}, {"type": "Feature", "geometry": {"type": "Point", "coordinates": [30.027, -1.9362]}, "properties": {"radio": "GSM", "range_m": "1000", "samples": "1"}}, {"type": "Feature", "geometry": {"type": "Point", "coordinates": [30.027, -1.9362]}, "properties": {"radio": "GSM", "range_m": "1000", "samples": "1"}}, {"type": "Feature", "geometry": {"type": "Point", "coordinates": [30.0119, -1.9173]}, "properties": {"radio": "GSM", "range_m": "6202", "samples": "5"}}, {"type": "Feature", "geometry": {"type": "Point", "coordinates": [29.9989, -1.9072]}, "properties": {"radio": "GSM", "range_m": "2729", "samples": "6"}}, {"type": "Feature", "geometry": {"type": "Point", "coordinates": [29.9926, -1.896]}, "properties": {"radio": "GSM", "range_m": "4623", "samples": "6"}}, {"type": "Feature", "geometry": {"type": "Point", "coordinates": [29.993, -1.8971]}, "properties": {"radio": "GSM", "range_m": "4757", "samples": "7"}}, {"type": "Feature", "geometry": {"type": "Point", "coordinates": [29.9806, -1.8645]}, "properties": {"radio": "GSM", "range_m": "1000", "samples": "2"}}, {"type": "Feature", "geometry": {"type": "Point", "coordinates": [29.9937, -1.9004]}, "properties": {"radio": "GSM", "range_m": "1293", "samples": "4"}}, {"type": "Feature", "geometry": {"type": "Point", "coordinates": [29.9945, -1.9019]}, "properties": {"radio": "GSM", "range_m": "1471", "samples": "7"}}, {"type": "Feature", "geometry": {"type": "Point", "coordinates": [29.9657, -1.8473]}, "properties": {"radio": "GSM", "range_m": "1740", "samples": "2"}}, {"type": "Feature", "geometry": {"type": "Point", "coordinates": [30.4453, -1.9209]}, "properties": {"radio": "GSM", "range_m": "4020", "samples": "2"}}, {"type": "Feature", "geometry": {"type": "Point", "coordinates": [29.9131, -1.7083]}, "properties": {"radio": "GSM", "range_m": "1000", "samples": "3"}}, {"type": "Feature", "geometry": {"type": "Point", "coordinates": [29.7775, -1.6451]}, "properties": {"radio": "GSM", "range_m": "1000", "samples": "2"}}, {"type": "Feature", "geometry": {"type": "Point", "coordinates": [30.3326, -1.9425]}, "properties": {"radio": "GSM", "range_m": "1000", "samples": "1"}}, {"type": "Feature", "geometry": {"type": "Point", "coordinates": [30.3361, -1.9466]}, "properties": {"radio": "GSM", "range_m": "1000", "samples": "2"}}, {"type": "Feature", "geometry": {"type": "Point", "coordinates": [30.27, -1.9063]}, "properties": {"radio": "GSM", "range_m": "1000", "samples": "1"}}, {"type": "Feature", "geometry": {"type": "Point", "coordinates": [30.2384, -1.9554]}, "properties": {"radio": "GSM", "range_m": "1000", "samples": "1"}}, {"type": "Feature", "geometry": {"type": "Point", "coordinates": [30.132, -1.9583]}, "properties": {"radio": "GSM", "range_m": "1000", "samples": "2"}}, {"type": "Feature", "geometry": {"type": "Point", "coordinates": [29.9616, -1.978]}, "properties": {"radio": "GSM", "range_m": "2500", "samples": "9"}}, {"type": "Feature", "geometry": {"type": "Point", "coordinates": [29.9515, -1.9773]}, "properties": {"radio": "GSM", "range_m": "1000", "samples": "1"}}, {"type": "Feature", "geometry": {"type": "Point", "coordinates": [29.8887, -2.0144]}, "properties": {"radio": "GSM", "range_m": "1000", "samples": "1"}}, {"type": "Feature", "geometry": {"type": "Point", "coordinates": [29.8199, -2.0553]}, "properties": {"radio": "GSM", "range_m": "1000", "samples": "1"}}, {"type": "Feature", "geometry": {"type": "Point", "coordinates": [29.9196, -1.9913]}, "properties": {"radio": "GSM", "range_m": "1000", "samples": "1"}}, {"type": "Feature", "geometry": {"type": "Point", "coordinates": [29.9809, -1.98]}, "properties": {"radio": "GSM", "range_m": "1000", "samples": "2"}}, {"type": "Feature", "geometry": {"type": "Point", "coordinates": [30.236, -1.9571]}, "properties": {"radio": "GSM", "range_m": "1000", "samples": "2"}}, {"type": "Feature", "geometry": {"type": "Point", "coordinates": [30.2148, -1.9915]}, "properties": {"radio": "GSM", "range_m": "1000", "samples": "2"}}, {"type": "Feature", "geometry": {"type": "Point", "coordinates": [30.2259, -1.9644]}, "properties": {"radio": "GSM", "range_m": "3214", "samples": "6"}}, {"type": "Feature", "geometry": {"type": "Point", "coordinates": [30.0627, -1.9361]}, "properties": {"radio": "GSM", "range_m": "1000", "samples": "1"}}, {"type": "Feature", "geometry": {"type": "Point", "coordinates": [30.0627, -1.9361]}, "properties": {"radio": "GSM", "range_m": "1000", "samples": "1"}}, {"type": "Feature", "geometry": {"type": "Point", "coordinates": [30.1078, -1.9638]}, "properties": {"radio": "GSM", "range_m": "1000", "samples": "1"}}, {"type": "Feature", "geometry": {"type": "Point", "coordinates": [30.4735, -1.8366]}, "properties": {"radio": "GSM", "range_m": "1000", "samples": "1"}}, {"type": "Feature", "geometry": {"type": "Point", "coordinates": [30.3877, -1.629]}, "properties": {"radio": "GSM", "range_m": "1000", "samples": "1"}}, {"type": "Feature", "geometry": {"type": "Point", "coordinates": [29.7622, -1.6084]}, "properties": {"radio": "GSM", "range_m": "1000", "samples": "1"}}, {"type": "Feature", "geometry": {"type": "Point", "coordinates": [29.9924, -1.8958]}, "properties": {"radio": "GSM", "range_m": "2849", "samples": "4"}}, {"type": "Feature", "geometry": {"type": "Point", "coordinates": [30.0254, -1.9446]}, "properties": {"radio": "GSM", "range_m": "1000", "samples": "2"}}, {"type": "Feature", "geometry": {"type": "Point", "coordinates": [30.0791, -1.9629]}, "properties": {"radio": "GSM", "range_m": "1000", "samples": "3"}}, {"type": "Feature", "geometry": {"type": "Point", "coordinates": [30.0616, -1.9383]}, "properties": {"radio": "GSM", "range_m": "1705", "samples": "5"}}, {"type": "Feature", "geometry": {"type": "Point", "coordinates": [30.0665, -1.9276]}, "properties": {"radio": "GSM", "range_m": "1108", "samples": "3"}}, {"type": "Feature", "geometry": {"type": "Point", "coordinates": [30.0696, -1.9237]}, "properties": {"radio": "GSM", "range_m": "1000", "samples": "2"}}, {"type": "Feature", "geometry": {"type": "Point", "coordinates": [30.0696, -1.9237]}, "properties": {"radio": "GSM", "range_m": "1000", "samples": "2"}}, {"type": "Feature", "geometry": {"type": "Point", "coordinates": [30.0695, -1.9236]}, "properties": {"radio": "GSM", "range_m": "1000", "samples": "1"}}, {"type": "Feature", "geometry": {"type": "Point", "coordinates": [30.0658, -1.9316]}, "properties": {"radio": "GSM", "range_m": "1005", "samples": "2"}}, {"type": "Feature", "geometry": {"type": "Point", "coordinates": [30.0786, -1.9637]}, "properties": {"radio": "GSM", "range_m": "1000", "samples": "1"}}, {"type": "Feature", "geometry": {"type": "Point", "coordinates": [30.1165, -1.9599]}, "properties": {"radio": "GSM", "range_m": "1000", "samples": "1"}}, {"type": "Feature", "geometry": {"type": "Point", "coordinates": [30.5699, -2.2792]}, "properties": {"radio": "GSM", "range_m": "2243", "samples": "3"}}, {"type": "Feature", "geometry": {"type": "Point", "coordinates": [30.5499, -2.2767]}, "properties": {"radio": "GSM", "range_m": "1000", "samples": "1"}}, {"type": "Feature", "geometry": {"type": "Point", "coordinates": [30.3709, -1.9508]}, "properties": {"radio": "GSM", "range_m": "1000", "samples": "1"}}, {"type": "Feature", "geometry": {"type": "Point", "coordinates": [30.2589, -1.9452]}, "properties": {"radio": "GSM", "range_m": "2561", "samples": "7"}}, {"type": "Feature", "geometry": {"type": "Point", "coordinates": [30.1051, -1.9646]}, "properties": {"radio": "GSM", "range_m": "1000", "samples": "1"}}, {"type": "Feature", "geometry": {"type": "Point", "coordinates": [30.0192, -1.9466]}, "properties": {"radio": "GSM", "range_m": "4097", "samples": "4"}}, {"type": "Feature", "geometry": {"type": "Point", "coordinates": [30.0252, -1.948]}, "properties": {"radio": "GSM", "range_m": "1000", "samples": "2"}}, {"type": "Feature", "geometry": {"type": "Point", "coordinates": [30.0024, -1.9424]}, "properties": {"radio": "GSM", "range_m": "1000", "samples": "1"}}, {"type": "Feature", "geometry": {"type": "Point", "coordinates": [30.414, -1.7926]}, "properties": {"radio": "GSM", "range_m": "1000", "samples": "1"}}, {"type": "Feature", "geometry": {"type": "Point", "coordinates": [30.064, -1.9367]}, "properties": {"radio": "GSM", "range_m": "1000", "samples": "1"}}, {"type": "Feature", "geometry": {"type": "Point", "coordinates": [30.0933, -1.9652]}, "properties": {"radio": "GSM", "range_m": "1337", "samples": "2"}}, {"type": "Feature", "geometry": {"type": "Point", "coordinates": [30.194, -1.9877]}, "properties": {"radio": "GSM", "range_m": "1000", "samples": "1"}}, {"type": "Feature", "geometry": {"type": "Point", "coordinates": [30.1859, -1.9899]}, "properties": {"radio": "GSM", "range_m": "3242", "samples": "7"}}, {"type": "Feature", "geometry": {"type": "Point", "coordinates": [30.1822, -1.984]}, "properties": {"radio": "GSM", "range_m": "2943", "samples": "13"}}, {"type": "Feature", "geometry": {"type": "Point", "coordinates": [30.1874, -1.9912]}, "properties": {"radio": "GSM", "range_m": "1120", "samples": "10"}}, {"type": "Feature", "geometry": {"type": "Point", "coordinates": [30.195, -1.9873]}, "properties": {"radio": "GSM", "range_m": "2171", "samples": "6"}}, {"type": "Feature", "geometry": {"type": "Point", "coordinates": [30.1628, -1.9512]}, "properties": {"radio": "GSM", "range_m": "5555", "samples": "7"}}, {"type": "Feature", "geometry": {"type": "Point", "coordinates": [30.1778, -1.9829]}, "properties": {"radio": "GSM", "range_m": "1741", "samples": "3"}}, {"type": "Feature", "geometry": {"type": "Point", "coordinates": [30.2763, -1.9288]}, "properties": {"radio": "GSM", "range_m": "1000", "samples": "1"}}, {"type": "Feature", "geometry": {"type": "Point", "coordinates": [30.2359, -1.957]}, "properties": {"radio": "GSM", "range_m": "1000", "samples": "1"}}, {"type": "Feature", "geometry": {"type": "Point", "coordinates": [29.771, -2.0772]}, "properties": {"radio": "GSM", "range_m": "1000", "samples": "1"}}, {"type": "Feature", "geometry": {"type": "Point", "coordinates": [30.0722, -1.9463]}, "properties": {"radio": "GSM", "range_m": "1000", "samples": "3"}}, {"type": "Feature", "geometry": {"type": "Point", "coordinates": [30.0724, -1.9444]}, "properties": {"radio": "GSM", "range_m": "1000", "samples": "1"}}, {"type": "Feature", "geometry": {"type": "Point", "coordinates": [30.0506, -1.909]}, "properties": {"radio": "GSM", "range_m": "1211", "samples": "3"}}, {"type": "Feature", "geometry": {"type": "Point", "coordinates": [30.2762, -1.9354]}, "properties": {"radio": "GSM", "range_m": "1000", "samples": "1"}}, {"type": "Feature", "geometry": {"type": "Point", "coordinates": [30.084, -1.9756]}, "properties": {"radio": "GSM", "range_m": "1000", "samples": "18"}}, {"type": "Feature", "geometry": {"type": "Point", "coordinates": [30.0838, -1.9768]}, "properties": {"radio": "GSM", "range_m": "1000", "samples": "22"}}, {"type": "Feature", "geometry": {"type": "Point", "coordinates": [30.0715, -1.9518]}, "properties": {"radio": "GSM", "range_m": "2783", "samples": "2"}}, {"type": "Feature", "geometry": {"type": "Point", "coordinates": [30.0593, -1.897]}, "properties": {"radio": "GSM", "range_m": "1000", "samples": "1"}}, {"type": "Feature", "geometry": {"type": "Point", "coordinates": [30.236, -1.9571]}, "properties": {"radio": "GSM", "range_m": "1000", "samples": "1"}}, {"type": "Feature", "geometry": {"type": "Point", "coordinates": [30.1026, -1.9854]}, "properties": {"radio": "GSM", "range_m": "1000", "samples": "1"}}, {"type": "Feature", "geometry": {"type": "Point", "coordinates": [30.1503, -1.958]}, "properties": {"radio": "GSM", "range_m": "1000", "samples": "1"}}, {"type": "Feature", "geometry": {"type": "Point", "coordinates": [30.1503, -1.958]}, "properties": {"radio": "GSM", "range_m": "1000", "samples": "1"}}, {"type": "Feature", "geometry": {"type": "Point", "coordinates": [30.1503, -1.958]}, "properties": {"radio": "GSM", "range_m": "1000", "samples": "1"}}, {"type": "Feature", "geometry": {"type": "Point", "coordinates": [30.2698, -1.9101]}, "properties": {"radio": "GSM", "range_m": "1000", "samples": "1"}}, {"type": "Feature", "geometry": {"type": "Point", "coordinates": [30.3674, -1.9513]}, "properties": {"radio": "GSM", "range_m": "1000", "samples": "1"}}, {"type": "Feature", "geometry": {"type": "Point", "coordinates": [30.328, -1.9393]}, "properties": {"radio": "GSM", "range_m": "1000", "samples": "1"}}, {"type": "Feature", "geometry": {"type": "Point", "coordinates": [30.2721, -1.8992]}, "properties": {"radio": "GSM", "range_m": "1000", "samples": "1"}}, {"type": "Feature", "geometry": {"type": "Point", "coordinates": [30.2383, -1.9555]}, "properties": {"radio": "GSM", "range_m": "1000", "samples": "1"}}, {"type": "Feature", "geometry": {"type": "Point", "coordinates": [30.2285, -1.9583]}, "properties": {"radio": "GSM", "range_m": "1134", "samples": "6"}}, {"type": "Feature", "geometry": {"type": "Point", "coordinates": [30.0867, -1.9733]}, "properties": {"radio": "GSM", "range_m": "1000", "samples": "1"}}, {"type": "Feature", "geometry": {"type": "Point", "coordinates": [30.0838, -1.9788]}, "properties": {"radio": "GSM", "range_m": "1000", "samples": "1"}}, {"type": "Feature", "geometry": {"type": "Point", "coordinates": [30.0833, -1.9774]}, "properties": {"radio": "GSM", "range_m": "1000", "samples": "1"}}, {"type": "Feature", "geometry": {"type": "Point", "coordinates": [30.1241, -1.9625]}, "properties": {"radio": "GSM", "range_m": "1000", "samples": "1"}}, {"type": "Feature", "geometry": {"type": "Point", "coordinates": [30.1241, -1.9625]}, "properties": {"radio": "GSM", "range_m": "1000", "samples": "1"}}, {"type": "Feature", "geometry": {"type": "Point", "coordinates": [30.5728, -2.1431]}, "properties": {"radio": "GSM", "range_m": "1000", "samples": "2"}}, {"type": "Feature", "geometry": {"type": "Point", "coordinates": [30.1539, -1.9386]}, "properties": {"radio": "GSM", "range_m": "1000", "samples": "1"}}, {"type": "Feature", "geometry": {"type": "Point", "coordinates": [30.172, -1.9776]}, "properties": {"radio": "GSM", "range_m": "1000", "samples": "2"}}, {"type": "Feature", "geometry": {"type": "Point", "coordinates": [30.1818, -1.9874]}, "properties": {"radio": "GSM", "range_m": "2158", "samples": "3"}}, {"type": "Feature", "geometry": {"type": "Point", "coordinates": [30.1588, -1.9608]}, "properties": {"radio": "GSM", "range_m": "1621", "samples": "4"}}, {"type": "Feature", "geometry": {"type": "Point", "coordinates": [30.151, -1.9776]}, "properties": {"radio": "GSM", "range_m": "1000", "samples": "3"}}, {"type": "Feature", "geometry": {"type": "Point", "coordinates": [30.1301, -1.9744]}, "properties": {"radio": "GSM", "range_m": "1000", "samples": "2"}}, {"type": "Feature", "geometry": {"type": "Point", "coordinates": [30.1145, -1.9694]}, "properties": {"radio": "GSM", "range_m": "1299", "samples": "2"}}, {"type": "Feature", "geometry": {"type": "Point", "coordinates": [30.1261, -1.9708]}, "properties": {"radio": "GSM", "range_m": "1000", "samples": "1"}}, {"type": "Feature", "geometry": {"type": "Point", "coordinates": [30.0729, -1.8853]}, "properties": {"radio": "GSM", "range_m": "1000", "samples": "1"}}, {"type": "Feature", "geometry": {"type": "Point", "coordinates": [30.0808, -1.8828]}, "properties": {"radio": "GSM", "range_m": "1000", "samples": "2"}}, {"type": "Feature", "geometry": {"type": "Point", "coordinates": [30.0843, -1.969]}, "properties": {"radio": "GSM", "range_m": "1000", "samples": "1"}}, {"type": "Feature", "geometry": {"type": "Point", "coordinates": [30.0672, -1.5572]}, "properties": {"radio": "GSM", "range_m": "1000", "samples": "1"}}, {"type": "Feature", "geometry": {"type": "Point", "coordinates": [30.0379, -1.9426]}, "properties": {"radio": "GSM", "range_m": "2409", "samples": "6"}}, {"type": "Feature", "geometry": {"type": "Point", "coordinates": [29.8009, -2.0539]}, "properties": {"radio": "GSM", "range_m": "1000", "samples": "1"}}, {"type": "Feature", "geometry": {"type": "Point", "coordinates": [30.0377, -1.9434]}, "properties": {"radio": "GSM", "range_m": "1000", "samples": "1"}}, {"type": "Feature", "geometry": {"type": "Point", "coordinates": [30.0487, -1.9415]}, "properties": {"radio": "GSM", "range_m": "1248", "samples": "2"}}, {"type": "Feature", "geometry": {"type": "Point", "coordinates": [30.1412, -1.9547]}, "properties": {"radio": "GSM", "range_m": "1000", "samples": "1"}}, {"type": "Feature", "geometry": {"type": "Point", "coordinates": [30.412, -1.2204]}, "properties": {"radio": "GSM", "range_m": "1000", "samples": "1"}}, {"type": "Feature", "geometry": {"type": "Point", "coordinates": [30.4587, -1.0507]}, "properties": {"radio": "GSM", "range_m": "1000", "samples": "1"}}, {"type": "Feature", "geometry": {"type": "Point", "coordinates": [30.1687, -1.9688]}, "properties": {"radio": "GSM", "range_m": "1000", "samples": "1"}}, {"type": "Feature", "geometry": {"type": "Point", "coordinates": [30.0421, -1.9425]}, "properties": {"radio": "GSM", "range_m": "1000", "samples": "1"}}, {"type": "Feature", "geometry": {"type": "Point", "coordinates": [29.7763, -2.0756]}, "properties": {"radio": "GSM", "range_m": "1000", "samples": "5"}}, {"type": "Feature", "geometry": {"type": "Point", "coordinates": [29.7777, -2.0751]}, "properties": {"radio": "GSM", "range_m": "1000", "samples": "2"}}, {"type": "Feature", "geometry": {"type": "Point", "coordinates": [29.2754, -1.6725]}, "properties": {"radio": "GSM", "range_m": "1000", "samples": "1"}}, {"type": "Feature", "geometry": {"type": "Point", "coordinates": [29.2664, -1.7162]}, "properties": {"radio": "GSM", "range_m": "1000", "samples": "1"}}, {"type": "Feature", "geometry": {"type": "Point", "coordinates": [30.0493, -1.5999]}, "properties": {"radio": "GSM", "range_m": "1000", "samples": "3"}}, {"type": "Feature", "geometry": {"type": "Point", "coordinates": [30.0516, -1.5957]}, "properties": {"radio": "GSM", "range_m": "1205", "samples": "3"}}, {"type": "Feature", "geometry": {"type": "Point", "coordinates": [30.5799, -2.2805]}, "properties": {"radio": "GSM", "range_m": "1000", "samples": "2"}}, {"type": "Feature", "geometry": {"type": "Point", "coordinates": [30.58, -2.2805]}, "properties": {"radio": "GSM", "range_m": "1000", "samples": "2"}}, {"type": "Feature", "geometry": {"type": "Point", "coordinates": [30.4704, -2.1727]}, "properties": {"radio": "GSM", "range_m": "1000", "samples": "1"}}, {"type": "Feature", "geometry": {"type": "Point", "coordinates": [30.4704, -2.1727]}, "properties": {"radio": "GSM", "range_m": "1000", "samples": "1"}}, {"type": "Feature", "geometry": {"type": "Point", "coordinates": [30.4704, -2.1727]}, "properties": {"radio": "GSM", "range_m": "1000", "samples": "1"}}, {"type": "Feature", "geometry": {"type": "Point", "coordinates": [29.7325, -2.1108]}, "properties": {"radio": "GSM", "range_m": "1000", "samples": "1"}}, {"type": "Feature", "geometry": {"type": "Point", "coordinates": [29.7331, -2.1128]}, "properties": {"radio": "GSM", "range_m": "1000", "samples": "1"}}, {"type": "Feature", "geometry": {"type": "Point", "coordinates": [29.981, -1.9798]}, "properties": {"radio": "GSM", "range_m": "1000", "samples": "1"}}, {"type": "Feature", "geometry": {"type": "Point", "coordinates": [30.2322, -1.9602]}, "properties": {"radio": "GSM", "range_m": "1000", "samples": "1"}}, {"type": "Feature", "geometry": {"type": "Point", "coordinates": [30.3925, -1.4312]}, "properties": {"radio": "GSM", "range_m": "1000", "samples": "1"}}, {"type": "Feature", "geometry": {"type": "Point", "coordinates": [30.365, -1.3369]}, "properties": {"radio": "GSM", "range_m": "1000", "samples": "1"}}, {"type": "Feature", "geometry": {"type": "Point", "coordinates": [30.5971, -2.2763]}, "properties": {"radio": "UMTS", "range_m": "1763", "samples": "2"}}, {"type": "Feature", "geometry": {"type": "Point", "coordinates": [30.5721, -2.2844]}, "properties": {"radio": "UMTS", "range_m": "1000", "samples": "2"}}, {"type": "Feature", "geometry": {"type": "Point", "coordinates": [30.5613, -2.2803]}, "properties": {"radio": "UMTS", "range_m": "1000", "samples": "2"}}, {"type": "Feature", "geometry": {"type": "Point", "coordinates": [30.5548, -2.2782]}, "properties": {"radio": "UMTS", "range_m": "1000", "samples": "2"}}, {"type": "Feature", "geometry": {"type": "Point", "coordinates": [30.5494, -2.2666]}, "properties": {"radio": "UMTS", "range_m": "1000", "samples": "2"}}, {"type": "Feature", "geometry": {"type": "Point", "coordinates": [30.5513, -2.2534]}, "properties": {"radio": "UMTS", "range_m": "1474", "samples": "2"}}, {"type": "Feature", "geometry": {"type": "Point", "coordinates": [30.5601, -2.2101]}, "properties": {"radio": "UMTS", "range_m": "1316", "samples": "2"}}, {"type": "Feature", "geometry": {"type": "Point", "coordinates": [30.5623, -2.1942]}, "properties": {"radio": "UMTS", "range_m": "1000", "samples": "2"}}, {"type": "Feature", "geometry": {"type": "Point", "coordinates": [30.5679, -2.1832]}, "properties": {"radio": "UMTS", "range_m": "1200", "samples": "2"}}, {"type": "Feature", "geometry": {"type": "Point", "coordinates": [30.5716, -2.178]}, "properties": {"radio": "UMTS", "range_m": "1000", "samples": "2"}}, {"type": "Feature", "geometry": {"type": "Point", "coordinates": [30.5771, -2.1617]}, "properties": {"radio": "UMTS", "range_m": "1258", "samples": "2"}}, {"type": "Feature", "geometry": {"type": "Point", "coordinates": [30.5749, -2.1651]}, "properties": {"radio": "UMTS", "range_m": "1000", "samples": "2"}}, {"type": "Feature", "geometry": {"type": "Point", "coordinates": [30.5806, -2.1537]}, "properties": {"radio": "UMTS", "range_m": "1000", "samples": "1"}}, {"type": "Feature", "geometry": {"type": "Point", "coordinates": [30.5789, -2.1505]}, "properties": {"radio": "UMTS", "range_m": "1000", "samples": "1"}}, {"type": "Feature", "geometry": {"type": "Point", "coordinates": [30.5775, -2.147]}, "properties": {"radio": "UMTS", "range_m": "1000", "samples": "2"}}, {"type": "Feature", "geometry": {"type": "Point", "coordinates": [30.5694, -2.1464]}, "properties": {"radio": "UMTS", "range_m": "1000", "samples": "2"}}, {"type": "Feature", "geometry": {"type": "Point", "coordinates": [30.5629, -2.1436]}, "properties": {"radio": "UMTS", "range_m": "1000", "samples": "2"}}, {"type": "Feature", "geometry": {"type": "Point", "coordinates": [30.5587, -2.1379]}, "properties": {"radio": "UMTS", "range_m": "1000", "samples": "2"}}, {"type": "Feature", "geometry": {"type": "Point", "coordinates": [30.5542, -2.1338]}, "properties": {"radio": "UMTS", "range_m": "1000", "samples": "2"}}, {"type": "Feature", "geometry": {"type": "Point", "coordinates": [30.5482, -2.1277]}, "properties": {"radio": "UMTS", "range_m": "1000", "samples": "2"}}, {"type": "Feature", "geometry": {"type": "Point", "coordinates": [30.5499, -2.1256]}, "properties": {"radio": "UMTS", "range_m": "1000", "samples": "2"}}, {"type": "Feature", "geometry": {"type": "Point", "coordinates": [30.5491, -2.1196]}, "properties": {"radio": "UMTS", "range_m": "1000", "samples": "2"}}, {"type": "Feature", "geometry": {"type": "Point", "coordinates": [30.5514, -2.1118]}, "properties": {"radio": "UMTS", "range_m": "1000", "samples": "2"}}, {"type": "Feature", "geometry": {"type": "Point", "coordinates": [30.5544, -2.1014]}, "properties": {"radio": "UMTS", "range_m": "1000", "samples": "1"}}, {"type": "Feature", "geometry": {"type": "Point", "coordinates": [30.5553, -2.0971]}, "properties": {"radio": "UMTS", "range_m": "1000", "samples": "1"}}, {"type": "Feature", "geometry": {"type": "Point", "coordinates": [30.5557, -2.0954]}, "properties": {"radio": "UMTS", "range_m": "1012", "samples": "2"}}, {"type": "Feature", "geometry": {"type": "Point", "coordinates": [30.5572, -2.0846]}, "properties": {"radio": "UMTS", "range_m": "1000", "samples": "2"}}, {"type": "Feature", "geometry": {"type": "Point", "coordinates": [30.5582, -2.08]}, "properties": {"radio": "UMTS", "range_m": "1000", "samples": "2"}}, {"type": "Feature", "geometry": {"type": "Point", "coordinates": [30.5615, -2.0567]}, "properties": {"radio": "UMTS", "range_m": "2193", "samples": "2"}}, {"type": "Feature", "geometry": {"type": "Point", "coordinates": [30.5633, -2.0283]}, "properties": {"radio": "UMTS", "range_m": "1000", "samples": "2"}}, {"type": "Feature", "geometry": {"type": "Point", "coordinates": [30.5607, -2.054]}, "properties": {"radio": "UMTS", "range_m": "2810", "samples": "2"}}, {"type": "Feature", "geometry": {"type": "Point", "coordinates": [30.5618, -2.0258]}, "properties": {"radio": "UMTS", "range_m": "1000", "samples": "1"}}, {"type": "Feature", "geometry": {"type": "Point", "coordinates": [30.5624, -2.0231]}, "properties": {"radio": "UMTS", "range_m": "1000", "samples": "2"}}, {"type": "Feature", "geometry": {"type": "Point", "coordinates": [30.5587, -2.0141]}, "properties": {"radio": "UMTS", "range_m": "1000", "samples": "1"}}, {"type": "Feature", "geometry": {"type": "Point", "coordinates": [30.5587, -2.0081]}, "properties": {"radio": "UMTS", "range_m": "1000", "samples": "2"}}, {"type": "Feature", "geometry": {"type": "Point", "coordinates": [30.5581, -2.0031]}, "properties": {"radio": "UMTS", "range_m": "1000", "samples": "1"}}, {"type": "Feature", "geometry": {"type": "Point", "coordinates": [30.5581, -1.9969]}, "properties": {"radio": "UMTS", "range_m": "1000", "samples": "2"}}, {"type": "Feature", "geometry": {"type": "Point", "coordinates": [30.5574, -1.99]}, "properties": {"radio": "UMTS", "range_m": "1000", "samples": "2"}}, {"type": "Feature", "geometry": {"type": "Point", "coordinates": [30.5376, -1.9627]}, "properties": {"radio": "UMTS", "range_m": "1026", "samples": "2"}}, {"type": "Feature", "geometry": {"type": "Point", "coordinates": [30.5474, -1.974]}, "properties": {"radio": "UMTS", "range_m": "1650", "samples": "2"}}, {"type": "Feature", "geometry": {"type": "Point", "coordinates": [30.5331, -1.9607]}, "properties": {"radio": "UMTS", "range_m": "1000", "samples": "2"}}, {"type": "Feature", "geometry": {"type": "Point", "coordinates": [30.5212, -1.9536]}, "properties": {"radio": "UMTS", "range_m": "1000", "samples": "2"}}, {"type": "Feature", "geometry": {"type": "Point", "coordinates": [30.5165, -1.9449]}, "properties": {"radio": "UMTS", "range_m": "1000", "samples": "2"}}, {"type": "Feature", "geometry": {"type": "Point", "coordinates": [30.513, -1.9413]}, "properties": {"radio": "UMTS", "range_m": "1000", "samples": "1"}}, {"type": "Feature", "geometry": {"type": "Point", "coordinates": [30.5086, -1.9363]}, "properties": {"radio": "UMTS", "range_m": "1148", "samples": "2"}}, {"type": "Feature", "geometry": {"type": "Point", "coordinates": [30.4936, -1.9187]}, "properties": {"radio": "UMTS", "range_m": "1000", "samples": "1"}}, {"type": "Feature", "geometry": {"type": "Point", "coordinates": [30.4967, -1.9207]}, "properties": {"radio": "UMTS", "range_m": "1000", "samples": "2"}}, {"type": "Feature", "geometry": {"type": "Point", "coordinates": [30.4988, -1.9124]}, "properties": {"radio": "UMTS", "range_m": "1000", "samples": "2"}}, {"type": "Feature", "geometry": {"type": "Point", "coordinates": [30.5057, -1.9058]}, "properties": {"radio": "UMTS", "range_m": "1000", "samples": "2"}}, {"type": "Feature", "geometry": {"type": "Point", "coordinates": [30.5023, -1.9014]}, "properties": {"radio": "UMTS", "range_m": "1000", "samples": "2"}}, {"type": "Feature", "geometry": {"type": "Point", "coordinates": [30.4927, -1.9012]}, "properties": {"radio": "UMTS", "range_m": "1000", "samples": "1"}}, {"type": "Feature", "geometry": {"type": "Point", "coordinates": [30.4809, -1.8983]}, "properties": {"radio": "UMTS", "range_m": "1000", "samples": "2"}}, {"type": "Feature", "geometry": {"type": "Point", "coordinates": [30.4865, -1.8993]}, "properties": {"radio": "UMTS", "range_m": "1000", "samples": "1"}}, {"type": "Feature", "geometry": {"type": "Point", "coordinates": [30.4784, -1.8977]}, "properties": {"radio": "UMTS", "range_m": "1000", "samples": "1"}}, {"type": "Feature", "geometry": {"type": "Point", "coordinates": [30.4752, -1.8963]}, "properties": {"radio": "UMTS", "range_m": "1000", "samples": "1"}}, {"type": "Feature", "geometry": {"type": "Point", "coordinates": [30.4631, -1.8919]}, "properties": {"radio": "UMTS", "range_m": "1000", "samples": "2"}}, {"type": "Feature", "geometry": {"type": "Point", "coordinates": [30.452, -1.8901]}, "properties": {"radio": "UMTS", "range_m": "1000", "samples": "2"}}, {"type": "Feature", "geometry": {"type": "Point", "coordinates": [30.446, -1.8957]}, "properties": {"radio": "UMTS", "range_m": "1000", "samples": "2"}}, {"type": "Feature", "geometry": {"type": "Point", "coordinates": [30.4422, -1.9049]}, "properties": {"radio": "UMTS", "range_m": "1000", "samples": "1"}}, {"type": "Feature", "geometry": {"type": "Point", "coordinates": [30.4422, -1.9066]}, "properties": {"radio": "UMTS", "range_m": "1000", "samples": "2"}}, {"type": "Feature", "geometry": {"type": "Point", "coordinates": [30.4443, -1.9193]}, "properties": {"radio": "UMTS", "range_m": "1000", "samples": "2"}}, {"type": "Feature", "geometry": {"type": "Point", "coordinates": [30.4484, -1.9266]}, "properties": {"radio": "UMTS", "range_m": "1000", "samples": "1"}}, {"type": "Feature", "geometry": {"type": "Point", "coordinates": [30.45, -1.93]}, "properties": {"radio": "UMTS", "range_m": "1000", "samples": "1"}}, {"type": "Feature", "geometry": {"type": "Point", "coordinates": [30.4518, -1.9329]}, "properties": {"radio": "UMTS", "range_m": "1000", "samples": "1"}}, {"type": "Feature", "geometry": {"type": "Point", "coordinates": [30.4518, -1.9332]}, "properties": {"radio": "UMTS", "range_m": "1000", "samples": "2"}}, {"type": "Feature", "geometry": {"type": "Point", "coordinates": [30.4529, -1.9406]}, "properties": {"radio": "UMTS", "range_m": "1000", "samples": "2"}}, {"type": "Feature", "geometry": {"type": "Point", "coordinates": [30.4496, -1.9457]}, "properties": {"radio": "UMTS", "range_m": "1000", "samples": "2"}}, {"type": "Feature", "geometry": {"type": "Point", "coordinates": [30.4432, -1.9472]}, "properties": {"radio": "UMTS", "range_m": "1000", "samples": "2"}}, {"type": "Feature", "geometry": {"type": "Point", "coordinates": [30.4324, -1.9413]}, "properties": {"radio": "UMTS", "range_m": "1000", "samples": "1"}}, {"type": "Feature", "geometry": {"type": "Point", "coordinates": [30.4278, -1.9434]}, "properties": {"radio": "UMTS", "range_m": "1000", "samples": "1"}}, {"type": "Feature", "geometry": {"type": "Point", "coordinates": [30.4232, -1.9454]}, "properties": {"radio": "UMTS", "range_m": "1000", "samples": "2"}}, {"type": "Feature", "geometry": {"type": "Point", "coordinates": [30.4168, -1.9449]}, "properties": {"radio": "UMTS", "range_m": "1000", "samples": "2"}}, {"type": "Feature", "geometry": {"type": "Point", "coordinates": [30.4196, -1.9432]}, "properties": {"radio": "UMTS", "range_m": "1000", "samples": "1"}}, {"type": "Feature", "geometry": {"type": "Point", "coordinates": [30.4177, -1.941]}, "properties": {"radio": "UMTS", "range_m": "1000", "samples": "2"}}, {"type": "Feature", "geometry": {"type": "Point", "coordinates": [30.4053, -1.9428]}, "properties": {"radio": "UMTS", "range_m": "1000", "samples": "2"}}, {"type": "Feature", "geometry": {"type": "Point", "coordinates": [30.3926, -1.9466]}, "properties": {"radio": "UMTS", "range_m": "1109", "samples": "2"}}, {"type": "Feature", "geometry": {"type": "Point", "coordinates": [30.3958, -1.9463]}, "properties": {"radio": "UMTS", "range_m": "1154", "samples": "2"}}, {"type": "Feature", "geometry": {"type": "Point", "coordinates": [30.3571, -1.9524]}, "properties": {"radio": "UMTS", "range_m": "1606", "samples": "2"}}, {"type": "Feature", "geometry": {"type": "Point", "coordinates": [30.3722, -1.9506]}, "properties": {"radio": "UMTS", "range_m": "1000", "samples": "1"}}, {"type": "Feature", "geometry": {"type": "Point", "coordinates": [30.3564, -1.9594]}, "properties": {"radio": "UMTS", "range_m": "1000", "samples": "2"}}, {"type": "Feature", "geometry": {"type": "Point", "coordinates": [30.3443, -1.9567]}, "properties": {"radio": "UMTS", "range_m": "1000", "samples": "1"}}, {"type": "Feature", "geometry": {"type": "Point", "coordinates": [30.3333, -1.9446]}, "properties": {"radio": "UMTS", "range_m": "1000", "samples": "2"}}, {"type": "Feature", "geometry": {"type": "Point", "coordinates": [30.3246, -1.9339]}, "properties": {"radio": "UMTS", "range_m": "1000", "samples": "2"}}, {"type": "Feature", "geometry": {"type": "Point", "coordinates": [30.3117, -1.9124]}, "properties": {"radio": "UMTS", "range_m": "1401", "samples": "2"}}, {"type": "Feature", "geometry": {"type": "Point", "coordinates": [30.3187, -1.9241]}, "properties": {"radio": "UMTS", "range_m": "1000", "samples": "2"}}, {"type": "Feature", "geometry": {"type": "Point", "coordinates": [30.2708, -1.9117]}, "properties": {"radio": "UMTS", "range_m": "1000", "samples": "2"}}, {"type": "Feature", "geometry": {"type": "Point", "coordinates": [30.2909, -1.8925]}, "properties": {"radio": "UMTS", "range_m": "1000", "samples": "2"}}, {"type": "Feature", "geometry": {"type": "Point", "coordinates": [30.292, -1.8924]}, "properties": {"radio": "UMTS", "range_m": "1000", "samples": "1"}}, {"type": "Feature", "geometry": {"type": "Point", "coordinates": [30.2836, -1.8933]}, "properties": {"radio": "UMTS", "range_m": "1000", "samples": "2"}}, {"type": "Feature", "geometry": {"type": "Point", "coordinates": [30.2789, -1.8939]}, "properties": {"radio": "UMTS", "range_m": "1000", "samples": "1"}}, {"type": "Feature", "geometry": {"type": "Point", "coordinates": [30.2768, -1.895]}, "properties": {"radio": "UMTS", "range_m": "1000", "samples": "1"}}, {"type": "Feature", "geometry": {"type": "Point", "coordinates": [30.2732, -1.8987]}, "properties": {"radio": "UMTS", "range_m": "1000", "samples": "2"}}, {"type": "Feature", "geometry": {"type": "Point", "coordinates": [30.2754, -1.9259]}, "properties": {"radio": "UMTS", "range_m": "1000", "samples": "1"}}, {"type": "Feature", "geometry": {"type": "Point", "coordinates": [30.2721, -1.9146]}, "properties": {"radio": "UMTS", "range_m": "1000", "samples": "1"}}, {"type": "Feature", "geometry": {"type": "Point", "coordinates": [30.275, -1.9246]}, "properties": {"radio": "UMTS", "range_m": "1000", "samples": "2"}}, {"type": "Feature", "geometry": {"type": "Point", "coordinates": [30.2743, -1.9229]}, "properties": {"radio": "UMTS", "range_m": "1000", "samples": "1"}}, {"type": "Feature", "geometry": {"type": "Point", "coordinates": [30.2733, -1.9373]}, "properties": {"radio": "UMTS", "range_m": "1000", "samples": "2"}}, {"type": "Feature", "geometry": {"type": "Point", "coordinates": [30.2663, -1.9484]}, "properties": {"radio": "UMTS", "range_m": "1000", "samples": "1"}}, {"type": "Feature", "geometry": {"type": "Point", "coordinates": [30.2551, -1.951]}, "properties": {"radio": "UMTS", "range_m": "1211", "samples": "2"}}, {"type": "Feature", "geometry": {"type": "Point", "coordinates": [30.2646, -1.9508]}, "properties": {"radio": "UMTS", "range_m": "1000", "samples": "1"}}, {"type": "Feature", "geometry": {"type": "Point", "coordinates": [30.2619, -1.9515]}, "properties": {"radio": "UMTS", "range_m": "1000", "samples": "1"}}, {"type": "Feature", "geometry": {"type": "Point", "coordinates": [30.2418, -1.9529]}, "properties": {"radio": "UMTS", "range_m": "1000", "samples": "1"}}, {"type": "Feature", "geometry": {"type": "Point", "coordinates": [30.2366, -1.9573]}, "properties": {"radio": "UMTS", "range_m": "1000", "samples": "2"}}, {"type": "Feature", "geometry": {"type": "Point", "coordinates": [30.2378, -1.9559]}, "properties": {"radio": "UMTS", "range_m": "1000", "samples": "2"}}, {"type": "Feature", "geometry": {"type": "Point", "coordinates": [30.2329, -1.9594]}, "properties": {"radio": "UMTS", "range_m": "1000", "samples": "1"}}, {"type": "Feature", "geometry": {"type": "Point", "coordinates": [30.2302, -1.9649]}, "properties": {"radio": "UMTS", "range_m": "1000", "samples": "2"}}, {"type": "Feature", "geometry": {"type": "Point", "coordinates": [30.228, -1.9749]}, "properties": {"radio": "UMTS", "range_m": "1000", "samples": "1"}}, {"type": "Feature", "geometry": {"type": "Point", "coordinates": [30.2287, -1.9704]}, "properties": {"radio": "UMTS", "range_m": "1000", "samples": "1"}}, {"type": "Feature", "geometry": {"type": "Point", "coordinates": [30.2264, -1.9784]}, "properties": {"radio": "UMTS", "range_m": "1000", "samples": "2"}}, {"type": "Feature", "geometry": {"type": "Point", "coordinates": [30.2229, -1.9797]}, "properties": {"radio": "UMTS", "range_m": "1000", "samples": "2"}}, {"type": "Feature", "geometry": {"type": "Point", "coordinates": [30.2153, -1.9817]}, "properties": {"radio": "UMTS", "range_m": "1000", "samples": "2"}}, {"type": "Feature", "geometry": {"type": "Point", "coordinates": [30.21, -1.9815]}, "properties": {"radio": "UMTS", "range_m": "1000", "samples": "1"}}, {"type": "Feature", "geometry": {"type": "Point", "coordinates": [30.2088, -1.9827]}, "properties": {"radio": "UMTS", "range_m": "1000", "samples": "2"}}, {"type": "Feature", "geometry": {"type": "Point", "coordinates": [30.2007, -1.9842]}, "properties": {"radio": "UMTS", "range_m": "1000", "samples": "2"}}, {"type": "Feature", "geometry": {"type": "Point", "coordinates": [30.1916, -1.9852]}, "properties": {"radio": "UMTS", "range_m": "1000", "samples": "2"}}, {"type": "Feature", "geometry": {"type": "Point", "coordinates": [30.1874, -1.9849]}, "properties": {"radio": "UMTS", "range_m": "1000", "samples": "1"}}, {"type": "Feature", "geometry": {"type": "Point", "coordinates": [30.185, -1.9828]}, "properties": {"radio": "UMTS", "range_m": "1000", "samples": "1"}}, {"type": "Feature", "geometry": {"type": "Point", "coordinates": [30.1829, -1.98]}, "properties": {"radio": "UMTS", "range_m": "1000", "samples": "1"}}, {"type": "Feature", "geometry": {"type": "Point", "coordinates": [30.1814, -1.9772]}, "properties": {"radio": "UMTS", "range_m": "1000", "samples": "1"}}, {"type": "Feature", "geometry": {"type": "Point", "coordinates": [30.181, -1.9775]}, "properties": {"radio": "UMTS", "range_m": "1000", "samples": "2"}}, {"type": "Feature", "geometry": {"type": "Point", "coordinates": [30.1756, -1.9717]}, "properties": {"radio": "UMTS", "range_m": "1000", "samples": "2"}}, {"type": "Feature", "geometry": {"type": "Point", "coordinates": [30.1704, -1.9689]}, "properties": {"radio": "UMTS", "range_m": "1000", "samples": "1"}}, {"type": "Feature", "geometry": {"type": "Point", "coordinates": [30.1619, -1.9625]}, "properties": {"radio": "UMTS", "range_m": "1000", "samples": "2"}}, {"type": "Feature", "geometry": {"type": "Point", "coordinates": [30.1565, -1.9607]}, "properties": {"radio": "UMTS", "range_m": "1000", "samples": "2"}}, {"type": "Feature", "geometry": {"type": "Point", "coordinates": [30.1516, -1.9586]}, "properties": {"radio": "UMTS", "range_m": "1000", "samples": "1"}}, {"type": "Feature", "geometry": {"type": "Point", "coordinates": [30.1515, -1.9585]}, "properties": {"radio": "UMTS", "range_m": "1000", "samples": "1"}}, {"type": "Feature", "geometry": {"type": "Point", "coordinates": [30.159, -1.9594]}, "properties": {"radio": "UMTS", "range_m": "1000", "samples": "1"}}, {"type": "Feature", "geometry": {"type": "Point", "coordinates": [30.1625, -1.9504]}, "properties": {"radio": "UMTS", "range_m": "1000", "samples": "2"}}, {"type": "Feature", "geometry": {"type": "Point", "coordinates": [30.1613, -1.945]}, "properties": {"radio": "UMTS", "range_m": "1000", "samples": "1"}}, {"type": "Feature", "geometry": {"type": "Point", "coordinates": [30.1653, -1.9561]}, "properties": {"radio": "UMTS", "range_m": "1432", "samples": "2"}}, {"type": "Feature", "geometry": {"type": "Point", "coordinates": [30.1617, -1.9403]}, "properties": {"radio": "UMTS", "range_m": "1000", "samples": "2"}}, {"type": "Feature", "geometry": {"type": "Point", "coordinates": [30.163, -1.9423]}, "properties": {"radio": "UMTS", "range_m": "1000", "samples": "2"}}, {"type": "Feature", "geometry": {"type": "Point", "coordinates": [30.0806, -1.8767]}, "properties": {"radio": "GSM", "range_m": "3901", "samples": "9"}}, {"type": "Feature", "geometry": {"type": "Point", "coordinates": [30.1639, -1.9451]}, "properties": {"radio": "UMTS", "range_m": "1000", "samples": "1"}}, {"type": "Feature", "geometry": {"type": "Point", "coordinates": [30.162, -1.9465]}, "properties": {"radio": "UMTS", "range_m": "1000", "samples": "1"}}, {"type": "Feature", "geometry": {"type": "Point", "coordinates": [30.1606, -1.9585]}, "properties": {"radio": "UMTS", "range_m": "1000", "samples": "1"}}, {"type": "Feature", "geometry": {"type": "Point", "coordinates": [30.1588, -1.9593]}, "properties": {"radio": "UMTS", "range_m": "1000", "samples": "1"}}, {"type": "Feature", "geometry": {"type": "Point", "coordinates": [30.1564, -1.9586]}, "properties": {"radio": "UMTS", "range_m": "1000", "samples": "1"}}, {"type": "Feature", "geometry": {"type": "Point", "coordinates": [30.1514, -1.9586]}, "properties": {"radio": "UMTS", "range_m": "1000", "samples": "1"}}, {"type": "Feature", "geometry": {"type": "Point", "coordinates": [30.1696, -1.9688]}, "properties": {"radio": "UMTS", "range_m": "1000", "samples": "1"}}, {"type": "Feature", "geometry": {"type": "Point", "coordinates": [30.1621, -1.9663]}, "properties": {"radio": "UMTS", "range_m": "1000", "samples": "1"}}, {"type": "Feature", "geometry": {"type": "Point", "coordinates": [30.1719, -1.9695]}, "properties": {"radio": "UMTS", "range_m": "1000", "samples": "1"}}, {"type": "Feature", "geometry": {"type": "Point", "coordinates": [30.1803, -1.9754]}, "properties": {"radio": "UMTS", "range_m": "1000", "samples": "1"}}, {"type": "Feature", "geometry": {"type": "Point", "coordinates": [30.1886, -1.9852]}, "properties": {"radio": "UMTS", "range_m": "1000", "samples": "1"}}, {"type": "Feature", "geometry": {"type": "Point", "coordinates": [30.2096, -1.9813]}, "properties": {"radio": "UMTS", "range_m": "1000", "samples": "1"}}, {"type": "Feature", "geometry": {"type": "Point", "coordinates": [30.2069, -1.982]}, "properties": {"radio": "UMTS", "range_m": "1000", "samples": "1"}}, {"type": "Feature", "geometry": {"type": "Point", "coordinates": [30.2208, -1.9797]}, "properties": {"radio": "UMTS", "range_m": "1000", "samples": "1"}}, {"type": "Feature", "geometry": {"type": "Point", "coordinates": [30.2288, -1.9701]}, "properties": {"radio": "UMTS", "range_m": "1000", "samples": "1"}}, {"type": "Feature", "geometry": {"type": "Point", "coordinates": [30.2362, -1.957]}, "properties": {"radio": "UMTS", "range_m": "1000", "samples": "1"}}, {"type": "Feature", "geometry": {"type": "Point", "coordinates": [30.2497, -1.9519]}, "properties": {"radio": "UMTS", "range_m": "1000", "samples": "1"}}, {"type": "Feature", "geometry": {"type": "Point", "coordinates": [30.2535, -1.9504]}, "properties": {"radio": "UMTS", "range_m": "1000", "samples": "1"}}, {"type": "Feature", "geometry": {"type": "Point", "coordinates": [30.2674, -1.9472]}, "properties": {"radio": "UMTS", "range_m": "1000", "samples": "1"}}, {"type": "Feature", "geometry": {"type": "Point", "coordinates": [30.2697, -1.9452]}, "properties": {"radio": "UMTS", "range_m": "1000", "samples": "1"}}, {"type": "Feature", "geometry": {"type": "Point", "coordinates": [30.2746, -1.9241]}, "properties": {"radio": "UMTS", "range_m": "1000", "samples": "1"}}, {"type": "Feature", "geometry": {"type": "Point", "coordinates": [30.272, -1.9144]}, "properties": {"radio": "UMTS", "range_m": "1000", "samples": "1"}}, {"type": "Feature", "geometry": {"type": "Point", "coordinates": [30.2702, -1.9047]}, "properties": {"radio": "UMTS", "range_m": "1000", "samples": "1"}}, {"type": "Feature", "geometry": {"type": "Point", "coordinates": [30.2706, -1.9013]}, "properties": {"radio": "UMTS", "range_m": "1000", "samples": "1"}}, {"type": "Feature", "geometry": {"type": "Point", "coordinates": [30.3411, -1.9525]}, "properties": {"radio": "UMTS", "range_m": "1000", "samples": "1"}}, {"type": "Feature", "geometry": {"type": "Point", "coordinates": [30.3429, -1.9544]}, "properties": {"radio": "UMTS", "range_m": "1000", "samples": "1"}}, {"type": "Feature", "geometry": {"type": "Point", "coordinates": [30.3496, -1.9617]}, "properties": {"radio": "UMTS", "range_m": "1000", "samples": "1"}}, {"type": "Feature", "geometry": {"type": "Point", "coordinates": [30.3527, -1.9612]}, "properties": {"radio": "UMTS", "range_m": "1000", "samples": "1"}}, {"type": "Feature", "geometry": {"type": "Point", "coordinates": [30.3889, -1.9491]}, "properties": {"radio": "UMTS", "range_m": "1000", "samples": "1"}}, {"type": "Feature", "geometry": {"type": "Point", "coordinates": [30.4272, -1.9521]}, "properties": {"radio": "UMTS", "range_m": "1000", "samples": "1"}}, {"type": "Feature", "geometry": {"type": "Point", "coordinates": [30.4326, -1.9515]}, "properties": {"radio": "UMTS", "range_m": "1000", "samples": "1"}}, {"type": "Feature", "geometry": {"type": "Point", "coordinates": [30.4337, -1.9511]}, "properties": {"radio": "UMTS", "range_m": "1000", "samples": "1"}}, {"type": "Feature", "geometry": {"type": "Point", "coordinates": [30.4357, -1.9504]}, "properties": {"radio": "UMTS", "range_m": "1000", "samples": "1"}}, {"type": "Feature", "geometry": {"type": "Point", "coordinates": [30.4406, -1.9496]}, "properties": {"radio": "UMTS", "range_m": "1000", "samples": "1"}}, {"type": "Feature", "geometry": {"type": "Point", "coordinates": [30.4486, -1.927]}, "properties": {"radio": "UMTS", "range_m": "1000", "samples": "1"}}, {"type": "Feature", "geometry": {"type": "Point", "coordinates": [30.4425, -1.8977]}, "properties": {"radio": "UMTS", "range_m": "1000", "samples": "1"}}, {"type": "Feature", "geometry": {"type": "Point", "coordinates": [30.4738, -1.8955]}, "properties": {"radio": "UMTS", "range_m": "1000", "samples": "1"}}, {"type": "Feature", "geometry": {"type": "Point", "coordinates": [30.4765, -1.8971]}, "properties": {"radio": "UMTS", "range_m": "1000", "samples": "1"}}, {"type": "Feature", "geometry": {"type": "Point", "coordinates": [30.4888, -1.9001]}, "properties": {"radio": "UMTS", "range_m": "1000", "samples": "1"}}, {"type": "Feature", "geometry": {"type": "Point", "coordinates": [30.5001, -1.9016]}, "properties": {"radio": "UMTS", "range_m": "1000", "samples": "1"}}, {"type": "Feature", "geometry": {"type": "Point", "coordinates": [30.5062, -1.902]}, "properties": {"radio": "UMTS", "range_m": "1000", "samples": "1"}}, {"type": "Feature", "geometry": {"type": "Point", "coordinates": [30.5041, -1.9331]}, "properties": {"radio": "UMTS", "range_m": "1000", "samples": "1"}}, {"type": "Feature", "geometry": {"type": "Point", "coordinates": [30.562, -2.0152]}, "properties": {"radio": "UMTS", "range_m": "1000", "samples": "1"}}, {"type": "Feature", "geometry": {"type": "Point", "coordinates": [30.5635, -2.0316]}, "properties": {"radio": "UMTS", "range_m": "1000", "samples": "1"}}, {"type": "Feature", "geometry": {"type": "Point", "coordinates": [30.5642, -2.0359]}, "properties": {"radio": "UMTS", "range_m": "1000", "samples": "1"}}, {"type": "Feature", "geometry": {"type": "Point", "coordinates": [30.554, -2.1324]}, "properties": {"radio": "UMTS", "range_m": "1000", "samples": "1"}}, {"type": "Feature", "geometry": {"type": "Point", "coordinates": [30.5666, -2.1492]}, "properties": {"radio": "UMTS", "range_m": "1000", "samples": "1"}}, {"type": "Feature", "geometry": {"type": "Point", "coordinates": [30.5809, -2.1519]}, "properties": {"radio": "UMTS", "range_m": "1000", "samples": "1"}}, {"type": "Feature", "geometry": {"type": "Point", "coordinates": [30.5538, -2.2445]}, "properties": {"radio": "UMTS", "range_m": "1000", "samples": "1"}}, {"type": "Feature", "geometry": {"type": "Point", "coordinates": [30.5528, -2.2483]}, "properties": {"radio": "UMTS", "range_m": "1000", "samples": "1"}}, {"type": "Feature", "geometry": {"type": "Point", "coordinates": [30.6256, -2.2677]}, "properties": {"radio": "UMTS", "range_m": "1000", "samples": "1"}}, {"type": "Feature", "geometry": {"type": "Point", "coordinates": [30.6467, -2.2641]}, "properties": {"radio": "UMTS", "range_m": "1000", "samples": "1"}}, {"type": "Feature", "geometry": {"type": "Point", "coordinates": [30.6342, -2.2618]}, "properties": {"radio": "UMTS", "range_m": "1000", "samples": "1"}}, {"type": "Feature", "geometry": {"type": "Point", "coordinates": [30.7059, -2.2805]}, "properties": {"radio": "UMTS", "range_m": "1000", "samples": "1"}}, {"type": "Feature", "geometry": {"type": "Point", "coordinates": [30.6633, -2.2696]}, "properties": {"radio": "UMTS", "range_m": "1000", "samples": "1"}}, {"type": "Feature", "geometry": {"type": "Point", "coordinates": [30.6736, -2.2745]}, "properties": {"radio": "UMTS", "range_m": "1000", "samples": "1"}}, {"type": "Feature", "geometry": {"type": "Point", "coordinates": [30.6862, -2.2727]}, "properties": {"radio": "UMTS", "range_m": "1000", "samples": "1"}}, {"type": "Feature", "geometry": {"type": "Point", "coordinates": [30.7047, -2.278]}, "properties": {"radio": "UMTS", "range_m": "1000", "samples": "1"}}, {"type": "Feature", "geometry": {"type": "Point", "coordinates": [30.7107, -2.2851]}, "properties": {"radio": "UMTS", "range_m": "1000", "samples": "1"}}, {"type": "Feature", "geometry": {"type": "Point", "coordinates": [30.7383, -2.29]}, "properties": {"radio": "UMTS", "range_m": "1000", "samples": "1"}}, {"type": "Feature", "geometry": {"type": "Point", "coordinates": [30.7562, -2.3409]}, "properties": {"radio": "UMTS", "range_m": "1000", "samples": "1"}}, {"type": "Feature", "geometry": {"type": "Point", "coordinates": [30.7444, -2.2941]}, "properties": {"radio": "UMTS", "range_m": "1000", "samples": "1"}}, {"type": "Feature", "geometry": {"type": "Point", "coordinates": [30.743, -2.3008]}, "properties": {"radio": "UMTS", "range_m": "1000", "samples": "1"}}, {"type": "Feature", "geometry": {"type": "Point", "coordinates": [30.7479, -2.3085]}, "properties": {"radio": "UMTS", "range_m": "1000", "samples": "1"}}, {"type": "Feature", "geometry": {"type": "Point", "coordinates": [30.751, -2.3218]}, "properties": {"radio": "UMTS", "range_m": "1000", "samples": "1"}}, {"type": "Feature", "geometry": {"type": "Point", "coordinates": [30.7566, -2.3449]}, "properties": {"radio": "UMTS", "range_m": "1000", "samples": "1"}}, {"type": "Feature", "geometry": {"type": "Point", "coordinates": [30.7576, -2.3491]}, "properties": {"radio": "UMTS", "range_m": "1000", "samples": "1"}}, {"type": "Feature", "geometry": {"type": "Point", "coordinates": [30.7782, -2.3756]}, "properties": {"radio": "UMTS", "range_m": "1000", "samples": "1"}}, {"type": "Feature", "geometry": {"type": "Point", "coordinates": [30.7652, -2.363]}, "properties": {"radio": "UMTS", "range_m": "1000", "samples": "1"}}, {"type": "Feature", "geometry": {"type": "Point", "coordinates": [30.7875, -2.3836]}, "properties": {"radio": "UMTS", "range_m": "1000", "samples": "2"}}, {"type": "Feature", "geometry": {"type": "Point", "coordinates": [30.7884, -2.3825]}, "properties": {"radio": "UMTS", "range_m": "1000", "samples": "2"}}, {"type": "Feature", "geometry": {"type": "Point", "coordinates": [30.093, -1.9678]}, "properties": {"radio": "GSM", "range_m": "1000", "samples": "1"}}, {"type": "Feature", "geometry": {"type": "Point", "coordinates": [30.3797, -1.321]}, "properties": {"radio": "GSM", "range_m": "1000", "samples": "1"}}, {"type": "Feature", "geometry": {"type": "Point", "coordinates": [30.0847, -1.9102]}, "properties": {"radio": "GSM", "range_m": "1000", "samples": "1"}}, {"type": "Feature", "geometry": {"type": "Point", "coordinates": [30.0816, -1.9108]}, "properties": {"radio": "GSM", "range_m": "1000", "samples": "2"}}, {"type": "Feature", "geometry": {"type": "Point", "coordinates": [30.0798, -1.9125]}, "properties": {"radio": "GSM", "range_m": "1000", "samples": "2"}}, {"type": "Feature", "geometry": {"type": "Point", "coordinates": [30.0771, -1.9135]}, "properties": {"radio": "GSM", "range_m": "1000", "samples": "2"}}, {"type": "Feature", "geometry": {"type": "Point", "coordinates": [30.0726, -1.9197]}, "properties": {"radio": "GSM", "range_m": "1000", "samples": "3"}}, {"type": "Feature", "geometry": {"type": "Point", "coordinates": [30.5075, -1.9005]}, "properties": {"radio": "GSM", "range_m": "1000", "samples": "1"}}, {"type": "Feature", "geometry": {"type": "Point", "coordinates": [30.5075, -1.9005]}, "properties": {"radio": "GSM", "range_m": "1000", "samples": "1"}}, {"type": "Feature", "geometry": {"type": "Point", "coordinates": [30.4219, -1.9484]}, "properties": {"radio": "GSM", "range_m": "1000", "samples": "3"}}, {"type": "Feature", "geometry": {"type": "Point", "coordinates": [30.3869, -1.9499]}, "properties": {"radio": "GSM", "range_m": "1000", "samples": "1"}}, {"type": "Feature", "geometry": {"type": "Point", "coordinates": [30.4154, -1.9401]}, "properties": {"radio": "GSM", "range_m": "1000", "samples": "1"}}, {"type": "Feature", "geometry": {"type": "Point", "coordinates": [30.4068, -1.4956]}, "properties": {"radio": "GSM", "range_m": "1000", "samples": "1"}}, {"type": "Feature", "geometry": {"type": "Point", "coordinates": [30.1188, -1.9601]}, "properties": {"radio": "GSM", "range_m": "1000", "samples": "1"}}, {"type": "Feature", "geometry": {"type": "Point", "coordinates": [30.0729, -1.8849]}, "properties": {"radio": "GSM", "range_m": "1000", "samples": "2"}}, {"type": "Feature", "geometry": {"type": "Point", "coordinates": [30.0382, -1.9426]}, "properties": {"radio": "GSM", "range_m": "1561", "samples": "2"}}, {"type": "Feature", "geometry": {"type": "Point", "coordinates": [29.771, -2.0772]}, "properties": {"radio": "GSM", "range_m": "1000", "samples": "1"}}, {"type": "Feature", "geometry": {"type": "Point", "coordinates": [29.9824, -1.9675]}, "properties": {"radio": "GSM", "range_m": "1000", "samples": "1"}}, {"type": "Feature", "geometry": {"type": "Point", "coordinates": [30.0043, -1.9596]}, "properties": {"radio": "GSM", "range_m": "1000", "samples": "1"}}, {"type": "Feature", "geometry": {"type": "Point", "coordinates": [30.0526, -1.9364]}, "properties": {"radio": "GSM", "range_m": "1000", "samples": "1"}}, {"type": "Feature", "geometry": {"type": "Point", "coordinates": [30.0837, -1.9686]}, "properties": {"radio": "GSM", "range_m": "1000", "samples": "1"}}, {"type": "Feature", "geometry": {"type": "Point", "coordinates": [30.1393, -1.9541]}, "properties": {"radio": "GSM", "range_m": "1000", "samples": "1"}}, {"type": "Feature", "geometry": {"type": "Point", "coordinates": [29.2955, -1.6872]}, "properties": {"radio": "GSM", "range_m": "2760", "samples": "19"}}, {"type": "Feature", "geometry": {"type": "Point", "coordinates": [29.3943, -1.6411]}, "properties": {"radio": "GSM", "range_m": "1000", "samples": "1"}}, {"type": "Feature", "geometry": {"type": "Point", "coordinates": [29.5946, -1.5182]}, "properties": {"radio": "GSM", "range_m": "6709", "samples": "6"}}, {"type": "Feature", "geometry": {"type": "Point", "coordinates": [30.4548, -1.8895]}, "properties": {"radio": "GSM", "range_m": "1000", "samples": "1"}}, {"type": "Feature", "geometry": {"type": "Point", "coordinates": [30.0566, -1.9507]}, "properties": {"radio": "GSM", "range_m": "1000", "samples": "1"}}, {"type": "Feature", "geometry": {"type": "Point", "coordinates": [30.0566, -1.9507]}, "properties": {"radio": "GSM", "range_m": "1000", "samples": "1"}}, {"type": "Feature", "geometry": {"type": "Point", "coordinates": [30.0566, -1.9507]}, "properties": {"radio": "GSM", "range_m": "1000", "samples": "1"}}, {"type": "Feature", "geometry": {"type": "Point", "coordinates": [29.7105, -1.437]}, "properties": {"radio": "GSM", "range_m": "1000", "samples": "1"}}, {"type": "Feature", "geometry": {"type": "Point", "coordinates": [29.3205, -1.7003]}, "properties": {"radio": "GSM", "range_m": "1000", "samples": "1"}}, {"type": "Feature", "geometry": {"type": "Point", "coordinates": [29.7525, -1.5933]}, "properties": {"radio": "GSM", "range_m": "1000", "samples": "1"}}, {"type": "Feature", "geometry": {"type": "Point", "coordinates": [29.7603, -1.6047]}, "properties": {"radio": "GSM", "range_m": "1000", "samples": "1"}}, {"type": "Feature", "geometry": {"type": "Point", "coordinates": [29.7309, -1.4145]}, "properties": {"radio": "GSM", "range_m": "1000", "samples": "1"}}, {"type": "Feature", "geometry": {"type": "Point", "coordinates": [29.3458, -1.6968]}, "properties": {"radio": "GSM", "range_m": "1000", "samples": "2"}}, {"type": "Feature", "geometry": {"type": "Point", "coordinates": [30.3938, -1.9469]}, "properties": {"radio": "GSM", "range_m": "1000", "samples": "1"}}, {"type": "Feature", "geometry": {"type": "Point", "coordinates": [29.3056, -1.6935]}, "properties": {"radio": "GSM", "range_m": "4758", "samples": "14"}}, {"type": "Feature", "geometry": {"type": "Point", "coordinates": [30.0508, -1.9038]}, "properties": {"radio": "GSM", "range_m": "1000", "samples": "1"}}, {"type": "Feature", "geometry": {"type": "Point", "coordinates": [30.4446, -1.9043]}, "properties": {"radio": "GSM", "range_m": "1496", "samples": "3"}}, {"type": "Feature", "geometry": {"type": "Point", "coordinates": [30.0598, -1.9394]}, "properties": {"radio": "GSM", "range_m": "1000", "samples": "1"}}, {"type": "Feature", "geometry": {"type": "Point", "coordinates": [29.3314, -1.7025]}, "properties": {"radio": "GSM", "range_m": "1000", "samples": "1"}}, {"type": "Feature", "geometry": {"type": "Point", "coordinates": [30.455, -1.8941]}, "properties": {"radio": "GSM", "range_m": "1688", "samples": "4"}}, {"type": "Feature", "geometry": {"type": "Point", "coordinates": [30.1108, -1.8179]}, "properties": {"radio": "GSM", "range_m": "1667", "samples": "10"}}, {"type": "Feature", "geometry": {"type": "Point", "coordinates": [29.3622, -1.6672]}, "properties": {"radio": "GSM", "range_m": "1000", "samples": "1"}}, {"type": "Feature", "geometry": {"type": "Point", "coordinates": [30.4492, -1.8282]}, "properties": {"radio": "GSM", "range_m": "1000", "samples": "1"}}, {"type": "Feature", "geometry": {"type": "Point", "coordinates": [29.2619, -1.6876]}, "properties": {"radio": "GSM", "range_m": "1000", "samples": "1"}}, {"type": "Feature", "geometry": {"type": "Point", "coordinates": [30.3865, -1.6441]}, "properties": {"radio": "GSM", "range_m": "1000", "samples": "1"}}, {"type": "Feature", "geometry": {"type": "Point", "coordinates": [30.2267, -1.9586]}, "properties": {"radio": "GSM", "range_m": "1000", "samples": "7"}}, {"type": "Feature", "geometry": {"type": "Point", "coordinates": [30.2265, -1.9589]}, "properties": {"radio": "GSM", "range_m": "1000", "samples": "3"}}, {"type": "Feature", "geometry": {"type": "Point", "coordinates": [30.3411, -1.9524]}, "properties": {"radio": "GSM", "range_m": "1000", "samples": "1"}}, {"type": "Feature", "geometry": {"type": "Point", "coordinates": [29.264, -1.673]}, "properties": {"radio": "GSM", "range_m": "1000", "samples": "1"}}, {"type": "Feature", "geometry": {"type": "Point", "coordinates": [29.2635, -1.669]}, "properties": {"radio": "GSM", "range_m": "1000", "samples": "1"}}, {"type": "Feature", "geometry": {"type": "Point", "coordinates": [30.0726, -1.9573]}, "properties": {"radio": "GSM", "range_m": "1000", "samples": "1"}}, {"type": "Feature", "geometry": {"type": "Point", "coordinates": [30.0566, -1.9]}, "properties": {"radio": "GSM", "range_m": "1000", "samples": "1"}}, {"type": "Feature", "geometry": {"type": "Point", "coordinates": [30.0668, -1.9069]}, "properties": {"radio": "GSM", "range_m": "1436", "samples": "2"}}, {"type": "Feature", "geometry": {"type": "Point", "coordinates": [30.0951, -2.0748]}, "properties": {"radio": "GSM", "range_m": "1000", "samples": "2"}}, {"type": "Feature", "geometry": {"type": "Point", "coordinates": [30.1546, -2.2207]}, "properties": {"radio": "GSM", "range_m": "1000", "samples": "1"}}, {"type": "Feature", "geometry": {"type": "Point", "coordinates": [30.1546, -2.2207]}, "properties": {"radio": "GSM", "range_m": "1000", "samples": "1"}}, {"type": "Feature", "geometry": {"type": "Point", "coordinates": [30.1259, -1.806]}, "properties": {"radio": "GSM", "range_m": "1000", "samples": "1"}}, {"type": "Feature", "geometry": {"type": "Point", "coordinates": [30.1111, -2.1918]}, "properties": {"radio": "GSM", "range_m": "1000", "samples": "2"}}, {"type": "Feature", "geometry": {"type": "Point", "coordinates": [30.1111, -2.1919]}, "properties": {"radio": "GSM", "range_m": "1000", "samples": "1"}}, {"type": "Feature", "geometry": {"type": "Point", "coordinates": [30.1111, -2.1919]}, "properties": {"radio": "GSM", "range_m": "1000", "samples": "1"}}, {"type": "Feature", "geometry": {"type": "Point", "coordinates": [30.0653, -1.969]}, "properties": {"radio": "GSM", "range_m": "1000", "samples": "1"}}, {"type": "Feature", "geometry": {"type": "Point", "coordinates": [29.2638, -1.6728]}, "properties": {"radio": "GSM", "range_m": "1000", "samples": "1"}}, {"type": "Feature", "geometry": {"type": "Point", "coordinates": [30.0826, -2.0979]}, "properties": {"radio": "GSM", "range_m": "1000", "samples": "1"}}, {"type": "Feature", "geometry": {"type": "Point", "coordinates": [30.2142, -2.2507]}, "properties": {"radio": "GSM", "range_m": "1000", "samples": "1"}}, {"type": "Feature", "geometry": {"type": "Point", "coordinates": [30.1878, -2.2246]}, "properties": {"radio": "GSM", "range_m": "1000", "samples": "1"}}, {"type": "Feature", "geometry": {"type": "Point", "coordinates": [30.0482, -1.9249]}, "properties": {"radio": "GSM", "range_m": "1526", "samples": "2"}}, {"type": "Feature", "geometry": {"type": "Point", "coordinates": [30.1131, -1.8083]}, "properties": {"radio": "GSM", "range_m": "2492", "samples": "3"}}, {"type": "Feature", "geometry": {"type": "Point", "coordinates": [30.129, -1.9701]}, "properties": {"radio": "GSM", "range_m": "1000", "samples": "1"}}, {"type": "Feature", "geometry": {"type": "Point", "coordinates": [30.1304, -1.9704]}, "properties": {"radio": "GSM", "range_m": "1000", "samples": "1"}}, {"type": "Feature", "geometry": {"type": "Point", "coordinates": [29.2645, -1.6717]}, "properties": {"radio": "GSM", "range_m": "1516", "samples": "18"}}, {"type": "Feature", "geometry": {"type": "Point", "coordinates": [29.2641, -1.668]}, "properties": {"radio": "GSM", "range_m": "1000", "samples": "9"}}, {"type": "Feature", "geometry": {"type": "Point", "coordinates": [29.2644, -1.6675]}, "properties": {"radio": "GSM", "range_m": "1000", "samples": "11"}}, {"type": "Feature", "geometry": {"type": "Point", "coordinates": [29.267, -1.6615]}, "properties": {"radio": "GSM", "range_m": "1000", "samples": "1"}}, {"type": "Feature", "geometry": {"type": "Point", "coordinates": [29.3741, -1.6528]}, "properties": {"radio": "GSM", "range_m": "1000", "samples": "1"}}, {"type": "Feature", "geometry": {"type": "Point", "coordinates": [29.7067, -1.4419]}, "properties": {"radio": "GSM", "range_m": "1000", "samples": "1"}}, {"type": "Feature", "geometry": {"type": "Point", "coordinates": [30.0865, -1.5956]}, "properties": {"radio": "GSM", "range_m": "6037", "samples": "20"}}, {"type": "Feature", "geometry": {"type": "Point", "coordinates": [30.0852, -1.5914]}, "properties": {"radio": "GSM", "range_m": "5383", "samples": "12"}}, {"type": "Feature", "geometry": {"type": "Point", "coordinates": [30.1068, -1.6847]}, "properties": {"radio": "GSM", "range_m": "3992", "samples": "23"}}, {"type": "Feature", "geometry": {"type": "Point", "coordinates": [30.1016, -1.6683]}, "properties": {"radio": "GSM", "range_m": "2790", "samples": "21"}}, {"type": "Feature", "geometry": {"type": "Point", "coordinates": [30.102, -1.6618]}, "properties": {"radio": "GSM", "range_m": "2073", "samples": "25"}}, {"type": "Feature", "geometry": {"type": "Point", "coordinates": [30.1094, -1.6506]}, "properties": {"radio": "GSM", "range_m": "1598", "samples": "22"}}, {"type": "Feature", "geometry": {"type": "Point", "coordinates": [30.1039, -1.6369]}, "properties": {"radio": "GSM", "range_m": "4199", "samples": "18"}}, {"type": "Feature", "geometry": {"type": "Point", "coordinates": [30.0974, -1.6191]}, "properties": {"radio": "GSM", "range_m": "5142", "samples": "15"}}, {"type": "Feature", "geometry": {"type": "Point", "coordinates": [30.096, -1.6165]}, "properties": {"radio": "GSM", "range_m": "3969", "samples": "19"}}, {"type": "Feature", "geometry": {"type": "Point", "coordinates": [30.093, -1.6106]}, "properties": {"radio": "GSM", "range_m": "3573", "samples": "22"}}, {"type": "Feature", "geometry": {"type": "Point", "coordinates": [30.0508, -1.5402]}, "properties": {"radio": "GSM", "range_m": "8508", "samples": "23"}}, {"type": "Feature", "geometry": {"type": "Point", "coordinates": [30.0451, -1.5335]}, "properties": {"radio": "GSM", "range_m": "2689", "samples": "13"}}, {"type": "Feature", "geometry": {"type": "Point", "coordinates": [30.0152, -1.4338]}, "properties": {"radio": "GSM", "range_m": "7026", "samples": "8"}}, {"type": "Feature", "geometry": {"type": "Point", "coordinates": [30.0415, -1.5284]}, "properties": {"radio": "GSM", "range_m": "3233", "samples": "17"}}, {"type": "Feature", "geometry": {"type": "Point", "coordinates": [30.0223, -1.465]}, "properties": {"radio": "GSM", "range_m": "6496", "samples": "22"}}, {"type": "Feature", "geometry": {"type": "Point", "coordinates": [30.032, -1.5037]}, "properties": {"radio": "GSM", "range_m": "8527", "samples": "20"}}, {"type": "Feature", "geometry": {"type": "Point", "coordinates": [30.0264, -1.4858]}, "properties": {"radio": "GSM", "range_m": "9877", "samples": "24"}}, {"type": "Feature", "geometry": {"type": "Point", "coordinates": [30.0157, -1.4413]}, "properties": {"radio": "GSM", "range_m": "9212", "samples": "21"}}, {"type": "Feature", "geometry": {"type": "Point", "coordinates": [30.0173, -1.4405]}, "properties": {"radio": "GSM", "range_m": "9268", "samples": "22"}}, {"type": "Feature", "geometry": {"type": "Point", "coordinates": [30.0079, -1.4107]}, "properties": {"radio": "GSM", "range_m": "4703", "samples": "14"}}, {"type": "Feature", "geometry": {"type": "Point", "coordinates": [30.0093, -1.3629]}, "properties": {"radio": "GSM", "range_m": "3653", "samples": "5"}}, {"type": "Feature", "geometry": {"type": "Point", "coordinates": [29.2607, -1.6971]}, "properties": {"radio": "GSM", "range_m": "1000", "samples": "8"}}, {"type": "Feature", "geometry": {"type": "Point", "coordinates": [30.0501, -1.5397]}, "properties": {"radio": "GSM", "range_m": "2616", "samples": "15"}}, {"type": "Feature", "geometry": {"type": "Point", "coordinates": [30.0855, -1.5906]}, "properties": {"radio": "GSM", "range_m": "1753", "samples": "10"}}, {"type": "Feature", "geometry": {"type": "Point", "coordinates": [30.0875, -1.5964]}, "properties": {"radio": "GSM", "range_m": "2424", "samples": "11"}}, {"type": "Feature", "geometry": {"type": "Point", "coordinates": [30.0951, -1.6147]}, "properties": {"radio": "GSM", "range_m": "4190", "samples": "14"}}, {"type": "Feature", "geometry": {"type": "Point", "coordinates": [30.1019, -1.6286]}, "properties": {"radio": "GSM", "range_m": "2922", "samples": "14"}}, {"type": "Feature", "geometry": {"type": "Point", "coordinates": [30.0458, -1.5284]}, "properties": {"radio": "GSM", "range_m": "4018", "samples": "3"}}, {"type": "Feature", "geometry": {"type": "Point", "coordinates": [30.0841, -1.593]}, "properties": {"radio": "GSM", "range_m": "5848", "samples": "8"}}, {"type": "Feature", "geometry": {"type": "Point", "coordinates": [30.0948, -1.6182]}, "properties": {"radio": "GSM", "range_m": "1000", "samples": "1"}}, {"type": "Feature", "geometry": {"type": "Point", "coordinates": [30.1007, -1.6378]}, "properties": {"radio": "GSM", "range_m": "7378", "samples": "3"}}, {"type": "Feature", "geometry": {"type": "Point", "coordinates": [30.1125, -1.6905]}, "properties": {"radio": "GSM", "range_m": "5130", "samples": "12"}}, {"type": "Feature", "geometry": {"type": "Point", "coordinates": [30.1111, -1.6602]}, "properties": {"radio": "GSM", "range_m": "6915", "samples": "6"}}, {"type": "Feature", "geometry": {"type": "Point", "coordinates": [30.0921, -1.6727]}, "properties": {"radio": "GSM", "range_m": "1000", "samples": "2"}}, {"type": "Feature", "geometry": {"type": "Point", "coordinates": [30.1352, -1.9913]}, "properties": {"radio": "GSM", "range_m": "1000", "samples": "1"}}, {"type": "Feature", "geometry": {"type": "Point", "coordinates": [30.1388, -2.0086]}, "properties": {"radio": "GSM", "range_m": "1000", "samples": "1"}}, {"type": "Feature", "geometry": {"type": "Point", "coordinates": [30.1329, -1.9931]}, "properties": {"radio": "GSM", "range_m": "1000", "samples": "1"}}, {"type": "Feature", "geometry": {"type": "Point", "coordinates": [30.0857, -1.9695]}, "properties": {"radio": "GSM", "range_m": "1000", "samples": "1"}}, {"type": "Feature", "geometry": {"type": "Point", "coordinates": [30.1451, -2.0007]}, "properties": {"radio": "GSM", "range_m": "1000", "samples": "1"}}, {"type": "Feature", "geometry": {"type": "Point", "coordinates": [30.146, -1.997]}, "properties": {"radio": "GSM", "range_m": "1000", "samples": "1"}}, {"type": "Feature", "geometry": {"type": "Point", "coordinates": [30.1319, -1.9859]}, "properties": {"radio": "GSM", "range_m": "1000", "samples": "1"}}, {"type": "Feature", "geometry": {"type": "Point", "coordinates": [30.1331, -1.9941]}, "properties": {"radio": "GSM", "range_m": "1000", "samples": "1"}}, {"type": "Feature", "geometry": {"type": "Point", "coordinates": [30.1339, -1.979]}, "properties": {"radio": "GSM", "range_m": "1000", "samples": "1"}}, {"type": "Feature", "geometry": {"type": "Point", "coordinates": [30.1403, -1.927]}, "properties": {"radio": "GSM", "range_m": "1000", "samples": "4"}}, {"type": "Feature", "geometry": {"type": "Point", "coordinates": [30.1339, -1.9169]}, "properties": {"radio": "GSM", "range_m": "1000", "samples": "4"}}, {"type": "Feature", "geometry": {"type": "Point", "coordinates": [30.1484, -1.932]}, "properties": {"radio": "GSM", "range_m": "2135", "samples": "5"}}, {"type": "Feature", "geometry": {"type": "Point", "coordinates": [30.1324, -1.9163]}, "properties": {"radio": "GSM", "range_m": "1000", "samples": "1"}}, {"type": "Feature", "geometry": {"type": "Point", "coordinates": [30.1319, -1.9149]}, "properties": {"radio": "GSM", "range_m": "1000", "samples": "1"}}, {"type": "Feature", "geometry": {"type": "Point", "coordinates": [30.0329, -1.5094]}, "properties": {"radio": "GSM", "range_m": "5435", "samples": "8"}}, {"type": "Feature", "geometry": {"type": "Point", "coordinates": [30.048, -1.9132]}, "properties": {"radio": "GSM", "range_m": "1000", "samples": "1"}}, {"type": "Feature", "geometry": {"type": "Point", "coordinates": [30.0887, -1.9593]}, "properties": {"radio": "GSM", "range_m": "1788", "samples": "2"}}, {"type": "Feature", "geometry": {"type": "Point", "coordinates": [30.0297, -1.5054]}, "properties": {"radio": "GSM", "range_m": "1000", "samples": "5"}}, {"type": "Feature", "geometry": {"type": "Point", "coordinates": [30.0662, -1.5605]}, "properties": {"radio": "GSM", "range_m": "8244", "samples": "6"}}, {"type": "Feature", "geometry": {"type": "Point", "coordinates": [30.0099, -1.42]}, "properties": {"radio": "GSM", "range_m": "1000", "samples": "2"}}, {"type": "Feature", "geometry": {"type": "Point", "coordinates": [30.0758, -1.957]}, "properties": {"radio": "GSM", "range_m": "1000", "samples": "1"}}, {"type": "Feature", "geometry": {"type": "Point", "coordinates": [30.0464, -1.9262]}, "properties": {"radio": "GSM", "range_m": "1000", "samples": "1"}}, {"type": "Feature", "geometry": {"type": "Point", "coordinates": [30.1067, -1.6545]}, "properties": {"radio": "GSM", "range_m": "3879", "samples": "3"}}, {"type": "Feature", "geometry": {"type": "Point", "coordinates": [30.0632, -1.5558]}, "properties": {"radio": "GSM", "range_m": "3901", "samples": "6"}}, {"type": "Feature", "geometry": {"type": "Point", "coordinates": [30.0292, -1.5053]}, "properties": {"radio": "GSM", "range_m": "1000", "samples": "2"}}, {"type": "Feature", "geometry": {"type": "Point", "coordinates": [29.9678, -1.9808]}, "properties": {"radio": "GSM", "range_m": "1000", "samples": "1"}}, {"type": "Feature", "geometry": {"type": "Point", "coordinates": [29.9335, -1.9857]}, "properties": {"radio": "GSM", "range_m": "1000", "samples": "1"}}, {"type": "Feature", "geometry": {"type": "Point", "coordinates": [29.9341, -1.985]}, "properties": {"radio": "GSM", "range_m": "1000", "samples": "1"}}, {"type": "Feature", "geometry": {"type": "Point", "coordinates": [29.9157, -1.9942]}, "properties": {"radio": "GSM", "range_m": "1000", "samples": "1"}}, {"type": "Feature", "geometry": {"type": "Point", "coordinates": [29.9097, -1.9978]}, "properties": {"radio": "GSM", "range_m": "1000", "samples": "1"}}, {"type": "Feature", "geometry": {"type": "Point", "coordinates": [29.9053, -1.9995]}, "properties": {"radio": "GSM", "range_m": "1000", "samples": "1"}}, {"type": "Feature", "geometry": {"type": "Point", "coordinates": [29.9078, -1.9986]}, "properties": {"radio": "GSM", "range_m": "1000", "samples": "1"}}, {"type": "Feature", "geometry": {"type": "Point", "coordinates": [29.9069, -1.9988]}, "properties": {"radio": "GSM", "range_m": "1000", "samples": "1"}}, {"type": "Feature", "geometry": {"type": "Point", "coordinates": [29.7907, -2.0672]}, "properties": {"radio": "GSM", "range_m": "1000", "samples": "1"}}, {"type": "Feature", "geometry": {"type": "Point", "coordinates": [29.7987, -2.0583]}, "properties": {"radio": "GSM", "range_m": "1000", "samples": "1"}}, {"type": "Feature", "geometry": {"type": "Point", "coordinates": [29.7965, -2.0598]}, "properties": {"radio": "GSM", "range_m": "1000", "samples": "1"}}, {"type": "Feature", "geometry": {"type": "Point", "coordinates": [29.7903, -2.0673]}, "properties": {"radio": "GSM", "range_m": "1000", "samples": "1"}}, {"type": "Feature", "geometry": {"type": "Point", "coordinates": [29.7796, -2.0774]}, "properties": {"radio": "GSM", "range_m": "1000", "samples": "1"}}, {"type": "Feature", "geometry": {"type": "Point", "coordinates": [29.7801, -2.0771]}, "properties": {"radio": "GSM", "range_m": "1000", "samples": "1"}}, {"type": "Feature", "geometry": {"type": "Point", "coordinates": [29.7544, -2.0877]}, "properties": {"radio": "GSM", "range_m": "1000", "samples": "1"}}, {"type": "Feature", "geometry": {"type": "Point", "coordinates": [29.7675, -2.076]}, "properties": {"radio": "GSM", "range_m": "1000", "samples": "1"}}, {"type": "Feature", "geometry": {"type": "Point", "coordinates": [29.7652, -2.0782]}, "properties": {"radio": "GSM", "range_m": "1000", "samples": "1"}}, {"type": "Feature", "geometry": {"type": "Point", "coordinates": [29.7664, -2.0768]}, "properties": {"radio": "GSM", "range_m": "1000", "samples": "1"}}, {"type": "Feature", "geometry": {"type": "Point", "coordinates": [29.757, -2.0927]}, "properties": {"radio": "GSM", "range_m": "1000", "samples": "1"}}, {"type": "Feature", "geometry": {"type": "Point", "coordinates": [29.759, -2.0798]}, "properties": {"radio": "GSM", "range_m": "1000", "samples": "1"}}, {"type": "Feature", "geometry": {"type": "Point", "coordinates": [29.7549, -2.0979]}, "properties": {"radio": "GSM", "range_m": "1000", "samples": "1"}}, {"type": "Feature", "geometry": {"type": "Point", "coordinates": [29.7568, -2.0938]}, "properties": {"radio": "GSM", "range_m": "1000", "samples": "1"}}, {"type": "Feature", "geometry": {"type": "Point", "coordinates": [29.7448, -2.1317]}, "properties": {"radio": "GSM", "range_m": "1000", "samples": "1"}}, {"type": "Feature", "geometry": {"type": "Point", "coordinates": [29.7405, -2.1202]}, "properties": {"radio": "GSM", "range_m": "1000", "samples": "1"}}, {"type": "Feature", "geometry": {"type": "Point", "coordinates": [29.7468, -2.1116]}, "properties": {"radio": "GSM", "range_m": "1000", "samples": "1"}}, {"type": "Feature", "geometry": {"type": "Point", "coordinates": [29.7713, -2.1743]}, "properties": {"radio": "GSM", "range_m": "1000", "samples": "1"}}, {"type": "Feature", "geometry": {"type": "Point", "coordinates": [29.7942, -2.2089]}, "properties": {"radio": "GSM", "range_m": "1000", "samples": "1"}}, {"type": "Feature", "geometry": {"type": "Point", "coordinates": [29.7952, -2.2103]}, "properties": {"radio": "GSM", "range_m": "1000", "samples": "1"}}, {"type": "Feature", "geometry": {"type": "Point", "coordinates": [29.7972, -2.2116]}, "properties": {"radio": "GSM", "range_m": "1000", "samples": "1"}}, {"type": "Feature", "geometry": {"type": "Point", "coordinates": [29.7955, -2.2552]}, "properties": {"radio": "GSM", "range_m": "1000", "samples": "1"}}, {"type": "Feature", "geometry": {"type": "Point", "coordinates": [30.0937, -1.6117]}, "properties": {"radio": "GSM", "range_m": "1000", "samples": "1"}}, {"type": "Feature", "geometry": {"type": "Point", "coordinates": [30.1095, -1.6873]}, "properties": {"radio": "GSM", "range_m": "3330", "samples": "6"}}, {"type": "Feature", "geometry": {"type": "Point", "coordinates": [30.0882, -1.8634]}, "properties": {"radio": "GSM", "range_m": "1000", "samples": "1"}}, {"type": "Feature", "geometry": {"type": "Point", "coordinates": [30.189, -1.9933]}, "properties": {"radio": "GSM", "range_m": "1000", "samples": "3"}}, {"type": "Feature", "geometry": {"type": "Point", "coordinates": [30.4058, -1.943]}, "properties": {"radio": "GSM", "range_m": "1000", "samples": "1"}}, {"type": "Feature", "geometry": {"type": "Point", "coordinates": [30.4981, -1.902]}, "properties": {"radio": "GSM", "range_m": "1000", "samples": "1"}}, {"type": "Feature", "geometry": {"type": "Point", "coordinates": [30.6145, -1.9651]}, "properties": {"radio": "GSM", "range_m": "1130", "samples": "2"}}, {"type": "Feature", "geometry": {"type": "Point", "coordinates": [30.6979, -1.9128]}, "properties": {"radio": "GSM", "range_m": "4512", "samples": "2"}}, {"type": "Feature", "geometry": {"type": "Point", "coordinates": [30.7422, -1.8027]}, "properties": {"radio": "GSM", "range_m": "9510", "samples": "2"}}, {"type": "Feature", "geometry": {"type": "Point", "coordinates": [30.6915, -1.9135]}, "properties": {"radio": "GSM", "range_m": "3903", "samples": "2"}}, {"type": "Feature", "geometry": {"type": "Point", "coordinates": [30.668, -1.9354]}, "properties": {"radio": "GSM", "range_m": "1000", "samples": "2"}}, {"type": "Feature", "geometry": {"type": "Point", "coordinates": [30.6711, -1.9344]}, "properties": {"radio": "GSM", "range_m": "1000", "samples": "1"}}, {"type": "Feature", "geometry": {"type": "Point", "coordinates": [30.668, -1.9354]}, "properties": {"radio": "GSM", "range_m": "1000", "samples": "2"}}, {"type": "Feature", "geometry": {"type": "Point", "coordinates": [30.6842, -1.9077]}, "properties": {"radio": "GSM", "range_m": "3848", "samples": "2"}}, {"type": "Feature", "geometry": {"type": "Point", "coordinates": [30.6803, -1.9059]}, "properties": {"radio": "GSM", "range_m": "1000", "samples": "1"}}, {"type": "Feature", "geometry": {"type": "Point", "coordinates": [30.6766, -1.9124]}, "properties": {"radio": "GSM", "range_m": "2969", "samples": "2"}}, {"type": "Feature", "geometry": {"type": "Point", "coordinates": [30.7653, -1.7459]}, "properties": {"radio": "GSM", "range_m": "4912", "samples": "3"}}, {"type": "Feature", "geometry": {"type": "Point", "coordinates": [30.7046, -1.8811]}, "properties": {"radio": "GSM", "range_m": "1000", "samples": "2"}}, {"type": "Feature", "geometry": {"type": "Point", "coordinates": [30.6883, -1.8884]}, "properties": {"radio": "GSM", "range_m": "1000", "samples": "1"}}, {"type": "Feature", "geometry": {"type": "Point", "coordinates": [30.7527, -1.7778]}, "properties": {"radio": "GSM", "range_m": "12515", "samples": "3"}}, {"type": "Feature", "geometry": {"type": "Point", "coordinates": [30.7077, -1.8808]}, "properties": {"radio": "GSM", "range_m": "1000", "samples": "1"}}, {"type": "Feature", "geometry": {"type": "Point", "coordinates": [30.7046, -1.8811]}, "properties": {"radio": "GSM", "range_m": "1000", "samples": "2"}}, {"type": "Feature", "geometry": {"type": "Point", "coordinates": [30.714, -1.893]}, "properties": {"radio": "GSM", "range_m": "1000", "samples": "2"}}, {"type": "Feature", "geometry": {"type": "Point", "coordinates": [30.714, -1.893]}, "properties": {"radio": "GSM", "range_m": "1000", "samples": "2"}}, {"type": "Feature", "geometry": {"type": "Point", "coordinates": [30.7177, -1.8913]}, "properties": {"radio": "GSM", "range_m": "1000", "samples": "1"}}, {"type": "Feature", "geometry": {"type": "Point", "coordinates": [30.7138, -1.8934]}, "properties": {"radio": "GSM", "range_m": "1000", "samples": "2"}}, {"type": "Feature", "geometry": {"type": "Point", "coordinates": [30.7181, -1.8906]}, "properties": {"radio": "GSM", "range_m": "1000", "samples": "1"}}, {"type": "Feature", "geometry": {"type": "Point", "coordinates": [30.7177, -1.8913]}, "properties": {"radio": "GSM", "range_m": "1000", "samples": "1"}}, {"type": "Feature", "geometry": {"type": "Point", "coordinates": [30.7769, -1.7271]}, "properties": {"radio": "GSM", "range_m": "1000", "samples": "3"}}, {"type": "Feature", "geometry": {"type": "Point", "coordinates": [30.7753, -1.7332]}, "properties": {"radio": "GSM", "range_m": "1395", "samples": "3"}}, {"type": "Feature", "geometry": {"type": "Point", "coordinates": [30.7765, -1.7241]}, "properties": {"radio": "GSM", "range_m": "1000", "samples": "2"}}, {"type": "Feature", "geometry": {"type": "Point", "coordinates": [30.7016, -1.8814]}, "properties": {"radio": "GSM", "range_m": "1000", "samples": "1"}}, {"type": "Feature", "geometry": {"type": "Point", "coordinates": [30.7016, -1.8814]}, "properties": {"radio": "GSM", "range_m": "1000", "samples": "1"}}, {"type": "Feature", "geometry": {"type": "Point", "coordinates": [30.7034, -1.879]}, "properties": {"radio": "GSM", "range_m": "1000", "samples": "1"}}, {"type": "Feature", "geometry": {"type": "Point", "coordinates": [30.6739, -1.9279]}, "properties": {"radio": "GSM", "range_m": "1000", "samples": "1"}}, {"type": "Feature", "geometry": {"type": "Point", "coordinates": [30.6739, -1.9279]}, "properties": {"radio": "GSM", "range_m": "1000", "samples": "1"}}, {"type": "Feature", "geometry": {"type": "Point", "coordinates": [30.6649, -1.9365]}, "properties": {"radio": "GSM", "range_m": "1000", "samples": "1"}}, {"type": "Feature", "geometry": {"type": "Point", "coordinates": [30.4876, -1.856]}, "properties": {"radio": "GSM", "range_m": "1000", "samples": "1"}}, {"type": "Feature", "geometry": {"type": "Point", "coordinates": [30.4876, -1.856]}, "properties": {"radio": "GSM", "range_m": "1000", "samples": "1"}}, {"type": "Feature", "geometry": {"type": "Point", "coordinates": [30.4876, -1.856]}, "properties": {"radio": "GSM", "range_m": "1000", "samples": "1"}}, {"type": "Feature", "geometry": {"type": "Point", "coordinates": [30.3818, -1.7695]}, "properties": {"radio": "GSM", "range_m": "1000", "samples": "2"}}, {"type": "Feature", "geometry": {"type": "Point", "coordinates": [30.3818, -1.7695]}, "properties": {"radio": "GSM", "range_m": "1000", "samples": "2"}}, {"type": "Feature", "geometry": {"type": "Point", "coordinates": [30.3807, -1.7683]}, "properties": {"radio": "GSM", "range_m": "1000", "samples": "1"}}, {"type": "Feature", "geometry": {"type": "Point", "coordinates": [30.4088, -1.7903]}, "properties": {"radio": "GSM", "range_m": "5024", "samples": "3"}}, {"type": "Feature", "geometry": {"type": "Point", "coordinates": [30.3818, -1.7695]}, "properties": {"radio": "GSM", "range_m": "1000", "samples": "2"}}, {"type": "Feature", "geometry": {"type": "Point", "coordinates": [30.3807, -1.7683]}, "properties": {"radio": "GSM", "range_m": "1000", "samples": "1"}}, {"type": "Feature", "geometry": {"type": "Point", "coordinates": [30.4078, -1.6646]}, "properties": {"radio": "GSM", "range_m": "1000", "samples": "1"}}, {"type": "Feature", "geometry": {"type": "Point", "coordinates": [30.3954, -1.7176]}, "properties": {"radio": "GSM", "range_m": "6059", "samples": "2"}}, {"type": "Feature", "geometry": {"type": "Point", "coordinates": [30.4078, -1.6646]}, "properties": {"radio": "GSM", "range_m": "1000", "samples": "1"}}, {"type": "Feature", "geometry": {"type": "Point", "coordinates": [30.4104, -1.689]}, "properties": {"radio": "GSM", "range_m": "2727", "samples": "3"}}, {"type": "Feature", "geometry": {"type": "Point", "coordinates": [30.4078, -1.6646]}, "properties": {"radio": "GSM", "range_m": "1000", "samples": "1"}}, {"type": "Feature", "geometry": {"type": "Point", "coordinates": [30.4078, -1.6646]}, "properties": {"radio": "GSM", "range_m": "1000", "samples": "1"}}, {"type": "Feature", "geometry": {"type": "Point", "coordinates": [30.4078, -1.6646]}, "properties": {"radio": "GSM", "range_m": "1000", "samples": "1"}}, {"type": "Feature", "geometry": {"type": "Point", "coordinates": [30.4078, -1.6646]}, "properties": {"radio": "GSM", "range_m": "1000", "samples": "1"}}, {"type": "Feature", "geometry": {"type": "Point", "coordinates": [30.3913, -1.59]}, "properties": {"radio": "GSM", "range_m": "1000", "samples": "2"}}, {"type": "Feature", "geometry": {"type": "Point", "coordinates": [30.3933, -1.5323]}, "properties": {"radio": "GSM", "range_m": "6972", "samples": "2"}}, {"type": "Feature", "geometry": {"type": "Point", "coordinates": [30.3911, -1.5631]}, "properties": {"radio": "GSM", "range_m": "10400", "samples": "3"}}, {"type": "Feature", "geometry": {"type": "Point", "coordinates": [30.3974, -1.5056]}, "properties": {"radio": "GSM", "range_m": "3977", "samples": "2"}}, {"type": "Feature", "geometry": {"type": "Point", "coordinates": [30.3993, -1.4699]}, "properties": {"radio": "GSM", "range_m": "1000", "samples": "1"}}, {"type": "Feature", "geometry": {"type": "Point", "coordinates": [30.3972, -1.4618]}, "properties": {"radio": "GSM", "range_m": "1000", "samples": "2"}}, {"type": "Feature", "geometry": {"type": "Point", "coordinates": [30.4012, -1.4751]}, "properties": {"radio": "GSM", "range_m": "1000", "samples": "2"}}, {"type": "Feature", "geometry": {"type": "Point", "coordinates": [30.382, -1.4262]}, "properties": {"radio": "GSM", "range_m": "12896", "samples": "3"}}, {"type": "Feature", "geometry": {"type": "Point", "coordinates": [30.3735, -1.3671]}, "properties": {"radio": "GSM", "range_m": "1000", "samples": "3"}}, {"type": "Feature", "geometry": {"type": "Point", "coordinates": [30.3729, -1.3665]}, "properties": {"radio": "GSM", "range_m": "1000", "samples": "2"}}, {"type": "Feature", "geometry": {"type": "Point", "coordinates": [30.3819, -1.3969]}, "properties": {"radio": "GSM", "range_m": "6469", "samples": "3"}}, {"type": "Feature", "geometry": {"type": "Point", "coordinates": [30.3729, -1.3665]}, "properties": {"radio": "GSM", "range_m": "1000", "samples": "2"}}, {"type": "Feature", "geometry": {"type": "Point", "coordinates": [30.3983, -1.3108]}, "properties": {"radio": "GSM", "range_m": "6712", "samples": "3"}}, {"type": "Feature", "geometry": {"type": "Point", "coordinates": [30.4175, -1.1646]}, "properties": {"radio": "GSM", "range_m": "1000", "samples": "1"}}, {"type": "Feature", "geometry": {"type": "Point", "coordinates": [30.4147, -1.2784]}, "properties": {"radio": "GSM", "range_m": "1000", "samples": "1"}}, {"type": "Feature", "geometry": {"type": "Point", "coordinates": [30.4124, -1.2841]}, "properties": {"radio": "GSM", "range_m": "1000", "samples": "2"}}, {"type": "Feature", "geometry": {"type": "Point", "coordinates": [30.4049, -1.366]}, "properties": {"radio": "GSM", "range_m": "9798", "samples": "2"}}, {"type": "Feature", "geometry": {"type": "Point", "coordinates": [30.4124, -1.2841]}, "properties": {"radio": "GSM", "range_m": "1000", "samples": "2"}}, {"type": "Feature", "geometry": {"type": "Point", "coordinates": [30.4183, -1.1458]}, "properties": {"radio": "GSM", "range_m": "2093", "samples": "2"}}, {"type": "Feature", "geometry": {"type": "Point", "coordinates": [30.4127, -1.1731]}, "properties": {"radio": "GSM", "range_m": "1089", "samples": "2"}}, {"type": "Feature", "geometry": {"type": "Point", "coordinates": [30.4127, -1.1731]}, "properties": {"radio": "GSM", "range_m": "1089", "samples": "2"}}, {"type": "Feature", "geometry": {"type": "Point", "coordinates": [30.4567, -1.0588]}, "properties": {"radio": "GSM", "range_m": "1000", "samples": "3"}}, {"type": "Feature", "geometry": {"type": "Point", "coordinates": [30.4481, -1.0568]}, "properties": {"radio": "GSM", "range_m": "3675", "samples": "4"}}, {"type": "Feature", "geometry": {"type": "Point", "coordinates": [30.4556, -1.0627]}, "properties": {"radio": "GSM", "range_m": "1000", "samples": "1"}}, {"type": "Feature", "geometry": {"type": "Point", "coordinates": [30.4536, -1.0655]}, "properties": {"radio": "GSM", "range_m": "2818", "samples": "3"}}, {"type": "Feature", "geometry": {"type": "Point", "coordinates": [30.4581, -1.0526]}, "properties": {"radio": "GSM", "range_m": "1000", "samples": "3"}}, {"type": "Feature", "geometry": {"type": "Point", "coordinates": [30.4572, -1.0545]}, "properties": {"radio": "GSM", "range_m": "1000", "samples": "3"}}, {"type": "Feature", "geometry": {"type": "Point", "coordinates": [30.0348, -1.5224]}, "properties": {"radio": "GSM", "range_m": "1000", "samples": "3"}}, {"type": "Feature", "geometry": {"type": "Point", "coordinates": [30.0996, -1.6723]}, "properties": {"radio": "GSM", "range_m": "1453", "samples": "3"}}, {"type": "Feature", "geometry": {"type": "Point", "coordinates": [30.0475, -1.921]}, "properties": {"radio": "GSM", "range_m": "1000", "samples": "1"}}, {"type": "Feature", "geometry": {"type": "Point", "coordinates": [30.1183, -2.1356]}, "properties": {"radio": "GSM", "range_m": "2869", "samples": "2"}}, {"type": "Feature", "geometry": {"type": "Point", "coordinates": [30.1353, -2.1492]}, "properties": {"radio": "GSM", "range_m": "4555", "samples": "2"}}, {"type": "Feature", "geometry": {"type": "Point", "coordinates": [30.1746, -2.1491]}, "properties": {"radio": "GSM", "range_m": "1000", "samples": "2"}}, {"type": "Feature", "geometry": {"type": "Point", "coordinates": [30.1462, -2.1241]}, "properties": {"radio": "GSM", "range_m": "1000", "samples": "2"}}, {"type": "Feature", "geometry": {"type": "Point", "coordinates": [30.1422, -2.1257]}, "properties": {"radio": "GSM", "range_m": "1000", "samples": "1"}}, {"type": "Feature", "geometry": {"type": "Point", "coordinates": [30.1462, -2.1241]}, "properties": {"radio": "GSM", "range_m": "1000", "samples": "2"}}, {"type": "Feature", "geometry": {"type": "Point", "coordinates": [30.1422, -2.1257]}, "properties": {"radio": "GSM", "range_m": "1000", "samples": "1"}}, {"type": "Feature", "geometry": {"type": "Point", "coordinates": [30.1567, -2.1268]}, "properties": {"radio": "GSM", "range_m": "1000", "samples": "1"}}, {"type": "Feature", "geometry": {"type": "Point", "coordinates": [30.1539, -2.1207]}, "properties": {"radio": "GSM", "range_m": "1000", "samples": "1"}}, {"type": "Feature", "geometry": {"type": "Point", "coordinates": [30.1567, -2.1268]}, "properties": {"radio": "GSM", "range_m": "1000", "samples": "1"}}, {"type": "Feature", "geometry": {"type": "Point", "coordinates": [30.1539, -2.1207]}, "properties": {"radio": "GSM", "range_m": "1000", "samples": "1"}}, {"type": "Feature", "geometry": {"type": "Point", "coordinates": [30.1634, -2.1378]}, "properties": {"radio": "GSM", "range_m": "2246", "samples": "2"}}, {"type": "Feature", "geometry": {"type": "Point", "coordinates": [30.1765, -2.1532]}, "properties": {"radio": "GSM", "range_m": "1000", "samples": "2"}}, {"type": "Feature", "geometry": {"type": "Point", "coordinates": [30.1765, -2.1532]}, "properties": {"radio": "GSM", "range_m": "1000", "samples": "2"}}, {"type": "Feature", "geometry": {"type": "Point", "coordinates": [30.1744, -2.1487]}, "properties": {"radio": "GSM", "range_m": "1000", "samples": "2"}}, {"type": "Feature", "geometry": {"type": "Point", "coordinates": [30.1671, -2.1413]}, "properties": {"radio": "GSM", "range_m": "1689", "samples": "2"}}, {"type": "Feature", "geometry": {"type": "Point", "coordinates": [30.1742, -2.1487]}, "properties": {"radio": "GSM", "range_m": "1000", "samples": "2"}}, {"type": "Feature", "geometry": {"type": "Point", "coordinates": [30.1765, -2.1532]}, "properties": {"radio": "GSM", "range_m": "1000", "samples": "2"}}, {"type": "Feature", "geometry": {"type": "Point", "coordinates": [30.1765, -2.1532]}, "properties": {"radio": "GSM", "range_m": "1000", "samples": "1"}}, {"type": "Feature", "geometry": {"type": "Point", "coordinates": [30.1671, -2.1413]}, "properties": {"radio": "GSM", "range_m": "1689", "samples": "2"}}, {"type": "Feature", "geometry": {"type": "Point", "coordinates": [30.1765, -2.1532]}, "properties": {"radio": "GSM", "range_m": "1000", "samples": "2"}}, {"type": "Feature", "geometry": {"type": "Point", "coordinates": [30.1554, -2.1665]}, "properties": {"radio": "GSM", "range_m": "5536", "samples": "3"}}, {"type": "Feature", "geometry": {"type": "Point", "coordinates": [30.1555, -2.1665]}, "properties": {"radio": "GSM", "range_m": "5538", "samples": "3"}}, {"type": "Feature", "geometry": {"type": "Point", "coordinates": [30.1555, -2.1666]}, "properties": {"radio": "GSM", "range_m": "5538", "samples": "3"}}, {"type": "Feature", "geometry": {"type": "Point", "coordinates": [30.1577, -2.1294]}, "properties": {"radio": "GSM", "range_m": "1000", "samples": "1"}}, {"type": "Feature", "geometry": {"type": "Point", "coordinates": [30.1503, -2.1224]}, "properties": {"radio": "GSM", "range_m": "1000", "samples": "1"}}, {"type": "Feature", "geometry": {"type": "Point", "coordinates": [30.1724, -2.1444]}, "properties": {"radio": "GSM", "range_m": "1000", "samples": "1"}}, {"type": "Feature", "geometry": {"type": "Point", "coordinates": [30.1572, -2.1742]}, "properties": {"radio": "GSM", "range_m": "3705", "samples": "2"}}, {"type": "Feature", "geometry": {"type": "Point", "coordinates": [30.0944, -2.1454]}, "properties": {"radio": "GSM", "range_m": "1000", "samples": "1"}}, {"type": "Feature", "geometry": {"type": "Point", "coordinates": [30.0634, -1.5536]}, "properties": {"radio": "GSM", "range_m": "1000", "samples": "2"}}, {"type": "Feature", "geometry": {"type": "Point", "coordinates": [30.0634, -1.5536]}, "properties": {"radio": "GSM", "range_m": "1000", "samples": "2"}}, {"type": "Feature", "geometry": {"type": "Point", "coordinates": [30.1402, -1.9292]}, "properties": {"radio": "GSM", "range_m": "1000", "samples": "1"}}, {"type": "Feature", "geometry": {"type": "Point", "coordinates": [30.1321, -1.9154]}, "properties": {"radio": "GSM", "range_m": "1000", "samples": "1"}}, {"type": "Feature", "geometry": {"type": "Point", "coordinates": [30.4465, -1.0898]}, "properties": {"radio": "GSM", "range_m": "1000", "samples": "1"}}, {"type": "Feature", "geometry": {"type": "Point", "coordinates": [30.4465, -1.0898]}, "properties": {"radio": "GSM", "range_m": "1000", "samples": "1"}}, {"type": "Feature", "geometry": {"type": "Point", "coordinates": [30.4191, -1.127]}, "properties": {"radio": "GSM", "range_m": "1000", "samples": "1"}}, {"type": "Feature", "geometry": {"type": "Point", "coordinates": [30.4191, -1.127]}, "properties": {"radio": "GSM", "range_m": "1000", "samples": "1"}}, {"type": "Feature", "geometry": {"type": "Point", "coordinates": [30.4191, -1.127]}, "properties": {"radio": "GSM", "range_m": "1000", "samples": "1"}}, {"type": "Feature", "geometry": {"type": "Point", "coordinates": [30.4254, -1.0789]}, "properties": {"radio": "GSM", "range_m": "5392", "samples": "2"}}, {"type": "Feature", "geometry": {"type": "Point", "coordinates": [30.4191, -1.127]}, "properties": {"radio": "GSM", "range_m": "1000", "samples": "1"}}, {"type": "Feature", "geometry": {"type": "Point", "coordinates": [30.4191, -1.127]}, "properties": {"radio": "GSM", "range_m": "1000", "samples": "1"}}, {"type": "Feature", "geometry": {"type": "Point", "coordinates": [30.4084, -1.2077]}, "properties": {"radio": "GSM", "range_m": "1000", "samples": "1"}}, {"type": "Feature", "geometry": {"type": "Point", "coordinates": [30.4084, -1.2077]}, "properties": {"radio": "GSM", "range_m": "1000", "samples": "1"}}, {"type": "Feature", "geometry": {"type": "Point", "coordinates": [30.4084, -1.2077]}, "properties": {"radio": "GSM", "range_m": "1000", "samples": "1"}}, {"type": "Feature", "geometry": {"type": "Point", "coordinates": [30.3724, -1.3662]}, "properties": {"radio": "GSM", "range_m": "1000", "samples": "2"}}, {"type": "Feature", "geometry": {"type": "Point", "coordinates": [30.3951, -1.4536]}, "properties": {"radio": "GSM", "range_m": "1000", "samples": "1"}}, {"type": "Feature", "geometry": {"type": "Point", "coordinates": [30.3951, -1.4536]}, "properties": {"radio": "GSM", "range_m": "1000", "samples": "1"}}, {"type": "Feature", "geometry": {"type": "Point", "coordinates": [30.3955, -1.5414]}, "properties": {"radio": "GSM", "range_m": "1000", "samples": "1"}}, {"type": "Feature", "geometry": {"type": "Point", "coordinates": [30.3955, -1.5414]}, "properties": {"radio": "GSM", "range_m": "1000", "samples": "1"}}, {"type": "Feature", "geometry": {"type": "Point", "coordinates": [30.3993, -1.5108]}, "properties": {"radio": "GSM", "range_m": "3427", "samples": "2"}}, {"type": "Feature", "geometry": {"type": "Point", "coordinates": [30.3859, -1.6209]}, "properties": {"radio": "GSM", "range_m": "1000", "samples": "2"}}, {"type": "Feature", "geometry": {"type": "Point", "coordinates": [30.3859, -1.6209]}, "properties": {"radio": "GSM", "range_m": "1000", "samples": "2"}}, {"type": "Feature", "geometry": {"type": "Point", "coordinates": [30.3868, -1.6246]}, "properties": {"radio": "GSM", "range_m": "1000", "samples": "1"}}, {"type": "Feature", "geometry": {"type": "Point", "coordinates": [30.4119, -1.7034]}, "properties": {"radio": "GSM", "range_m": "1000", "samples": "1"}}, {"type": "Feature", "geometry": {"type": "Point", "coordinates": [30.3859, -1.6209]}, "properties": {"radio": "GSM", "range_m": "1000", "samples": "2"}}, {"type": "Feature", "geometry": {"type": "Point", "coordinates": [30.4117, -1.7012]}, "properties": {"radio": "GSM", "range_m": "1000", "samples": "2"}}, {"type": "Feature", "geometry": {"type": "Point", "coordinates": [30.3829, -1.7707]}, "properties": {"radio": "GSM", "range_m": "1000", "samples": "1"}}, {"type": "Feature", "geometry": {"type": "Point", "coordinates": [30.3829, -1.7707]}, "properties": {"radio": "GSM", "range_m": "1000", "samples": "1"}}, {"type": "Feature", "geometry": {"type": "Point", "coordinates": [30.3829, -1.7707]}, "properties": {"radio": "GSM", "range_m": "1000", "samples": "1"}}, {"type": "Feature", "geometry": {"type": "Point", "coordinates": [30.3829, -1.7707]}, "properties": {"radio": "GSM", "range_m": "1000", "samples": "1"}}, {"type": "Feature", "geometry": {"type": "Point", "coordinates": [30.441, -1.8221]}, "properties": {"radio": "GSM", "range_m": "1000", "samples": "1"}}, {"type": "Feature", "geometry": {"type": "Point", "coordinates": [30.3874, -1.9542]}, "properties": {"radio": "GSM", "range_m": "1000", "samples": "2"}}, {"type": "Feature", "geometry": {"type": "Point", "coordinates": [30.0318, -1.5203]}, "properties": {"radio": "GSM", "range_m": "1000", "samples": "3"}}, {"type": "Feature", "geometry": {"type": "Point", "coordinates": [30.3873, -1.9541]}, "properties": {"radio": "GSM", "range_m": "1000", "samples": "2"}}, {"type": "Feature", "geometry": {"type": "Point", "coordinates": [30.3873, -1.9541]}, "properties": {"radio": "GSM", "range_m": "1000", "samples": "1"}}, {"type": "Feature", "geometry": {"type": "Point", "coordinates": [30.4049, -1.7806]}, "properties": {"radio": "GSM", "range_m": "1000", "samples": "1"}}, {"type": "Feature", "geometry": {"type": "Point", "coordinates": [30.4049, -1.7806]}, "properties": {"radio": "GSM", "range_m": "1000", "samples": "1"}}, {"type": "Feature", "geometry": {"type": "Point", "coordinates": [30.4049, -1.7806]}, "properties": {"radio": "GSM", "range_m": "1000", "samples": "1"}}, {"type": "Feature", "geometry": {"type": "Point", "coordinates": [30.4031, -1.4802]}, "properties": {"radio": "GSM", "range_m": "1000", "samples": "1"}}, {"type": "Feature", "geometry": {"type": "Point", "coordinates": [30.4031, -1.4802]}, "properties": {"radio": "GSM", "range_m": "1000", "samples": "1"}}, {"type": "Feature", "geometry": {"type": "Point", "coordinates": [30.4101, -1.2898]}, "properties": {"radio": "GSM", "range_m": "1000", "samples": "1"}}, {"type": "Feature", "geometry": {"type": "Point", "coordinates": [30.4078, -1.1816]}, "properties": {"radio": "GSM", "range_m": "1000", "samples": "1"}}, {"type": "Feature", "geometry": {"type": "Point", "coordinates": [30.4078, -1.1816]}, "properties": {"radio": "GSM", "range_m": "1000", "samples": "1"}}, {"type": "Feature", "geometry": {"type": "Point", "coordinates": [29.3514, -1.6852]}, "properties": {"radio": "GSM", "range_m": "1000", "samples": "1"}}, {"type": "Feature", "geometry": {"type": "Point", "coordinates": [29.2607, -1.6969]}, "properties": {"radio": "GSM", "range_m": "1000", "samples": "7"}}, {"type": "Feature", "geometry": {"type": "Point", "coordinates": [29.2607, -1.6971]}, "properties": {"radio": "GSM", "range_m": "1000", "samples": "7"}}, {"type": "Feature", "geometry": {"type": "Point", "coordinates": [29.8352, -1.4373]}, "properties": {"radio": "GSM", "range_m": "1000", "samples": "1"}}, {"type": "Feature", "geometry": {"type": "Point", "coordinates": [30.0667, -1.9536]}, "properties": {"radio": "GSM", "range_m": "1000", "samples": "1"}}, {"type": "Feature", "geometry": {"type": "Point", "coordinates": [30.0808, -1.974]}, "properties": {"radio": "GSM", "range_m": "1000", "samples": "1"}}, {"type": "Feature", "geometry": {"type": "Point", "coordinates": [30.0832, -1.9775]}, "properties": {"radio": "GSM", "range_m": "1000", "samples": "1"}}, {"type": "Feature", "geometry": {"type": "Point", "coordinates": [30.1571, -1.9364]}, "properties": {"radio": "GSM", "range_m": "1000", "samples": "1"}}, {"type": "Feature", "geometry": {"type": "Point", "coordinates": [30.132, -1.915]}, "properties": {"radio": "GSM", "range_m": "1000", "samples": "1"}}, {"type": "Feature", "geometry": {"type": "Point", "coordinates": [30.0963, -2.0754]}, "properties": {"radio": "GSM", "range_m": "1000", "samples": "1"}}, {"type": "Feature", "geometry": {"type": "Point", "coordinates": [30.0981, -2.1665]}, "properties": {"radio": "GSM", "range_m": "3424", "samples": "2"}}, {"type": "Feature", "geometry": {"type": "Point", "coordinates": [30.1134, -2.1932]}, "properties": {"radio": "GSM", "range_m": "1000", "samples": "1"}}, {"type": "Feature", "geometry": {"type": "Point", "coordinates": [30.1134, -2.1932]}, "properties": {"radio": "GSM", "range_m": "1000", "samples": "1"}}, {"type": "Feature", "geometry": {"type": "Point", "coordinates": [30.2079, -2.2511]}, "properties": {"radio": "GSM", "range_m": "1092", "samples": "2"}}, {"type": "Feature", "geometry": {"type": "Point", "coordinates": [30.2053, -2.2416]}, "properties": {"radio": "GSM", "range_m": "1000", "samples": "1"}}, {"type": "Feature", "geometry": {"type": "Point", "coordinates": [30.2197, -2.2844]}, "properties": {"radio": "GSM", "range_m": "1000", "samples": "2"}}, {"type": "Feature", "geometry": {"type": "Point", "coordinates": [30.2197, -2.2844]}, "properties": {"radio": "GSM", "range_m": "1000", "samples": "2"}}, {"type": "Feature", "geometry": {"type": "Point", "coordinates": [30.2197, -2.2844]}, "properties": {"radio": "GSM", "range_m": "1000", "samples": "2"}}, {"type": "Feature", "geometry": {"type": "Point", "coordinates": [30.2197, -2.2844]}, "properties": {"radio": "GSM", "range_m": "1000", "samples": "2"}}, {"type": "Feature", "geometry": {"type": "Point", "coordinates": [30.2159, -2.2718]}, "properties": {"radio": "GSM", "range_m": "1382", "samples": "2"}}, {"type": "Feature", "geometry": {"type": "Point", "coordinates": [30.2105, -2.2606]}, "properties": {"radio": "GSM", "range_m": "1000", "samples": "1"}}, {"type": "Feature", "geometry": {"type": "Point", "coordinates": [30.2214, -2.283]}, "properties": {"radio": "GSM", "range_m": "1000", "samples": "1"}}, {"type": "Feature", "geometry": {"type": "Point", "coordinates": [30.2193, -2.2853]}, "properties": {"radio": "GSM", "range_m": "1000", "samples": "1"}}, {"type": "Feature", "geometry": {"type": "Point", "coordinates": [30.0829, -2.1397]}, "properties": {"radio": "GSM", "range_m": "1000", "samples": "1"}}, {"type": "Feature", "geometry": {"type": "Point", "coordinates": [30.1424, -2.204]}, "properties": {"radio": "GSM", "range_m": "1000", "samples": "1"}}, {"type": "Feature", "geometry": {"type": "Point", "coordinates": [30.1424, -2.204]}, "properties": {"radio": "GSM", "range_m": "1000", "samples": "1"}}, {"type": "Feature", "geometry": {"type": "Point", "coordinates": [30.1424, -2.204]}, "properties": {"radio": "GSM", "range_m": "1000", "samples": "1"}}, {"type": "Feature", "geometry": {"type": "Point", "coordinates": [30.1424, -2.204]}, "properties": {"radio": "GSM", "range_m": "1000", "samples": "1"}}, {"type": "Feature", "geometry": {"type": "Point", "coordinates": [30.0945, -1.6119]}, "properties": {"radio": "GSM", "range_m": "1000", "samples": "1"}}, {"type": "Feature", "geometry": {"type": "Point", "coordinates": [30.0945, -1.6119]}, "properties": {"radio": "GSM", "range_m": "1000", "samples": "1"}}, {"type": "Feature", "geometry": {"type": "Point", "coordinates": [30.1077, -1.6894]}, "properties": {"radio": "GSM", "range_m": "1000", "samples": "1"}}, {"type": "Feature", "geometry": {"type": "Point", "coordinates": [30.0891, -1.8618]}, "properties": {"radio": "GSM", "range_m": "1000", "samples": "1"}}, {"type": "Feature", "geometry": {"type": "Point", "coordinates": [30.0596, -1.9442]}, "properties": {"radio": "GSM", "range_m": "1858", "samples": "2"}}, {"type": "Feature", "geometry": {"type": "Point", "coordinates": [30.0834, -1.9777]}, "properties": {"radio": "GSM", "range_m": "1000", "samples": "2"}}, {"type": "Feature", "geometry": {"type": "Point", "coordinates": [30.0656, -1.5563]}, "properties": {"radio": "GSM", "range_m": "1000", "samples": "1"}}, {"type": "Feature", "geometry": {"type": "Point", "coordinates": [29.5829, -1.5128]}, "properties": {"radio": "GSM", "range_m": "1000", "samples": "1"}}, {"type": "Feature", "geometry": {"type": "Point", "coordinates": [30.1184, -1.7017]}, "properties": {"radio": "GSM", "range_m": "1000", "samples": "1"}}, {"type": "Feature", "geometry": {"type": "Point", "coordinates": [30.0608, -1.8953]}, "properties": {"radio": "GSM", "range_m": "1000", "samples": "2"}}, {"type": "Feature", "geometry": {"type": "Point", "coordinates": [29.551, -1.5636]}, "properties": {"radio": "GSM", "range_m": "1000", "samples": "1"}}, {"type": "Feature", "geometry": {"type": "Point", "coordinates": [29.9954, -1.9038]}, "properties": {"radio": "GSM", "range_m": "1000", "samples": "4"}}, {"type": "Feature", "geometry": {"type": "Point", "coordinates": [29.9954, -1.9037]}, "properties": {"radio": "GSM", "range_m": "1000", "samples": "5"}}, {"type": "Feature", "geometry": {"type": "Point", "coordinates": [29.9954, -1.9038]}, "properties": {"radio": "GSM", "range_m": "1000", "samples": "4"}}, {"type": "Feature", "geometry": {"type": "Point", "coordinates": [30.0025, -1.9144]}, "properties": {"radio": "GSM", "range_m": "4207", "samples": "4"}}, {"type": "Feature", "geometry": {"type": "Point", "coordinates": [29.9954, -1.9038]}, "properties": {"radio": "GSM", "range_m": "1000", "samples": "5"}}, {"type": "Feature", "geometry": {"type": "Point", "coordinates": [29.9954, -1.9038]}, "properties": {"radio": "GSM", "range_m": "1000", "samples": "4"}}, {"type": "Feature", "geometry": {"type": "Point", "coordinates": [29.9954, -1.9038]}, "properties": {"radio": "GSM", "range_m": "1000", "samples": "2"}}, {"type": "Feature", "geometry": {"type": "Point", "coordinates": [29.9955, -1.9038]}, "properties": {"radio": "GSM", "range_m": "1000", "samples": "3"}}, {"type": "Feature", "geometry": {"type": "Point", "coordinates": [29.9955, -1.9037]}, "properties": {"radio": "GSM", "range_m": "1000", "samples": "1"}}, {"type": "Feature", "geometry": {"type": "Point", "coordinates": [29.9955, -1.9038]}, "properties": {"radio": "GSM", "range_m": "1000", "samples": "3"}}, {"type": "Feature", "geometry": {"type": "Point", "coordinates": [29.9955, -1.9039]}, "properties": {"radio": "GSM", "range_m": "1000", "samples": "4"}}, {"type": "Feature", "geometry": {"type": "Point", "coordinates": [29.9954, -1.9038]}, "properties": {"radio": "GSM", "range_m": "1000", "samples": "1"}}, {"type": "Feature", "geometry": {"type": "Point", "coordinates": [29.9954, -1.9038]}, "properties": {"radio": "GSM", "range_m": "1000", "samples": "3"}}, {"type": "Feature", "geometry": {"type": "Point", "coordinates": [29.9955, -1.9037]}, "properties": {"radio": "GSM", "range_m": "1000", "samples": "1"}}, {"type": "Feature", "geometry": {"type": "Point", "coordinates": [29.9955, -1.9038]}, "properties": {"radio": "GSM", "range_m": "1000", "samples": "1"}}, {"type": "Feature", "geometry": {"type": "Point", "coordinates": [29.9954, -1.9038]}, "properties": {"radio": "GSM", "range_m": "1000", "samples": "2"}}, {"type": "Feature", "geometry": {"type": "Point", "coordinates": [29.9956, -1.9039]}, "properties": {"radio": "GSM", "range_m": "1000", "samples": "3"}}, {"type": "Feature", "geometry": {"type": "Point", "coordinates": [29.9955, -1.9038]}, "properties": {"radio": "GSM", "range_m": "1000", "samples": "1"}}, {"type": "Feature", "geometry": {"type": "Point", "coordinates": [29.9954, -1.9038]}, "properties": {"radio": "GSM", "range_m": "1000", "samples": "1"}}, {"type": "Feature", "geometry": {"type": "Point", "coordinates": [29.9955, -1.9037]}, "properties": {"radio": "GSM", "range_m": "1000", "samples": "1"}}, {"type": "Feature", "geometry": {"type": "Point", "coordinates": [29.9955, -1.9038]}, "properties": {"radio": "GSM", "range_m": "1000", "samples": "1"}}, {"type": "Feature", "geometry": {"type": "Point", "coordinates": [29.9955, -1.9038]}, "properties": {"radio": "GSM", "range_m": "1000", "samples": "2"}}, {"type": "Feature", "geometry": {"type": "Point", "coordinates": [29.9954, -1.9038]}, "properties": {"radio": "GSM", "range_m": "1000", "samples": "4"}}, {"type": "Feature", "geometry": {"type": "Point", "coordinates": [29.9954, -1.9038]}, "properties": {"radio": "GSM", "range_m": "1000", "samples": "1"}}, {"type": "Feature", "geometry": {"type": "Point", "coordinates": [29.9955, -1.9037]}, "properties": {"radio": "GSM", "range_m": "1000", "samples": "1"}}, {"type": "Feature", "geometry": {"type": "Point", "coordinates": [29.9956, -1.904]}, "properties": {"radio": "GSM", "range_m": "1000", "samples": "1"}}, {"type": "Feature", "geometry": {"type": "Point", "coordinates": [29.9956, -1.904]}, "properties": {"radio": "GSM", "range_m": "1000", "samples": "2"}}, {"type": "Feature", "geometry": {"type": "Point", "coordinates": [29.9956, -1.904]}, "properties": {"radio": "GSM", "range_m": "1000", "samples": "1"}}, {"type": "Feature", "geometry": {"type": "Point", "coordinates": [30.1041, -1.6823]}, "properties": {"radio": "GSM", "range_m": "1000", "samples": "1"}}, {"type": "Feature", "geometry": {"type": "Point", "coordinates": [29.9956, -1.904]}, "properties": {"radio": "GSM", "range_m": "1000", "samples": "1"}}, {"type": "Feature", "geometry": {"type": "Point", "coordinates": [30.0836, -1.575]}, "properties": {"radio": "GSM", "range_m": "1000", "samples": "1"}}, {"type": "Feature", "geometry": {"type": "Point", "coordinates": [30.0395, -1.943]}, "properties": {"radio": "GSM", "range_m": "1000", "samples": "1"}}, {"type": "Feature", "geometry": {"type": "Point", "coordinates": [30.1286, -1.789]}, "properties": {"radio": "GSM", "range_m": "1000", "samples": "1"}}, {"type": "Feature", "geometry": {"type": "Point", "coordinates": [30.0921, -1.6726]}, "properties": {"radio": "GSM", "range_m": "1000", "samples": "1"}}, {"type": "Feature", "geometry": {"type": "Point", "coordinates": [29.392, -1.6415]}, "properties": {"radio": "GSM", "range_m": "3348", "samples": "4"}}, {"type": "Feature", "geometry": {"type": "Point", "coordinates": [30.0917, -1.6059]}, "properties": {"radio": "GSM", "range_m": "1000", "samples": "1"}}, {"type": "Feature", "geometry": {"type": "Point", "coordinates": [30.0964, -1.8138]}, "properties": {"radio": "GSM", "range_m": "1000", "samples": "1"}}, {"type": "Feature", "geometry": {"type": "Point", "coordinates": [30.0594, -1.8968]}, "properties": {"radio": "GSM", "range_m": "1000", "samples": "1"}}, {"type": "Feature", "geometry": {"type": "Point", "coordinates": [30.0748, -1.9534]}, "properties": {"radio": "GSM", "range_m": "1000", "samples": "1"}}, {"type": "Feature", "geometry": {"type": "Point", "coordinates": [29.7398, -1.3401]}, "properties": {"radio": "GSM", "range_m": "1000", "samples": "1"}}]}