{"type": "FeatureCollection", "features": [{"type": "Feature", "geometry": {"type": "Point", "coordinates": [30.1392, -1.954]}, "properties": {"radio": "GSM", "range_m": "1147", "samples": "9"}}, {"type": "Feature", "geometry": {"type": "Point", "coordinates": [29.7593, -2.575]}, "properties": {"radio": "GSM", "range_m": "2849", "samples": "3"}}, {"type": "Feature", "geometry": {"type": "Point", "coordinates": [29.7568, -2.581]}, "properties": {"radio": "GSM", "range_m": "2127", "samples": "2"}}, {"type": "Feature", "geometry": {"type": "Point", "coordinates": [29.7431, -1.3147]}, "properties": {"radio": "GSM", "range_m": "8584", "samples": "26"}}, {"type": "Feature", "geometry": {"type": "Point", "coordinates": [29.7386, -1.3272]}, "properties": {"radio": "GSM", "range_m": "6237", "samples": "21"}}, {"type": "Feature", "geometry": {"type": "Point", "coordinates": [29.7424, -1.346]}, "properties": {"radio": "GSM", "range_m": "1969", "samples": "10"}}, {"type": "Feature", "geometry": {"type": "Point", "coordinates": [30.7832, -2.378]}, "properties": {"radio": "GSM", "range_m": "4290", "samples": "25"}}, {"type": "Feature", "geometry": {"type": "Point", "coordinates": [30.7841, -2.3787]}, "properties": {"radio": "GSM", "range_m": "3717", "samples": "22"}}, {"type": "Feature", "geometry": {"type": "Point", "coordinates": [30.7665, -2.3556]}, "properties": {"radio": "GSM", "range_m": "9865", "samples": "20"}}, {"type": "Feature", "geometry": {"type": "Point", "coordinates": [30.7787, -2.3719]}, "properties": {"radio": "GSM", "range_m": "5000", "samples": "22"}}, {"type": "Feature", "geometry": {"type": "Point", "coordinates": [30.7379, -2.3039]}, "properties": {"radio": "GSM", "range_m": "4562", "samples": "22"}}, {"type": "Feature", "geometry": {"type": "Point", "coordinates": [30.7281, -2.2955]}, "properties": {"radio": "GSM", "range_m": "5675", "samples": "21"}}, {"type": "Feature", "geometry": {"type": "Point", "coordinates": [30.761, -2.339]}, "properties": {"radio": "GSM", "range_m": "7836", "samples": "22"}}, {"type": "Feature", "geometry": {"type": "Point", "coordinates": [30.7439, -2.3067]}, "properties": {"radio": "GSM", "range_m": "7966", "samples": "21"}}, {"type": "Feature", "geometry": {"type": "Point", "coordinates": [30.7323, -2.2905]}, "properties": {"radio": "GSM", "range_m": "6791", "samples": "26"}}, {"type": "Feature", "geometry": {"type": "Point", "coordinates": [30.7294, -2.2893]}, "properties": {"radio": "GSM", "range_m": "5375", "samples": "22"}}, {"type": "Feature", "geometry": {"type": "Point", "coordinates": [30.7364, -2.2923]}, "properties": {"radio": "GSM", "range_m": "8883", "samples": "21"}}, {"type": "Feature", "geometry": {"type": "Point", "coordinates": [30.7409, -2.3102]}, "properties": {"radio": "GSM", "range_m": "4826", "samples": "22"}}, {"type": "Feature", "geometry": {"type": "Point", "coordinates": [30.6768, -2.2739]}, "properties": {"radio": "GSM", "range_m": "6517", "samples": "21"}}, {"type": "Feature", "geometry": {"type": "Point", "coordinates": [30.6597, -2.2695]}, "properties": {"radio": "GSM", "range_m": "3151", "samples": "24"}}, {"type": "Feature", "geometry": {"type": "Point", "coordinates": [30.672, -2.2717]}, "properties": {"radio": "GSM", "range_m": "4356", "samples": "21"}}, {"type": "Feature", "geometry": {"type": "Point", "coordinates": [30.6861, -2.2741]}, "properties": {"radio": "GSM", "range_m": "3602", "samples": "22"}}, {"type": "Feature", "geometry": {"type": "Point", "coordinates": [30.6264, -2.2716]}, "properties": {"radio": "GSM", "range_m": "8806", "samples": "22"}}, {"type": "Feature", "geometry": {"type": "Point", "coordinates": [30.5669, -2.277]}, "properties": {"radio": "GSM", "range_m": "4225", "samples": "22"}}, {"type": "Feature", "geometry": {"type": "Point", "coordinates": [30.5854, -2.2788]}, "properties": {"radio": "GSM", "range_m": "8258", "samples": "23"}}, {"type": "Feature", "geometry": {"type": "Point", "coordinates": [30.5698, -2.2763]}, "properties": {"radio": "GSM", "range_m": "7622", "samples": "23"}}, {"type": "Feature", "geometry": {"type": "Point", "coordinates": [30.572, -2.282]}, "properties": {"radio": "GSM", "range_m": "2740", "samples": "25"}}, {"type": "Feature", "geometry": {"type": "Point", "coordinates": [30.5878, -2.2798]}, "properties": {"radio": "GSM", "range_m": "3653", "samples": "26"}}, {"type": "Feature", "geometry": {"type": "Point", "coordinates": [30.5541, -2.2455]}, "properties": {"radio": "GSM", "range_m": "6916", "samples": "24"}}, {"type": "Feature", "geometry": {"type": "Point", "coordinates": [30.5526, -2.2695]}, "properties": {"radio": "GSM", "range_m": "2495", "samples": "23"}}, {"type": "Feature", "geometry": {"type": "Point", "coordinates": [30.5585, -2.2227]}, "properties": {"radio": "GSM", "range_m": "7136", "samples": "21"}}, {"type": "Feature", "geometry": {"type": "Point", "coordinates": [30.5661, -2.1923]}, "properties": {"radio": "GSM", "range_m": "6915", "samples": "24"}}, {"type": "Feature", "geometry": {"type": "Point", "coordinates": [30.5894, -2.2751]}, "properties": {"radio": "GSM", "range_m": "4720", "samples": "20"}}, {"type": "Feature", "geometry": {"type": "Point", "coordinates": [30.5504, -2.2655]}, "properties": {"radio": "GSM", "range_m": "5205", "samples": "12"}}, {"type": "Feature", "geometry": {"type": "Point", "coordinates": [30.5693, -2.1827]}, "properties": {"radio": "GSM", "range_m": "6568", "samples": "23"}}, {"type": "Feature", "geometry": {"type": "Point", "coordinates": [30.5738, -2.1584]}, "properties": {"radio": "GSM", "range_m": "7698", "samples": "22"}}, {"type": "Feature", "geometry": {"type": "Point", "coordinates": [30.5716, -2.1748]}, "properties": {"radio": "GSM", "range_m": "7484", "samples": "24"}}, {"type": "Feature", "geometry": {"type": "Point", "coordinates": [30.5745, -2.1453]}, "properties": {"radio": "GSM", "range_m": "8634", "samples": "16"}}, {"type": "Feature", "geometry": {"type": "Point", "coordinates": [30.57, -2.1775]}, "properties": {"radio": "GSM", "range_m": "2647", "samples": "14"}}, {"type": "Feature", "geometry": {"type": "Point", "coordinates": [30.5714, -2.1573]}, "properties": {"radio": "GSM", "range_m": "8684", "samples": "23"}}, {"type": "Feature", "geometry": {"type": "Point", "coordinates": [30.5601, -2.1475]}, "properties": {"radio": "GSM", "range_m": "2614", "samples": "9"}}, {"type": "Feature", "geometry": {"type": "Point", "coordinates": [30.5626, -2.142]}, "properties": {"radio": "GSM", "range_m": "5491", "samples": "21"}}, {"type": "Feature", "geometry": {"type": "Point", "coordinates": [30.5563, -2.1017]}, "properties": {"radio": "GSM", "range_m": "5238", "samples": "21"}}, {"type": "Feature", "geometry": {"type": "Point", "coordinates": [30.5583, -2.1224]}, "properties": {"radio": "GSM", "range_m": "9392", "samples": "21"}}, {"type": "Feature", "geometry": {"type": "Point", "coordinates": [30.5562, -2.1237]}, "properties": {"radio": "GSM", "range_m": "4231", "samples": "21"}}, {"type": "Feature", "geometry": {"type": "Point", "coordinates": [30.5532, -2.124]}, "properties": {"radio": "GSM", "range_m": "22936", "samples": "18"}}, {"type": "Feature", "geometry": {"type": "Point", "coordinates": [30.5377, -1.966]}, "properties": {"radio": "GSM", "range_m": "7525", "samples": "25"}}, {"type": "Feature", "geometry": {"type": "Point", "coordinates": [30.5418, -1.972]}, "properties": {"radio": "GSM", "range_m": "5789", "samples": "21"}}, {"type": "Feature", "geometry": {"type": "Point", "coordinates": [30.5235, -1.9503]}, "properties": {"radio": "GSM", "range_m": "5181", "samples": "26"}}, {"type": "Feature", "geometry": {"type": "Point", "coordinates": [30.5049, -1.9209]}, "properties": {"radio": "GSM", "range_m": "4961", "samples": "23"}}, {"type": "Feature", "geometry": {"type": "Point", "coordinates": [30.5575, -2.0015]}, "properties": {"radio": "GSM", "range_m": "5028", "samples": "21"}}, {"type": "Feature", "geometry": {"type": "Point", "coordinates": [30.4897, -1.9099]}, "properties": {"radio": "GSM", "range_m": "5334", "samples": "21"}}, {"type": "Feature", "geometry": {"type": "Point", "coordinates": [30.5005, -1.915]}, "properties": {"radio": "GSM", "range_m": "3027", "samples": "22"}}, {"type": "Feature", "geometry": {"type": "Point", "coordinates": [30.487, -1.9354]}, "properties": {"radio": "GSM", "range_m": "4496", "samples": "10"}}, {"type": "Feature", "geometry": {"type": "Point", "coordinates": [30.5215, -1.9497]}, "properties": {"radio": "GSM", "range_m": "4893", "samples": "22"}}, {"type": "Feature", "geometry": {"type": "Point", "coordinates": [30.4477, -1.9027]}, "properties": {"radio": "GSM", "range_m": "13348", "samples": "26"}}, {"type": "Feature", "geometry": {"type": "Point", "coordinates": [30.4684, -1.9027]}, "properties": {"radio": "GSM", "range_m": "3366", "samples": "21"}}, {"type": "Feature", "geometry": {"type": "Point", "coordinates": [30.4521, -1.9251]}, "properties": {"radio": "GSM", "range_m": "5170", "samples": "25"}}, {"type": "Feature", "geometry": {"type": "Point", "coordinates": [30.4398, -1.9267]}, "properties": {"radio": "GSM", "range_m": "7095", "samples": "23"}}, {"type": "Feature", "geometry": {"type": "Point", "coordinates": [30.4147, -1.9287]}, "properties": {"radio": "GSM", "range_m": "8380", "samples": "22"}}, {"type": "Feature", "geometry": {"type": "Point", "coordinates": [30.4539, -1.9208]}, "properties": {"radio": "GSM", "range_m": "4801", "samples": "22"}}, {"type": "Feature", "geometry": {"type": "Point", "coordinates": [30.4418, -1.9346]}, "properties": {"radio": "GSM", "range_m": "8205", "samples": "22"}}, {"type": "Feature", "geometry": {"type": "Point", "coordinates": [30.3956, -1.9468]}, "properties": {"radio": "GSM", "range_m": "5913", "samples": "21"}}, {"type": "Feature", "geometry": {"type": "Point", "coordinates": [30.3957, -1.9462]}, "properties": {"radio": "GSM", "range_m": "6499", "samples": "26"}}, {"type": "Feature", "geometry": {"type": "Point", "coordinates": [30.4144, -1.9407]}, "properties": {"radio": "GSM", "range_m": "9839", "samples": "26"}}, {"type": "Feature", "geometry": {"type": "Point", "coordinates": [30.3992, -1.9466]}, "properties": {"radio": "GSM", "range_m": "5082", "samples": "24"}}, {"type": "Feature", "geometry": {"type": "Point", "coordinates": [30.3872, -1.9481]}, "properties": {"radio": "GSM", "range_m": "4764", "samples": "21"}}, {"type": "Feature", "geometry": {"type": "Point", "coordinates": [30.3603, -1.9396]}, "properties": {"radio": "GSM", "range_m": "6532", "samples": "24"}}, {"type": "Feature", "geometry": {"type": "Point", "coordinates": [30.4162, -1.9435]}, "properties": {"radio": "GSM", "range_m": "3223", "samples": "12"}}, {"type": "Feature", "geometry": {"type": "Point", "coordinates": [30.3386, -1.9501]}, "properties": {"radio": "GSM", "range_m": "2155", "samples": "21"}}, {"type": "Feature", "geometry": {"type": "Point", "coordinates": [30.3566, -1.9534]}, "properties": {"radio": "GSM", "range_m": "3205", "samples": "26"}}, {"type": "Feature", "geometry": {"type": "Point", "coordinates": [30.3412, -1.9518]}, "properties": {"radio": "GSM", "range_m": "8593", "samples": "22"}}, {"type": "Feature", "geometry": {"type": "Point", "coordinates": [30.343, -1.9529]}, "properties": {"radio": "GSM", "range_m": "8812", "samples": "19"}}, {"type": "Feature", "geometry": {"type": "Point", "coordinates": [30.3518, -1.9532]}, "properties": {"radio": "GSM", "range_m": "3349", "samples": "12"}}, {"type": "Feature", "geometry": {"type": "Point", "coordinates": [30.3333, -1.9433]}, "properties": {"radio": "GSM", "range_m": "6134", "samples": "22"}}, {"type": "Feature", "geometry": {"type": "Point", "coordinates": [30.3371, -1.9482]}, "properties": {"radio": "GSM", "range_m": "1900", "samples": "17"}}, {"type": "Feature", "geometry": {"type": "Point", "coordinates": [30.3359, -1.9471]}, "properties": {"radio": "GSM", "range_m": "7688", "samples": "23"}}, {"type": "Feature", "geometry": {"type": "Point", "coordinates": [30.3285, -1.9503]}, "properties": {"radio": "GSM", "range_m": "8910", "samples": "16"}}, {"type": "Feature", "geometry": {"type": "Point", "coordinates": [30.2841, -1.9048]}, "properties": {"radio": "GSM", "range_m": "8214", "samples": "23"}}, {"type": "Feature", "geometry": {"type": "Point", "coordinates": [30.2849, -1.8989]}, "properties": {"radio": "GSM", "range_m": "7008", "samples": "19"}}, {"type": "Feature", "geometry": {"type": "Point", "coordinates": [30.2848, -1.9106]}, "properties": {"radio": "GSM", "range_m": "7280", "samples": "24"}}, {"type": "Feature", "geometry": {"type": "Point", "coordinates": [30.2724, -1.9118]}, "properties": {"radio": "GSM", "range_m": "7649", "samples": "26"}}, {"type": "Feature", "geometry": {"type": "Point", "coordinates": [30.2897, -1.8982]}, "properties": {"radio": "GSM", "range_m": "10295", "samples": "21"}}, {"type": "Feature", "geometry": {"type": "Point", "coordinates": [30.2405, -1.9587]}, "properties": {"radio": "GSM", "range_m": "10292", "samples": "26"}}, {"type": "Feature", "geometry": {"type": "Point", "coordinates": [30.2325, -1.9623]}, "properties": {"radio": "GSM", "range_m": "9193", "samples": "21"}}, {"type": "Feature", "geometry": {"type": "Point", "coordinates": [30.2338, -1.9614]}, "properties": {"radio": "GSM", "range_m": "6095", "samples": "18"}}, {"type": "Feature", "geometry": {"type": "Point", "coordinates": [30.2306, -1.9656]}, "properties": {"radio": "GSM", "range_m": "2093", "samples": "18"}}, {"type": "Feature", "geometry": {"type": "Point", "coordinates": [30.2298, -1.9621]}, "properties": {"radio": "GSM", "range_m": "5614", "samples": "19"}}, {"type": "Feature", "geometry": {"type": "Point", "coordinates": [30.2446, -1.9541]}, "properties": {"radio": "GSM", "range_m": "6788", "samples": "20"}}, {"type": "Feature", "geometry": {"type": "Point", "coordinates": [30.2354, -1.9589]}, "properties": {"radio": "GSM", "range_m": "5999", "samples": "20"}}, {"type": "Feature", "geometry": {"type": "Point", "coordinates": [30.1697, -1.9697]}, "properties": {"radio": "GSM", "range_m": "6122", "samples": "18"}}, {"type": "Feature", "geometry": {"type": "Point", "coordinates": [30.1682, -1.9691]}, "properties": {"radio": "GSM", "range_m": "1758", "samples": "18"}}, {"type": "Feature", "geometry": {"type": "Point", "coordinates": [30.1574, -1.96]}, "properties": {"radio": "GSM", "range_m": "2231", "samples": "25"}}, {"type": "Feature", "geometry": {"type": "Point", "coordinates": [30.161, -1.9618]}, "properties": {"radio": "GSM", "range_m": "6631", "samples": "19"}}, {"type": "Feature", "geometry": {"type": "Point", "coordinates": [30.1603, -1.9617]}, "properties": {"radio": "GSM", "range_m": "2733", "samples": "23"}}, {"type": "Feature", "geometry": {"type": "Point", "coordinates": [30.1597, -1.9504]}, "properties": {"radio": "GSM", "range_m": "1000", "samples": "6"}}, {"type": "Feature", "geometry": {"type": "Point", "coordinates": [30.1613, -1.9603]}, "properties": {"radio": "GSM", "range_m": "1882", "samples": "11"}}, {"type": "Feature", "geometry": {"type": "Point", "coordinates": [30.1577, -1.9574]}, "properties": {"radio": "GSM", "range_m": "2720", "samples": "23"}}, {"type": "Feature", "geometry": {"type": "Point", "coordinates": [30.1605, -1.9558]}, "properties": {"radio": "GSM", "range_m": "1783", "samples": "18"}}, {"type": "Feature", "geometry": {"type": "Point", "coordinates": [30.1582, -1.9578]}, "properties": {"radio": "GSM", "range_m": "1066", "samples": "19"}}, {"type": "Feature", "geometry": {"type": "Point", "coordinates": [30.1663, -1.9615]}, "properties": {"radio": "GSM", "range_m": "4412", "samples": "13"}}, {"type": "Feature", "geometry": {"type": "Point", "coordinates": [30.175, -1.9752]}, "properties": {"radio": "GSM", "range_m": "3177", "samples": "13"}}, {"type": "Feature", "geometry": {"type": "Point", "coordinates": [30.1618, -1.9624]}, "properties": {"radio": "GSM", "range_m": "1205", "samples": "6"}}, {"type": "Feature", "geometry": {"type": "Point", "coordinates": [30.1755, -1.9739]}, "properties": {"radio": "GSM", "range_m": "4642", "samples": "7"}}, {"type": "Feature", "geometry": {"type": "Point", "coordinates": [30.1737, -1.9733]}, "properties": {"radio": "GSM", "range_m": "2981", "samples": "10"}}, {"type": "Feature", "geometry": {"type": "Point", "coordinates": [30.161, -1.9576]}, "properties": {"radio": "GSM", "range_m": "2083", "samples": "9"}}, {"type": "Feature", "geometry": {"type": "Point", "coordinates": [30.1854, -1.9771]}, "properties": {"radio": "GSM", "range_m": "4279", "samples": "7"}}, {"type": "Feature", "geometry": {"type": "Point", "coordinates": [30.174, -1.9715]}, "properties": {"radio": "GSM", "range_m": "3881", "samples": "14"}}, {"type": "Feature", "geometry": {"type": "Point", "coordinates": [30.1811, -1.9777]}, "properties": {"radio": "GSM", "range_m": "4064", "samples": "21"}}, {"type": "Feature", "geometry": {"type": "Point", "coordinates": [30.1791, -1.9765]}, "properties": {"radio": "GSM", "range_m": "2230", "samples": "10"}}, {"type": "Feature", "geometry": {"type": "Point", "coordinates": [30.236, -1.9555]}, "properties": {"radio": "GSM", "range_m": "5695", "samples": "22"}}, {"type": "Feature", "geometry": {"type": "Point", "coordinates": [30.2472, -1.9518]}, "properties": {"radio": "GSM", "range_m": "6398", "samples": "24"}}, {"type": "Feature", "geometry": {"type": "Point", "coordinates": [30.3137, -1.9177]}, "properties": {"radio": "GSM", "range_m": "4805", "samples": "21"}}, {"type": "Feature", "geometry": {"type": "Point", "coordinates": [30.3019, -1.9007]}, "properties": {"radio": "GSM", "range_m": "2630", "samples": "16"}}, {"type": "Feature", "geometry": {"type": "Point", "coordinates": [30.3685, -1.9523]}, "properties": {"radio": "GSM", "range_m": "8510", "samples": "19"}}, {"type": "Feature", "geometry": {"type": "Point", "coordinates": [30.3629, -1.9545]}, "properties": {"radio": "GSM", "range_m": "1058", "samples": "3"}}, {"type": "Feature", "geometry": {"type": "Point", "coordinates": [30.4314, -1.9174]}, "properties": {"radio": "GSM", "range_m": "8332", "samples": "21"}}, {"type": "Feature", "geometry": {"type": "Point", "coordinates": [30.364, -1.9556]}, "properties": {"radio": "GSM", "range_m": "5359", "samples": "10"}}, {"type": "Feature", "geometry": {"type": "Point", "coordinates": [30.3722, -1.9512]}, "properties": {"radio": "GSM", "range_m": "14654", "samples": "18"}}, {"type": "Feature", "geometry": {"type": "Point", "coordinates": [30.4571, -1.9135]}, "properties": {"radio": "GSM", "range_m": "9442", "samples": "24"}}, {"type": "Feature", "geometry": {"type": "Point", "coordinates": [30.4371, -1.9372]}, "properties": {"radio": "GSM", "range_m": "7849", "samples": "23"}}, {"type": "Feature", "geometry": {"type": "Point", "coordinates": [30.4514, -1.9273]}, "properties": {"radio": "GSM", "range_m": "6576", "samples": "26"}}, {"type": "Feature", "geometry": {"type": "Point", "coordinates": [30.4911, -1.9056]}, "properties": {"radio": "GSM", "range_m": "8899", "samples": "26"}}, {"type": "Feature", "geometry": {"type": "Point", "coordinates": [30.5593, -2.0059]}, "properties": {"radio": "GSM", "range_m": "2388", "samples": "23"}}, {"type": "Feature", "geometry": {"type": "Point", "coordinates": [30.558, -2.0095]}, "properties": {"radio": "GSM", "range_m": "7677", "samples": "21"}}, {"type": "Feature", "geometry": {"type": "Point", "coordinates": [30.5429, -1.9844]}, "properties": {"radio": "GSM", "range_m": "15772", "samples": "26"}}, {"type": "Feature", "geometry": {"type": "Point", "coordinates": [30.5255, -2.068]}, "properties": {"radio": "GSM", "range_m": "21665", "samples": "19"}}, {"type": "Feature", "geometry": {"type": "Point", "coordinates": [30.5553, -2.1243]}, "properties": {"radio": "GSM", "range_m": "4593", "samples": "21"}}, {"type": "Feature", "geometry": {"type": "Point", "coordinates": [30.5631, -2.1558]}, "properties": {"radio": "GSM", "range_m": "5862", "samples": "22"}}, {"type": "Feature", "geometry": {"type": "Point", "coordinates": [30.5495, -2.1522]}, "properties": {"radio": "GSM", "range_m": "30006", "samples": "15"}}, {"type": "Feature", "geometry": {"type": "Point", "coordinates": [30.6345, -2.2679]}, "properties": {"radio": "GSM", "range_m": "2903", "samples": "21"}}, {"type": "Feature", "geometry": {"type": "Point", "coordinates": [30.7365, -2.2896]}, "properties": {"radio": "GSM", "range_m": "2160", "samples": "17"}}, {"type": "Feature", "geometry": {"type": "Point", "coordinates": [29.7593, -1.2779]}, "properties": {"radio": "GSM", "range_m": "7286", "samples": "8"}}, {"type": "Feature", "geometry": {"type": "Point", "coordinates": [29.5601, -1.5434]}, "properties": {"radio": "GSM", "range_m": "1516", "samples": "6"}}, {"type": "Feature", "geometry": {"type": "Point", "coordinates": [29.6183, -1.5018]}, "properties": {"radio": "GSM", "range_m": "1981", "samples": "5"}}, {"type": "Feature", "geometry": {"type": "Point", "coordinates": [29.6299, -1.5023]}, "properties": {"radio": "GSM", "range_m": "1319", "samples": "4"}}, {"type": "Feature", "geometry": {"type": "Point", "coordinates": [29.6718, -1.5372]}, "properties": {"radio": "GSM", "range_m": "5316", "samples": "8"}}, {"type": "Feature", "geometry": {"type": "Point", "coordinates": [29.6654, -1.5308]}, "properties": {"radio": "GSM", "range_m": "3681", "samples": "6"}}, {"type": "Feature", "geometry": {"type": "Point", "coordinates": [29.7235, -1.576]}, "properties": {"radio": "GSM", "range_m": "4028", "samples": "7"}}, {"type": "Feature", "geometry": {"type": "Point", "coordinates": [29.7354, -1.5855]}, "properties": {"radio": "GSM", "range_m": "5298", "samples": "7"}}, {"type": "Feature", "geometry": {"type": "Point", "coordinates": [29.752, -1.5951]}, "properties": {"radio": "GSM", "range_m": "2803", "samples": "8"}}, {"type": "Feature", "geometry": {"type": "Point", "coordinates": [29.7333, -1.582]}, "properties": {"radio": "GSM", "range_m": "4903", "samples": "8"}}, {"type": "Feature", "geometry": {"type": "Point", "coordinates": [29.772, -1.6301]}, "properties": {"radio": "GSM", "range_m": "2054", "samples": "3"}}, {"type": "Feature", "geometry": {"type": "Point", "coordinates": [29.9191, -1.7317]}, "properties": {"radio": "GSM", "range_m": "4763", "samples": "9"}}, {"type": "Feature", "geometry": {"type": "Point", "coordinates": [29.9261, -1.763]}, "properties": {"radio": "GSM", "range_m": "3953", "samples": "11"}}, {"type": "Feature", "geometry": {"type": "Point", "coordinates": [29.924, -1.7558]}, "properties": {"radio": "GSM", "range_m": "3857", "samples": "3"}}, {"type": "Feature", "geometry": {"type": "Point", "coordinates": [29.927, -1.7653]}, "properties": {"radio": "GSM", "range_m": "2663", "samples": "7"}}, {"type": "Feature", "geometry": {"type": "Point", "coordinates": [29.9397, -1.8157]}, "properties": {"radio": "GSM", "range_m": "1128", "samples": "5"}}, {"type": "Feature", "geometry": {"type": "Point", "coordinates": [29.9408, -1.8166]}, "properties": {"radio": "GSM", "range_m": "1287", "samples": "8"}}, {"type": "Feature", "geometry": {"type": "Point", "coordinates": [29.9428, -1.8024]}, "properties": {"radio": "GSM", "range_m": "8177", "samples": "11"}}, {"type": "Feature", "geometry": {"type": "Point", "coordinates": [29.9399, -1.8156]}, "properties": {"radio": "GSM", "range_m": "1138", "samples": "7"}}, {"type": "Feature", "geometry": {"type": "Point", "coordinates": [30.0058, -1.9372]}, "properties": {"radio": "GSM", "range_m": "3455", "samples": "9"}}, {"type": "Feature", "geometry": {"type": "Point", "coordinates": [29.9968, -1.9043]}, "properties": {"radio": "GSM", "range_m": "5203", "samples": "8"}}, {"type": "Feature", "geometry": {"type": "Point", "coordinates": [30.0344, -1.9424]}, "properties": {"radio": "GSM", "range_m": "1202", "samples": "10"}}, {"type": "Feature", "geometry": {"type": "Point", "coordinates": [30.0357, -1.9422]}, "properties": {"radio": "GSM", "range_m": "1173", "samples": "15"}}, {"type": "Feature", "geometry": {"type": "Point", "coordinates": [30.0433, -1.94]}, "properties": {"radio": "GSM", "range_m": "1581", "samples": "12"}}, {"type": "Feature", "geometry": {"type": "Point", "coordinates": [30.0076, -1.9496]}, "properties": {"radio": "GSM", "range_m": "3765", "samples": "7"}}, {"type": "Feature", "geometry": {"type": "Point", "coordinates": [30.0291, -1.9439]}, "properties": {"radio": "GSM", "range_m": "1453", "samples": "12"}}, {"type": "Feature", "geometry": {"type": "Point", "coordinates": [30.0974, -1.9678]}, "properties": {"radio": "GSM", "range_m": "1000", "samples": "5"}}, {"type": "Feature", "geometry": {"type": "Point", "coordinates": [30.1008, -1.9672]}, "properties": {"radio": "GSM", "range_m": "1000", "samples": "7"}}, {"type": "Feature", "geometry": {"type": "Point", "coordinates": [30.0921, -1.9708]}, "properties": {"radio": "GSM", "range_m": "1331", "samples": "6"}}, {"type": "Feature", "geometry": {"type": "Point", "coordinates": [30.0941, -1.9682]}, "properties": {"radio": "GSM", "range_m": "1199", "samples": "19"}}, {"type": "Feature", "geometry": {"type": "Point", "coordinates": [30.0885, -1.9679]}, "properties": {"radio": "GSM", "range_m": "1110", "samples": "13"}}, {"type": "Feature", "geometry": {"type": "Point", "coordinates": [30.1844, -1.9827]}, "properties": {"radio": "GSM", "range_m": "1516", "samples": "9"}}, {"type": "Feature", "geometry": {"type": "Point", "coordinates": [30.1919, -1.985]}, "properties": {"radio": "GSM", "range_m": "1889", "samples": "22"}}, {"type": "Feature", "geometry": {"type": "Point", "coordinates": [30.1877, -1.9883]}, "properties": {"radio": "GSM", "range_m": "1386", "samples": "3"}}, {"type": "Feature", "geometry": {"type": "Point", "coordinates": [30.2655, -1.944]}, "properties": {"radio": "GSM", "range_m": "5441", "samples": "12"}}, {"type": "Feature", "geometry": {"type": "Point", "coordinates": [30.2714, -1.923]}, "properties": {"radio": "GSM", "range_m": "3381", "samples": "22"}}, {"type": "Feature", "geometry": {"type": "Point", "coordinates": [30.2764, -1.944]}, "properties": {"radio": "GSM", "range_m": "11852", "samples": "13"}}, {"type": "Feature", "geometry": {"type": "Point", "coordinates": [30.3198, -1.9273]}, "properties": {"radio": "GSM", "range_m": "3907", "samples": "22"}}, {"type": "Feature", "geometry": {"type": "Point", "coordinates": [30.3716, -1.9241]}, "properties": {"radio": "GSM", "range_m": "13637", "samples": "21"}}, {"type": "Feature", "geometry": {"type": "Point", "coordinates": [30.3488, -1.9442]}, "properties": {"radio": "GSM", "range_m": "16614", "samples": "21"}}, {"type": "Feature", "geometry": {"type": "Point", "coordinates": [30.507, -1.9332]}, "properties": {"radio": "GSM", "range_m": "2999", "samples": "25"}}, {"type": "Feature", "geometry": {"type": "Point", "coordinates": [30.7597, -2.3474]}, "properties": {"radio": "GSM", "range_m": "4552", "samples": "24"}}, {"type": "Feature", "geometry": {"type": "Point", "coordinates": [30.7621, -2.3469]}, "properties": {"radio": "GSM", "range_m": "8234", "samples": "20"}}, {"type": "Feature", "geometry": {"type": "Point", "coordinates": [29.7375, -1.3219]}, "properties": {"radio": "GSM", "range_m": "4839", "samples": "9"}}, {"type": "Feature", "geometry": {"type": "Point", "coordinates": [30.45, -1.0471]}, "properties": {"radio": "GSM", "range_m": "5442", "samples": "6"}}, {"type": "Feature", "geometry": {"type": "Point", "coordinates": [30.6708, -2.2724]}, "properties": {"radio": "GSM", "range_m": "6275", "samples": "21"}}, {"type": "Feature", "geometry": {"type": "Point", "coordinates": [30.558, -2.0472]}, "properties": {"radio": "GSM", "range_m": "16426", "samples": "21"}}, {"type": "Feature", "geometry": {"type": "Point", "coordinates": [30.507, -1.9229]}, "properties": {"radio": "GSM", "range_m": "8242", "samples": "14"}}, {"type": "Feature", "geometry": {"type": "Point", "coordinates": [30.448, -1.9297]}, "properties": {"radio": "GSM", "range_m": "5449", "samples": "4"}}, {"type": "Feature", "geometry": {"type": "Point", "coordinates": [30.235, -1.9582]}, "properties": {"radio": "GSM", "range_m": "1063", "samples": "10"}}, {"type": "Feature", "geometry": {"type": "Point", "coordinates": [30.2353, -1.959]}, "properties": {"radio": "GSM", "range_m": "3934", "samples": "14"}}, {"type": "Feature", "geometry": {"type": "Point", "coordinates": [30.2346, -1.9587]}, "properties": {"radio": "GSM", "range_m": "1360", "samples": "25"}}, {"type": "Feature", "geometry": {"type": "Point", "coordinates": [30.2351, -1.9572]}, "properties": {"radio": "GSM", "range_m": "1060", "samples": "25"}}, {"type": "Feature", "geometry": {"type": "Point", "coordinates": [30.22, -1.9731]}, "properties": {"radio": "GSM", "range_m": "4332", "samples": "11"}}, {"type": "Feature", "geometry": {"type": "Point", "coordinates": [30.2198, -1.9711]}, "properties": {"radio": "GSM", "range_m": "4543", "samples": "15"}}, {"type": "Feature", "geometry": {"type": "Point", "coordinates": [30.1888, -1.9912]}, "properties": {"radio": "GSM", "range_m": "1818", "samples": "9"}}, {"type": "Feature", "geometry": {"type": "Point", "coordinates": [30.1862, -1.9853]}, "properties": {"radio": "GSM", "range_m": "1100", "samples": "6"}}, {"type": "Feature", "geometry": {"type": "Point", "coordinates": [30.123, -1.9607]}, "properties": {"radio": "GSM", "range_m": "4257", "samples": "9"}}, {"type": "Feature", "geometry": {"type": "Point", "coordinates": [30.1177, -1.96]}, "properties": {"radio": "GSM", "range_m": "1000", "samples": "7"}}, {"type": "Feature", "geometry": {"type": "Point", "coordinates": [30.1218, -1.9601]}, "properties": {"radio": "GSM", "range_m": "1860", "samples": "9"}}, {"type": "Feature", "geometry": {"type": "Point", "coordinates": [30.1188, -1.9605]}, "properties": {"radio": "GSM", "range_m": "1000", "samples": "7"}}, {"type": "Feature", "geometry": {"type": "Point", "coordinates": [30.0717, -1.9467]}, "properties": {"radio": "GSM", "range_m": "1569", "samples": "6"}}, {"type": "Feature", "geometry": {"type": "Point", "coordinates": [30.0246, -1.9454]}, "properties": {"radio": "GSM", "range_m": "8959", "samples": "12"}}, {"type": "Feature", "geometry": {"type": "Point", "coordinates": [30.0087, -1.9512]}, "properties": {"radio": "GSM", "range_m": "3492", "samples": "12"}}, {"type": "Feature", "geometry": {"type": "Point", "coordinates": [30.0094, -1.9514]}, "properties": {"radio": "GSM", "range_m": "2632", "samples": "7"}}, {"type": "Feature", "geometry": {"type": "Point", "coordinates": [30.0213, -1.9452]}, "properties": {"radio": "GSM", "range_m": "1991", "samples": "12"}}, {"type": "Feature", "geometry": {"type": "Point", "coordinates": [30.0815, -1.9695]}, "properties": {"radio": "GSM", "range_m": "6649", "samples": "11"}}, {"type": "Feature", "geometry": {"type": "Point", "coordinates": [30.0004, -1.9498]}, "properties": {"radio": "GSM", "range_m": "4135", "samples": "12"}}, {"type": "Feature", "geometry": {"type": "Point", "coordinates": [29.9587, -1.8397]}, "properties": {"radio": "GSM", "range_m": "6174", "samples": "6"}}, {"type": "Feature", "geometry": {"type": "Point", "coordinates": [29.9564, -1.8429]}, "properties": {"radio": "GSM", "range_m": "1981", "samples": "7"}}, {"type": "Feature", "geometry": {"type": "Point", "coordinates": [29.9587, -1.8465]}, "properties": {"radio": "GSM", "range_m": "2454", "samples": "4"}}, {"type": "Feature", "geometry": {"type": "Point", "coordinates": [29.9303, -1.7952]}, "properties": {"radio": "GSM", "range_m": "1924", "samples": "4"}}, {"type": "Feature", "geometry": {"type": "Point", "coordinates": [29.9422, -1.8128]}, "properties": {"radio": "GSM", "range_m": "7242", "samples": "8"}}, {"type": "Feature", "geometry": {"type": "Point", "coordinates": [29.9308, -1.7813]}, "properties": {"radio": "GSM", "range_m": "5019", "samples": "7"}}, {"type": "Feature", "geometry": {"type": "Point", "coordinates": [29.5766, -1.5236]}, "properties": {"radio": "GSM", "range_m": "3272", "samples": "6"}}, {"type": "Feature", "geometry": {"type": "Point", "coordinates": [29.5728, -1.5295]}, "properties": {"radio": "GSM", "range_m": "3141", "samples": "4"}}, {"type": "Feature", "geometry": {"type": "Point", "coordinates": [29.5796, -1.5209]}, "properties": {"radio": "GSM", "range_m": "2336", "samples": "6"}}, {"type": "Feature", "geometry": {"type": "Point", "coordinates": [29.5675, -1.5342]}, "properties": {"radio": "GSM", "range_m": "1000", "samples": "2"}}, {"type": "Feature", "geometry": {"type": "Point", "coordinates": [29.579, -1.5224]}, "properties": {"radio": "GSM", "range_m": "2165", "samples": "5"}}, {"type": "Feature", "geometry": {"type": "Point", "coordinates": [29.576, -1.5257]}, "properties": {"radio": "GSM", "range_m": "2628", "samples": "4"}}, {"type": "Feature", "geometry": {"type": "Point", "coordinates": [29.5882, -1.5127]}, "properties": {"radio": "GSM", "range_m": "1576", "samples": "6"}}, {"type": "Feature", "geometry": {"type": "Point", "coordinates": [29.5699, -1.5286]}, "properties": {"radio": "GSM", "range_m": "2236", "samples": "3"}}, {"type": "Feature", "geometry": {"type": "Point", "coordinates": [29.7139, -1.5698]}, "properties": {"radio": "GSM", "range_m": "1328", "samples": "3"}}, {"type": "Feature", "geometry": {"type": "Point", "coordinates": [30.032, -1.9436]}, "properties": {"radio": "GSM", "range_m": "1755", "samples": "8"}}, {"type": "Feature", "geometry": {"type": "Point", "coordinates": [30.0417, -1.9411]}, "properties": {"radio": "GSM", "range_m": "1013", "samples": "10"}}, {"type": "Feature", "geometry": {"type": "Point", "coordinates": [30.0271, -1.9336]}, "properties": {"radio": "GSM", "range_m": "3207", "samples": "11"}}, {"type": "Feature", "geometry": {"type": "Point", "coordinates": [30.0754, -1.9548]}, "properties": {"radio": "GSM", "range_m": "1000", "samples": "5"}}, {"type": "Feature", "geometry": {"type": "Point", "coordinates": [30.0798, -1.9575]}, "properties": {"radio": "GSM", "range_m": "3908", "samples": "12"}}, {"type": "Feature", "geometry": {"type": "Point", "coordinates": [30.0751, -1.9529]}, "properties": {"radio": "GSM", "range_m": "1000", "samples": "6"}}, {"type": "Feature", "geometry": {"type": "Point", "coordinates": [30.0681, -1.9444]}, "properties": {"radio": "GSM", "range_m": "1523", "samples": "4"}}, {"type": "Feature", "geometry": {"type": "Point", "coordinates": [30.1382, -1.9553]}, "properties": {"radio": "GSM", "range_m": "1218", "samples": "15"}}, {"type": "Feature", "geometry": {"type": "Point", "coordinates": [30.1273, -1.9602]}, "properties": {"radio": "GSM", "range_m": "1391", "samples": "7"}}, {"type": "Feature", "geometry": {"type": "Point", "coordinates": [30.135, -1.9563]}, "properties": {"radio": "GSM", "range_m": "1057", "samples": "10"}}, {"type": "Feature", "geometry": {"type": "Point", "coordinates": [30.1326, -1.9581]}, "properties": {"radio": "GSM", "range_m": "2980", "samples": "15"}}, {"type": "Feature", "geometry": {"type": "Point", "coordinates": [30.2057, -1.9843]}, "properties": {"radio": "GSM", "range_m": "2150", "samples": "14"}}, {"type": "Feature", "geometry": {"type": "Point", "coordinates": [30.1988, -1.9835]}, "properties": {"radio": "GSM", "range_m": "3498", "samples": "14"}}, {"type": "Feature", "geometry": {"type": "Point", "coordinates": [30.2774, -1.9095]}, "properties": {"radio": "GSM", "range_m": "5358", "samples": "7"}}, {"type": "Feature", "geometry": {"type": "Point", "coordinates": [30.4147, -1.9446]}, "properties": {"radio": "GSM", "range_m": "8755", "samples": "17"}}, {"type": "Feature", "geometry": {"type": "Point", "coordinates": [30.4747, -1.8979]}, "properties": {"radio": "GSM", "range_m": "3687", "samples": "22"}}, {"type": "Feature", "geometry": {"type": "Point", "coordinates": [30.4628, -1.9064]}, "properties": {"radio": "GSM", "range_m": "7089", "samples": "10"}}, {"type": "Feature", "geometry": {"type": "Point", "coordinates": [30.4646, -1.8938]}, "properties": {"radio": "GSM", "range_m": "2565", "samples": "11"}}, {"type": "Feature", "geometry": {"type": "Point", "coordinates": [30.46, -1.9044]}, "properties": {"radio": "GSM", "range_m": "3690", "samples": "14"}}, {"type": "Feature", "geometry": {"type": "Point", "coordinates": [29.7412, -1.3427]}, "properties": {"radio": "GSM", "range_m": "1000", "samples": "11"}}, {"type": "Feature", "geometry": {"type": "Point", "coordinates": [30.6194, -2.2706]}, "properties": {"radio": "GSM", "range_m": "2944", "samples": "24"}}, {"type": "Feature", "geometry": {"type": "Point", "coordinates": [30.5651, -2.1413]}, "properties": {"radio": "GSM", "range_m": "2520", "samples": "18"}}, {"type": "Feature", "geometry": {"type": "Point", "coordinates": [30.5612, -2.0346]}, "properties": {"radio": "GSM", "range_m": "5520", "samples": "10"}}, {"type": "Feature", "geometry": {"type": "Point", "coordinates": [30.5609, -2.068]}, "properties": {"radio": "GSM", "range_m": "2736", "samples": "21"}}, {"type": "Feature", "geometry": {"type": "Point", "coordinates": [30.5534, -1.9968]}, "properties": {"radio": "GSM", "range_m": "12168", "samples": "19"}}, {"type": "Feature", "geometry": {"type": "Point", "coordinates": [30.4349, -1.9423]}, "properties": {"radio": "GSM", "range_m": "10060", "samples": "22"}}, {"type": "Feature", "geometry": {"type": "Point", "coordinates": [30.351, -1.9559]}, "properties": {"radio": "GSM", "range_m": "2141", "samples": "8"}}, {"type": "Feature", "geometry": {"type": "Point", "coordinates": [30.1819, -1.9779]}, "properties": {"radio": "GSM", "range_m": "1000", "samples": "6"}}, {"type": "Feature", "geometry": {"type": "Point", "coordinates": [30.1872, -1.9894]}, "properties": {"radio": "GSM", "range_m": "1941", "samples": "6"}}, {"type": "Feature", "geometry": {"type": "Point", "coordinates": [30.1853, -1.9905]}, "properties": {"radio": "GSM", "range_m": "3464", "samples": "7"}}, {"type": "Feature", "geometry": {"type": "Point", "coordinates": [30.1737, -1.9747]}, "properties": {"radio": "GSM", "range_m": "2749", "samples": "4"}}, {"type": "Feature", "geometry": {"type": "Point", "coordinates": [30.1597, -1.9622]}, "properties": {"radio": "GSM", "range_m": "1302", "samples": "18"}}, {"type": "Feature", "geometry": {"type": "Point", "coordinates": [30.1538, -1.9586]}, "properties": {"radio": "GSM", "range_m": "2648", "samples": "20"}}, {"type": "Feature", "geometry": {"type": "Point", "coordinates": [30.1328, -1.9568]}, "properties": {"radio": "GSM", "range_m": "1000", "samples": "2"}}, {"type": "Feature", "geometry": {"type": "Point", "coordinates": [30.1391, -1.957]}, "properties": {"radio": "GSM", "range_m": "1402", "samples": "10"}}, {"type": "Feature", "geometry": {"type": "Point", "coordinates": [30.1383, -1.9539]}, "properties": {"radio": "GSM", "range_m": "2430", "samples": "10"}}, {"type": "Feature", "geometry": {"type": "Point", "coordinates": [30.119, -1.9608]}, "properties": {"radio": "GSM", "range_m": "1000", "samples": "3"}}, {"type": "Feature", "geometry": {"type": "Point", "coordinates": [30.0789, -1.9598]}, "properties": {"radio": "GSM", "range_m": "1445", "samples": "6"}}, {"type": "Feature", "geometry": {"type": "Point", "coordinates": [30.0858, -1.9681]}, "properties": {"radio": "GSM", "range_m": "1000", "samples": "7"}}, {"type": "Feature", "geometry": {"type": "Point", "coordinates": [30.0805, -1.9711]}, "properties": {"radio": "GSM", "range_m": "1298", "samples": "25"}}, {"type": "Feature", "geometry": {"type": "Point", "coordinates": [30.0557, -1.9427]}, "properties": {"radio": "GSM", "range_m": "6865", "samples": "7"}}, {"type": "Feature", "geometry": {"type": "Point", "coordinates": [30.0441, -1.9403]}, "properties": {"radio": "GSM", "range_m": "1000", "samples": "7"}}, {"type": "Feature", "geometry": {"type": "Point", "coordinates": [30.0456, -1.9394]}, "properties": {"radio": "GSM", "range_m": "1000", "samples": "8"}}, {"type": "Feature", "geometry": {"type": "Point", "coordinates": [30.019, -1.9446]}, "properties": {"radio": "GSM", "range_m": "2481", "samples": "10"}}, {"type": "Feature", "geometry": {"type": "Point", "coordinates": [30.0175, -1.9464]}, "properties": {"radio": "GSM", "range_m": "2661", "samples": "11"}}, {"type": "Feature", "geometry": {"type": "Point", "coordinates": [30.0278, -1.9325]}, "properties": {"radio": "GSM", "range_m": "3165", "samples": "6"}}, {"type": "Feature", "geometry": {"type": "Point", "coordinates": [30.0156, -1.9255]}, "properties": {"radio": "GSM", "range_m": "1000", "samples": "5"}}, {"type": "Feature", "geometry": {"type": "Point", "coordinates": [29.9672, -1.8603]}, "properties": {"radio": "GSM", "range_m": "6762", "samples": "4"}}, {"type": "Feature", "geometry": {"type": "Point", "coordinates": [29.9558, -1.8435]}, "properties": {"radio": "GSM", "range_m": "1000", "samples": "3"}}, {"type": "Feature", "geometry": {"type": "Point", "coordinates": [29.9463, -1.8271]}, "properties": {"radio": "GSM", "range_m": "1880", "samples": "2"}}, {"type": "Feature", "geometry": {"type": "Point", "coordinates": [29.733, -1.5809]}, "properties": {"radio": "GSM", "range_m": "2601", "samples": "2"}}, {"type": "Feature", "geometry": {"type": "Point", "coordinates": [29.6308, -1.5007]}, "properties": {"radio": "GSM", "range_m": "1000", "samples": "3"}}, {"type": "Feature", "geometry": {"type": "Point", "coordinates": [29.5815, -1.5243]}, "properties": {"radio": "GSM", "range_m": "2041", "samples": "2"}}, {"type": "Feature", "geometry": {"type": "Point", "coordinates": [29.5618, -1.5407]}, "properties": {"radio": "GSM", "range_m": "1000", "samples": "2"}}, {"type": "Feature", "geometry": {"type": "Point", "coordinates": [29.5485, -1.5559]}, "properties": {"radio": "GSM", "range_m": "3941", "samples": "3"}}, {"type": "Feature", "geometry": {"type": "Point", "coordinates": [30.0177, -1.9512]}, "properties": {"radio": "GSM", "range_m": "3371", "samples": "3"}}, {"type": "Feature", "geometry": {"type": "Point", "coordinates": [30.0827, -1.9501]}, "properties": {"radio": "GSM", "range_m": "1356", "samples": "37"}}, {"type": "Feature", "geometry": {"type": "Point", "coordinates": [30.2263, -1.9755]}, "properties": {"radio": "GSM", "range_m": "2286", "samples": "13"}}, {"type": "Feature", "geometry": {"type": "Point", "coordinates": [30.2265, -1.9778]}, "properties": {"radio": "GSM", "range_m": "1000", "samples": "12"}}, {"type": "Feature", "geometry": {"type": "Point", "coordinates": [30.2939, -1.9015]}, "properties": {"radio": "GSM", "range_m": "2698", "samples": "9"}}, {"type": "Feature", "geometry": {"type": "Point", "coordinates": [30.4608, -1.8864]}, "properties": {"radio": "GSM", "range_m": "6597", "samples": "12"}}, {"type": "Feature", "geometry": {"type": "Point", "coordinates": [30.556, -2.0946]}, "properties": {"radio": "GSM", "range_m": "3962", "samples": "5"}}, {"type": "Feature", "geometry": {"type": "Point", "coordinates": [30.5387, -2.1224]}, "properties": {"radio": "GSM", "range_m": "6155", "samples": "4"}}, {"type": "Feature", "geometry": {"type": "Point", "coordinates": [30.5447, -2.1126]}, "properties": {"radio": "GSM", "range_m": "7389", "samples": "6"}}, {"type": "Feature", "geometry": {"type": "Point", "coordinates": [30.5342, -2.1276]}, "properties": {"radio": "GSM", "range_m": "5386", "samples": "3"}}, {"type": "Feature", "geometry": {"type": "Point", "coordinates": [30.5612, -2.0311]}, "properties": {"radio": "GSM", "range_m": "5799", "samples": "19"}}, {"type": "Feature", "geometry": {"type": "Point", "coordinates": [30.5604, -2.0134]}, "properties": {"radio": "GSM", "range_m": "4358", "samples": "9"}}, {"type": "Feature", "geometry": {"type": "Point", "coordinates": [30.4982, -1.882]}, "properties": {"radio": "GSM", "range_m": "2416", "samples": "23"}}, {"type": "Feature", "geometry": {"type": "Point", "coordinates": [30.4437, -1.9212]}, "properties": {"radio": "GSM", "range_m": "11669", "samples": "6"}}, {"type": "Feature", "geometry": {"type": "Point", "coordinates": [30.2272, -1.968]}, "properties": {"radio": "GSM", "range_m": "1334", "samples": "18"}}, {"type": "Feature", "geometry": {"type": "Point", "coordinates": [30.0739, -1.9478]}, "properties": {"radio": "GSM", "range_m": "2776", "samples": "6"}}, {"type": "Feature", "geometry": {"type": "Point", "coordinates": [30.0699, -1.9428]}, "properties": {"radio": "GSM", "range_m": "1086", "samples": "4"}}, {"type": "Feature", "geometry": {"type": "Point", "coordinates": [30.0624, -1.9377]}, "properties": {"radio": "GSM", "range_m": "1533", "samples": "5"}}, {"type": "Feature", "geometry": {"type": "Point", "coordinates": [30.0603, -1.9352]}, "properties": {"radio": "GSM", "range_m": "1000", "samples": "4"}}, {"type": "Feature", "geometry": {"type": "Point", "coordinates": [30.2229, -1.9793]}, "properties": {"radio": "GSM", "range_m": "2138", "samples": "13"}}, {"type": "Feature", "geometry": {"type": "Point", "coordinates": [30.5019, -1.8909]}, "properties": {"radio": "GSM", "range_m": "2995", "samples": "29"}}, {"type": "Feature", "geometry": {"type": "Point", "coordinates": [30.5709, -2.2819]}, "properties": {"radio": "GSM", "range_m": "1000", "samples": "2"}}, {"type": "Feature", "geometry": {"type": "Point", "coordinates": [30.4743, -1.9015]}, "properties": {"radio": "GSM", "range_m": "3885", "samples": "9"}}, {"type": "Feature", "geometry": {"type": "Point", "coordinates": [30.3415, -1.9529]}, "properties": {"radio": "GSM", "range_m": "1000", "samples": "2"}}, {"type": "Feature", "geometry": {"type": "Point", "coordinates": [30.1954, -1.9853]}, "properties": {"radio": "GSM", "range_m": "3557", "samples": "12"}}, {"type": "Feature", "geometry": {"type": "Point", "coordinates": [30.1243, -1.9599]}, "properties": {"radio": "GSM", "range_m": "1598", "samples": "7"}}, {"type": "Feature", "geometry": {"type": "Point", "coordinates": [30.0848, -1.9744]}, "properties": {"radio": "GSM", "range_m": "1301", "samples": "17"}}, {"type": "Feature", "geometry": {"type": "Point", "coordinates": [30.0753, -1.9521]}, "properties": {"radio": "GSM", "range_m": "1000", "samples": "6"}}, {"type": "Feature", "geometry": {"type": "Point", "coordinates": [30.0752, -1.9529]}, "properties": {"radio": "GSM", "range_m": "1000", "samples": "7"}}, {"type": "Feature", "geometry": {"type": "Point", "coordinates": [30.0757, -1.9537]}, "properties": {"radio": "GSM", "range_m": "1000", "samples": "3"}}, {"type": "Feature", "geometry": {"type": "Point", "coordinates": [30.0759, -1.9534]}, "properties": {"radio": "GSM", "range_m": "1000", "samples": "2"}}, {"type": "Feature", "geometry": {"type": "Point", "coordinates": [30.0438, -1.9409]}, "properties": {"radio": "GSM", "range_m": "1483", "samples": "8"}}, {"type": "Feature", "geometry": {"type": "Point", "coordinates": [30.0562, -1.9364]}, "properties": {"radio": "GSM", "range_m": "1000", "samples": "5"}}, {"type": "Feature", "geometry": {"type": "Point", "coordinates": [30.0556, -1.9357]}, "properties": {"radio": "GSM", "range_m": "1000", "samples": "4"}}, {"type": "Feature", "geometry": {"type": "Point", "coordinates": [30.0064, -1.945]}, "properties": {"radio": "GSM", "range_m": "1322", "samples": "8"}}, {"type": "Feature", "geometry": {"type": "Point", "coordinates": [30.0141, -1.9463]}, "properties": {"radio": "GSM", "range_m": "1105", "samples": "7"}}, {"type": "Feature", "geometry": {"type": "Point", "coordinates": [29.989, -1.9643]}, "properties": {"radio": "GSM", "range_m": "1000", "samples": "4"}}, {"type": "Feature", "geometry": {"type": "Point", "coordinates": [29.989, -1.9642]}, "properties": {"radio": "GSM", "range_m": "1000", "samples": "5"}}, {"type": "Feature", "geometry": {"type": "Point", "coordinates": [29.997, -1.9527]}, "properties": {"radio": "GSM", "range_m": "1802", "samples": "11"}}, {"type": "Feature", "geometry": {"type": "Point", "coordinates": [29.9948, -1.9577]}, "properties": {"radio": "GSM", "range_m": "1880", "samples": "7"}}, {"type": "Feature", "geometry": {"type": "Point", "coordinates": [29.9998, -1.95]}, "properties": {"radio": "GSM", "range_m": "2196", "samples": "10"}}, {"type": "Feature", "geometry": {"type": "Point", "coordinates": [29.996, -1.9564]}, "properties": {"radio": "GSM", "range_m": "1694", "samples": "6"}}, {"type": "Feature", "geometry": {"type": "Point", "coordinates": [29.9478, -1.978]}, "properties": {"radio": "GSM", "range_m": "1000", "samples": "4"}}, {"type": "Feature", "geometry": {"type": "Point", "coordinates": [29.9369, -1.9831]}, "properties": {"radio": "GSM", "range_m": "2161", "samples": "4"}}, {"type": "Feature", "geometry": {"type": "Point", "coordinates": [29.9605, -1.9751]}, "properties": {"radio": "GSM", "range_m": "5454", "samples": "4"}}, {"type": "Feature", "geometry": {"type": "Point", "coordinates": [29.944, -1.9797]}, "properties": {"radio": "GSM", "range_m": "1089", "samples": "4"}}, {"type": "Feature", "geometry": {"type": "Point", "coordinates": [29.925, -1.989]}, "properties": {"radio": "GSM", "range_m": "1263", "samples": "3"}}, {"type": "Feature", "geometry": {"type": "Point", "coordinates": [29.8994, -2.0055]}, "properties": {"radio": "GSM", "range_m": "2795", "samples": "4"}}, {"type": "Feature", "geometry": {"type": "Point", "coordinates": [29.9555, -1.9788]}, "properties": {"radio": "GSM", "range_m": "4785", "samples": "2"}}, {"type": "Feature", "geometry": {"type": "Point", "coordinates": [29.9654, -1.9736]}, "properties": {"radio": "GSM", "range_m": "6024", "samples": "3"}}, {"type": "Feature", "geometry": {"type": "Point", "coordinates": [29.8895, -2.0148]}, "properties": {"radio": "GSM", "range_m": "1000", "samples": "3"}}, {"type": "Feature", "geometry": {"type": "Point", "coordinates": [29.8895, -2.0148]}, "properties": {"radio": "GSM", "range_m": "1000", "samples": "3"}}, {"type": "Feature", "geometry": {"type": "Point", "coordinates": [29.8019, -2.0603]}, "properties": {"radio": "GSM", "range_m": "2616", "samples": "4"}}, {"type": "Feature", "geometry": {"type": "Point", "coordinates": [29.7861, -2.071]}, "properties": {"radio": "GSM", "range_m": "1000", "samples": "3"}}, {"type": "Feature", "geometry": {"type": "Point", "coordinates": [29.7712, -2.0766]}, "properties": {"radio": "GSM", "range_m": "1537", "samples": "4"}}, {"type": "Feature", "geometry": {"type": "Point", "coordinates": [29.7832, -2.0732]}, "properties": {"radio": "GSM", "range_m": "1000", "samples": "2"}}, {"type": "Feature", "geometry": {"type": "Point", "coordinates": [29.7514, -2.0976]}, "properties": {"radio": "GSM", "range_m": "3134", "samples": "4"}}, {"type": "Feature", "geometry": {"type": "Point", "coordinates": [29.7552, -2.0883]}, "properties": {"radio": "GSM", "range_m": "1392", "samples": "3"}}, {"type": "Feature", "geometry": {"type": "Point", "coordinates": [29.7559, -2.1593]}, "properties": {"radio": "GSM", "range_m": "3006", "samples": "4"}}, {"type": "Feature", "geometry": {"type": "Point", "coordinates": [29.7498, -2.1272]}, "properties": {"radio": "GSM", "range_m": "4726", "samples": "4"}}, {"type": "Feature", "geometry": {"type": "Point", "coordinates": [29.7668, -2.1711]}, "properties": {"radio": "GSM", "range_m": "5090", "samples": "5"}}, {"type": "Feature", "geometry": {"type": "Point", "coordinates": [29.7932, -2.2078]}, "properties": {"radio": "GSM", "range_m": "1848", "samples": "5"}}, {"type": "Feature", "geometry": {"type": "Point", "coordinates": [29.7947, -2.2547]}, "properties": {"radio": "GSM", "range_m": "1000", "samples": "2"}}, {"type": "Feature", "geometry": {"type": "Point", "coordinates": [29.7944, -2.2567]}, "properties": {"radio": "GSM", "range_m": "1000", "samples": "3"}}, {"type": "Feature", "geometry": {"type": "Point", "coordinates": [29.7676, -2.3024]}, "properties": {"radio": "GSM", "range_m": "1153", "samples": "3"}}, {"type": "Feature", "geometry": {"type": "Point", "coordinates": [29.7742, -2.3139]}, "properties": {"radio": "GSM", "range_m": "4261", "samples": "4"}}, {"type": "Feature", "geometry": {"type": "Point", "coordinates": [29.7704, -2.3407]}, "properties": {"radio": "GSM", "range_m": "1000", "samples": "4"}}, {"type": "Feature", "geometry": {"type": "Point", "coordinates": [29.7872, -2.2845]}, "properties": {"radio": "GSM", "range_m": "5596", "samples": "3"}}, {"type": "Feature", "geometry": {"type": "Point", "coordinates": [29.7718, -2.3359]}, "properties": {"radio": "GSM", "range_m": "1000", "samples": "3"}}, {"type": "Feature", "geometry": {"type": "Point", "coordinates": [29.7779, -2.3706]}, "properties": {"radio": "GSM", "range_m": "2995", "samples": "4"}}, {"type": "Feature", "geometry": {"type": "Point", "coordinates": [29.8501, -2.3325]}, "properties": {"radio": "GSM", "range_m": "9138", "samples": "50"}}, {"type": "Feature", "geometry": {"type": "Point", "coordinates": [29.7706, -2.3305]}, "properties": {"radio": "GSM", "range_m": "2058", "samples": "4"}}, {"type": "Feature", "geometry": {"type": "Point", "coordinates": [29.7811, -2.4022]}, "properties": {"radio": "GSM", "range_m": "4538", "samples": "6"}}, {"type": "Feature", "geometry": {"type": "Point", "coordinates": [29.7805, -2.3792]}, "properties": {"radio": "GSM", "range_m": "1000", "samples": "3"}}, {"type": "Feature", "geometry": {"type": "Point", "coordinates": [29.7802, -2.3936]}, "properties": {"radio": "GSM", "range_m": "2486", "samples": "5"}}, {"type": "Feature", "geometry": {"type": "Point", "coordinates": [29.7686, -2.4793]}, "properties": {"radio": "GSM", "range_m": "4245", "samples": "4"}}, {"type": "Feature", "geometry": {"type": "Point", "coordinates": [29.7823, -2.3791]}, "properties": {"radio": "GSM", "range_m": "4463", "samples": "4"}}, {"type": "Feature", "geometry": {"type": "Point", "coordinates": [29.7617, -2.4626]}, "properties": {"radio": "GSM", "range_m": "2510", "samples": "5"}}, {"type": "Feature", "geometry": {"type": "Point", "coordinates": [29.7599, -2.4679]}, "properties": {"radio": "GSM", "range_m": "1158", "samples": "4"}}, {"type": "Feature", "geometry": {"type": "Point", "coordinates": [29.7688, -2.5192]}, "properties": {"radio": "GSM", "range_m": "2899", "samples": "4"}}, {"type": "Feature", "geometry": {"type": "Point", "coordinates": [29.7677, -2.5259]}, "properties": {"radio": "GSM", "range_m": "2145", "samples": "2"}}, {"type": "Feature", "geometry": {"type": "Point", "coordinates": [29.7627, -2.5556]}, "properties": {"radio": "GSM", "range_m": "5021", "samples": "4"}}, {"type": "Feature", "geometry": {"type": "Point", "coordinates": [29.745, -2.5651]}, "properties": {"radio": "GSM", "range_m": "5345", "samples": "4"}}, {"type": "Feature", "geometry": {"type": "Point", "coordinates": [29.7497, -2.5832]}, "properties": {"radio": "GSM", "range_m": "1140", "samples": "2"}}, {"type": "Feature", "geometry": {"type": "Point", "coordinates": [29.7512, -2.5741]}, "properties": {"radio": "GSM", "range_m": "2034", "samples": "4"}}, {"type": "Feature", "geometry": {"type": "Point", "coordinates": [29.7189, -2.5677]}, "properties": {"radio": "GSM", "range_m": "3477", "samples": "6"}}, {"type": "Feature", "geometry": {"type": "Point", "coordinates": [29.742, -2.5946]}, "properties": {"radio": "GSM", "range_m": "1732", "samples": "22"}}, {"type": "Feature", "geometry": {"type": "Point", "coordinates": [29.7469, -2.5775]}, "properties": {"radio": "GSM", "range_m": "2510", "samples": "3"}}, {"type": "Feature", "geometry": {"type": "Point", "coordinates": [29.6961, -2.5478]}, "properties": {"radio": "GSM", "range_m": "1000", "samples": "3"}}, {"type": "Feature", "geometry": {"type": "Point", "coordinates": [29.7381, -2.5852]}, "properties": {"radio": "GSM", "range_m": "1000", "samples": "3"}}, {"type": "Feature", "geometry": {"type": "Point", "coordinates": [29.7474, -2.5782]}, "properties": {"radio": "GSM", "range_m": "2525", "samples": "3"}}, {"type": "Feature", "geometry": {"type": "Point", "coordinates": [29.7263, -2.5729]}, "properties": {"radio": "GSM", "range_m": "7583", "samples": "25"}}, {"type": "Feature", "geometry": {"type": "Point", "coordinates": [29.6739, -2.5371]}, "properties": {"radio": "GSM", "range_m": "4566", "samples": "23"}}, {"type": "Feature", "geometry": {"type": "Point", "coordinates": [29.6639, -2.5335]}, "properties": {"radio": "GSM", "range_m": "3419", "samples": "5"}}, {"type": "Feature", "geometry": {"type": "Point", "coordinates": [29.6461, -2.5224]}, "properties": {"radio": "GSM", "range_m": "2697", "samples": "6"}}, {"type": "Feature", "geometry": {"type": "Point", "coordinates": [29.6336, -2.5173]}, "properties": {"radio": "GSM", "range_m": "5779", "samples": "3"}}, {"type": "Feature", "geometry": {"type": "Point", "coordinates": [29.6183, -2.5103]}, "properties": {"radio": "GSM", "range_m": "4066", "samples": "37"}}, {"type": "Feature", "geometry": {"type": "Point", "coordinates": [29.5416, -2.4829]}, "properties": {"radio": "GSM", "range_m": "1925", "samples": "3"}}, {"type": "Feature", "geometry": {"type": "Point", "coordinates": [29.5797, -2.4856]}, "properties": {"radio": "GSM", "range_m": "2258", "samples": "3"}}, {"type": "Feature", "geometry": {"type": "Point", "coordinates": [29.5862, -2.4839]}, "properties": {"radio": "GSM", "range_m": "2272", "samples": "21"}}, {"type": "Feature", "geometry": {"type": "Point", "coordinates": [29.5707, -2.4809]}, "properties": {"radio": "GSM", "range_m": "5157", "samples": "5"}}, {"type": "Feature", "geometry": {"type": "Point", "coordinates": [29.5716, -2.4699]}, "properties": {"radio": "GSM", "range_m": "1000", "samples": "3"}}, {"type": "Feature", "geometry": {"type": "Point", "coordinates": [29.5672, -2.479]}, "properties": {"radio": "GSM", "range_m": "2532", "samples": "5"}}, {"type": "Feature", "geometry": {"type": "Point", "coordinates": [29.5721, -2.4732]}, "properties": {"radio": "GSM", "range_m": "2795", "samples": "36"}}, {"type": "Feature", "geometry": {"type": "Point", "coordinates": [29.5641, -2.475]}, "properties": {"radio": "GSM", "range_m": "1289", "samples": "3"}}, {"type": "Feature", "geometry": {"type": "Point", "coordinates": [29.5005, -2.5032]}, "properties": {"radio": "GSM", "range_m": "1918", "samples": "10"}}, {"type": "Feature", "geometry": {"type": "Point", "coordinates": [29.5275, -2.4862]}, "properties": {"radio": "GSM", "range_m": "2996", "samples": "50"}}, {"type": "Feature", "geometry": {"type": "Point", "coordinates": [29.4856, -2.5082]}, "properties": {"radio": "GSM", "range_m": "3084", "samples": "3"}}, {"type": "Feature", "geometry": {"type": "Point", "coordinates": [29.4863, -2.505]}, "properties": {"radio": "GSM", "range_m": "4237", "samples": "5"}}, {"type": "Feature", "geometry": {"type": "Point", "coordinates": [29.4983, -2.502]}, "properties": {"radio": "GSM", "range_m": "1721", "samples": "3"}}, {"type": "Feature", "geometry": {"type": "Point", "coordinates": [29.4926, -2.5068]}, "properties": {"radio": "GSM", "range_m": "1000", "samples": "2"}}, {"type": "Feature", "geometry": {"type": "Point", "coordinates": [29.4345, -2.5236]}, "properties": {"radio": "GSM", "range_m": "3086", "samples": "4"}}, {"type": "Feature", "geometry": {"type": "Point", "coordinates": [29.4584, -2.5149]}, "properties": {"radio": "GSM", "range_m": "5569", "samples": "5"}}, {"type": "Feature", "geometry": {"type": "Point", "coordinates": [29.4724, -2.5117]}, "properties": {"radio": "GSM", "range_m": "1583", "samples": "5"}}, {"type": "Feature", "geometry": {"type": "Point", "coordinates": [29.4877, -2.5038]}, "properties": {"radio": "GSM", "range_m": "4032", "samples": "5"}}, {"type": "Feature", "geometry": {"type": "Point", "coordinates": [29.4643, -2.5138]}, "properties": {"radio": "GSM", "range_m": "1000", "samples": "4"}}, {"type": "Feature", "geometry": {"type": "Point", "coordinates": [29.4296, -2.5244]}, "properties": {"radio": "GSM", "range_m": "2389", "samples": "5"}}, {"type": "Feature", "geometry": {"type": "Point", "coordinates": [29.4182, -2.527]}, "properties": {"radio": "GSM", "range_m": "2516", "samples": "5"}}, {"type": "Feature", "geometry": {"type": "Point", "coordinates": [29.0801, -2.4427]}, "properties": {"radio": "GSM", "range_m": "5881", "samples": "6"}}, {"type": "Feature", "geometry": {"type": "Point", "coordinates": [29.0876, -2.4501]}, "properties": {"radio": "GSM", "range_m": "8423", "samples": "24"}}, {"type": "Feature", "geometry": {"type": "Point", "coordinates": [29.1862, -2.4735]}, "properties": {"radio": "GSM", "range_m": "10652", "samples": "4"}}, {"type": "Feature", "geometry": {"type": "Point", "coordinates": [29.0156, -2.4526]}, "properties": {"radio": "GSM", "range_m": "8320", "samples": "25"}}, {"type": "Feature", "geometry": {"type": "Point", "coordinates": [29.0409, -2.437]}, "properties": {"radio": "GSM", "range_m": "3489", "samples": "2"}}, {"type": "Feature", "geometry": {"type": "Point", "coordinates": [29.0766, -2.4314]}, "properties": {"radio": "GSM", "range_m": "8783", "samples": "25"}}, {"type": "Feature", "geometry": {"type": "Point", "coordinates": [29.0699, -2.4345]}, "properties": {"radio": "GSM", "range_m": "4818", "samples": "4"}}, {"type": "Feature", "geometry": {"type": "Point", "coordinates": [29.0743, -2.4189]}, "properties": {"radio": "GSM", "range_m": "1578", "samples": "25"}}, {"type": "Feature", "geometry": {"type": "Point", "coordinates": [29.013, -2.4529]}, "properties": {"radio": "GSM", "range_m": "6986", "samples": "4"}}, {"type": "Feature", "geometry": {"type": "Point", "coordinates": [29.0835, -2.4317]}, "properties": {"radio": "GSM", "range_m": "1789", "samples": "5"}}, {"type": "Feature", "geometry": {"type": "Point", "coordinates": [29.0863, -2.434]}, "properties": {"radio": "GSM", "range_m": "1444", "samples": "5"}}, {"type": "Feature", "geometry": {"type": "Point", "coordinates": [29.0407, -2.437]}, "properties": {"radio": "GSM", "range_m": "3734", "samples": "5"}}, {"type": "Feature", "geometry": {"type": "Point", "coordinates": [28.9845, -2.4677]}, "properties": {"radio": "GSM", "range_m": "3725", "samples": "4"}}, {"type": "Feature", "geometry": {"type": "Point", "coordinates": [28.9811, -2.4694]}, "properties": {"radio": "GSM", "range_m": "2128", "samples": "4"}}, {"type": "Feature", "geometry": {"type": "Point", "coordinates": [28.8561, -2.5053]}, "properties": {"radio": "GSM", "range_m": "5998", "samples": "4"}}, {"type": "Feature", "geometry": {"type": "Point", "coordinates": [28.8911, -2.5173]}, "properties": {"radio": "GSM", "range_m": "2206", "samples": "3"}}, {"type": "Feature", "geometry": {"type": "Point", "coordinates": [28.9061, -2.5114]}, "properties": {"radio": "GSM", "range_m": "5933", "samples": "5"}}, {"type": "Feature", "geometry": {"type": "Point", "coordinates": [30.4864, -1.9046]}, "properties": {"radio": "GSM", "range_m": "2277", "samples": "6"}}, {"type": "Feature", "geometry": {"type": "Point", "coordinates": [30.4291, -1.9258]}, "properties": {"radio": "GSM", "range_m": "7516", "samples": "4"}}, {"type": "Feature", "geometry": {"type": "Point", "coordinates": [30.2432, -1.9543]}, "properties": {"radio": "GSM", "range_m": "2995", "samples": "8"}}, {"type": "Feature", "geometry": {"type": "Point", "coordinates": [28.888, -2.5186]}, "properties": {"radio": "GSM", "range_m": "1000", "samples": "2"}}, {"type": "Feature", "geometry": {"type": "Point", "coordinates": [28.8968, -2.4893]}, "properties": {"radio": "GSM", "range_m": "4157", "samples": "3"}}, {"type": "Feature", "geometry": {"type": "Point", "coordinates": [28.8919, -2.4993]}, "properties": {"radio": "GSM", "range_m": "3372", "samples": "4"}}, {"type": "Feature", "geometry": {"type": "Point", "coordinates": [28.8878, -2.4885]}, "properties": {"radio": "GSM", "range_m": "3593", "samples": "3"}}, {"type": "Feature", "geometry": {"type": "Point", "coordinates": [29.6997, -2.5502]}, "properties": {"radio": "GSM", "range_m": "1000", "samples": "3"}}, {"type": "Feature", "geometry": {"type": "Point", "coordinates": [29.7442, -2.5851]}, "properties": {"radio": "GSM", "range_m": "2247", "samples": "5"}}, {"type": "Feature", "geometry": {"type": "Point", "coordinates": [29.7127, -2.5622]}, "properties": {"radio": "GSM", "range_m": "3807", "samples": "3"}}, {"type": "Feature", "geometry": {"type": "Point", "coordinates": [29.7656, -2.446]}, "properties": {"radio": "GSM", "range_m": "3568", "samples": "4"}}, {"type": "Feature", "geometry": {"type": "Point", "coordinates": [29.7741, -2.351]}, "properties": {"radio": "GSM", "range_m": "3662", "samples": "4"}}, {"type": "Feature", "geometry": {"type": "Point", "coordinates": [29.7944, -2.3296]}, "properties": {"radio": "GSM", "range_m": "6531", "samples": "14"}}, {"type": "Feature", "geometry": {"type": "Point", "coordinates": [29.7693, -2.3432]}, "properties": {"radio": "GSM", "range_m": "1000", "samples": "3"}}, {"type": "Feature", "geometry": {"type": "Point", "coordinates": [29.7741, -2.293]}, "properties": {"radio": "GSM", "range_m": "2766", "samples": "3"}}, {"type": "Feature", "geometry": {"type": "Point", "coordinates": [29.7899, -2.2673]}, "properties": {"radio": "GSM", "range_m": "1242", "samples": "4"}}, {"type": "Feature", "geometry": {"type": "Point", "coordinates": [29.7899, -2.2673]}, "properties": {"radio": "GSM", "range_m": "1242", "samples": "4"}}, {"type": "Feature", "geometry": {"type": "Point", "coordinates": [29.7786, -2.1873]}, "properties": {"radio": "GSM", "range_m": "1086", "samples": "2"}}, {"type": "Feature", "geometry": {"type": "Point", "coordinates": [29.7905, -2.226]}, "properties": {"radio": "GSM", "range_m": "3760", "samples": "2"}}, {"type": "Feature", "geometry": {"type": "Point", "coordinates": [29.7566, -2.0815]}, "properties": {"radio": "GSM", "range_m": "1000", "samples": "3"}}, {"type": "Feature", "geometry": {"type": "Point", "coordinates": [29.7566, -2.0815]}, "properties": {"radio": "GSM", "range_m": "1000", "samples": "3"}}, {"type": "Feature", "geometry": {"type": "Point", "coordinates": [29.7566, -2.0815]}, "properties": {"radio": "GSM", "range_m": "1000", "samples": "3"}}, {"type": "Feature", "geometry": {"type": "Point", "coordinates": [29.7566, -2.0815]}, "properties": {"radio": "GSM", "range_m": "1000", "samples": "3"}}, {"type": "Feature", "geometry": {"type": "Point", "coordinates": [30.0101, -1.947]}, "properties": {"radio": "GSM", "range_m": "3247", "samples": "9"}}, {"type": "Feature", "geometry": {"type": "Point", "coordinates": [30.0855, -1.9707]}, "properties": {"radio": "GSM", "range_m": "1000", "samples": "8"}}, {"type": "Feature", "geometry": {"type": "Point", "coordinates": [30.1302, -1.9575]}, "properties": {"radio": "GSM", "range_m": "1382", "samples": "5"}}, {"type": "Feature", "geometry": {"type": "Point", "coordinates": [30.2007, -1.9837]}, "properties": {"radio": "GSM", "range_m": "4368", "samples": "17"}}, {"type": "Feature", "geometry": {"type": "Point", "coordinates": [30.7041, -2.2948]}, "properties": {"radio": "GSM", "range_m": "9249", "samples": "4"}}, {"type": "Feature", "geometry": {"type": "Point", "coordinates": [29.7525, -1.3072]}, "properties": {"radio": "GSM", "range_m": "7446", "samples": "25"}}, {"type": "Feature", "geometry": {"type": "Point", "coordinates": [30.4542, -1.9232]}, "properties": {"radio": "GSM", "range_m": "4857", "samples": "8"}}, {"type": "Feature", "geometry": {"type": "Point", "coordinates": [30.4972, -1.9073]}, "properties": {"radio": "GSM", "range_m": "5607", "samples": "6"}}, {"type": "Feature", "geometry": {"type": "Point", "coordinates": [30.5689, -2.1856]}, "properties": {"radio": "GSM", "range_m": "4115", "samples": "6"}}, {"type": "Feature", "geometry": {"type": "Point", "coordinates": [30.5208, -1.9539]}, "properties": {"radio": "GSM", "range_m": "1000", "samples": "2"}}, {"type": "Feature", "geometry": {"type": "Point", "coordinates": [30.1486, -1.9572]}, "properties": {"radio": "GSM", "range_m": "1056", "samples": "10"}}, {"type": "Feature", "geometry": {"type": "Point", "coordinates": [30.1381, -1.9544]}, "properties": {"radio": "GSM", "range_m": "1000", "samples": "2"}}, {"type": "Feature", "geometry": {"type": "Point", "coordinates": [30.0986, -1.9688]}, "properties": {"radio": "GSM", "range_m": "1000", "samples": "3"}}, {"type": "Feature", "geometry": {"type": "Point", "coordinates": [30.0933, -1.9731]}, "properties": {"radio": "GSM", "range_m": "1300", "samples": "4"}}, {"type": "Feature", "geometry": {"type": "Point", "coordinates": [30.2239, -1.9756]}, "properties": {"radio": "GSM", "range_m": "1000", "samples": "2"}}, {"type": "Feature", "geometry": {"type": "Point", "coordinates": [30.166, -1.9639]}, "properties": {"radio": "GSM", "range_m": "4333", "samples": "4"}}, {"type": "Feature", "geometry": {"type": "Point", "coordinates": [30.1684, -1.9679]}, "properties": {"radio": "GSM", "range_m": "3802", "samples": "3"}}, {"type": "Feature", "geometry": {"type": "Point", "coordinates": [30.1615, -1.9565]}, "properties": {"radio": "GSM", "range_m": "1716", "samples": "13"}}, {"type": "Feature", "geometry": {"type": "Point", "coordinates": [30.1643, -1.9588]}, "properties": {"radio": "GSM", "range_m": "4904", "samples": "7"}}, {"type": "Feature", "geometry": {"type": "Point", "coordinates": [30.1592, -1.9478]}, "properties": {"radio": "GSM", "range_m": "1288", "samples": "11"}}, {"type": "Feature", "geometry": {"type": "Point", "coordinates": [30.1952, -1.9912]}, "properties": {"radio": "GSM", "range_m": "3426", "samples": "8"}}, {"type": "Feature", "geometry": {"type": "Point", "coordinates": [30.5242, -2.1394]}, "properties": {"radio": "GSM", "range_m": "3687", "samples": "2"}}, {"type": "Feature", "geometry": {"type": "Point", "coordinates": [29.3237, -2.5057]}, "properties": {"radio": "GSM", "range_m": "6131", "samples": "5"}}, {"type": "Feature", "geometry": {"type": "Point", "coordinates": [29.318, -2.5093]}, "properties": {"radio": "GSM", "range_m": "5901", "samples": "24"}}, {"type": "Feature", "geometry": {"type": "Point", "coordinates": [30.5735, -2.1458]}, "properties": {"radio": "GSM", "range_m": "2282", "samples": "18"}}, {"type": "Feature", "geometry": {"type": "Point", "coordinates": [30.4026, -1.9438]}, "properties": {"radio": "GSM", "range_m": "1000", "samples": "2"}}, {"type": "Feature", "geometry": {"type": "Point", "coordinates": [30.1894, -1.9901]}, "properties": {"radio": "GSM", "range_m": "1000", "samples": "11"}}, {"type": "Feature", "geometry": {"type": "Point", "coordinates": [30.1922, -1.9872]}, "properties": {"radio": "GSM", "range_m": "2227", "samples": "10"}}, {"type": "Feature", "geometry": {"type": "Point", "coordinates": [30.1888, -1.992]}, "properties": {"radio": "GSM", "range_m": "1000", "samples": "9"}}, {"type": "Feature", "geometry": {"type": "Point", "coordinates": [30.1891, -1.9942]}, "properties": {"radio": "GSM", "range_m": "1000", "samples": "6"}}, {"type": "Feature", "geometry": {"type": "Point", "coordinates": [30.189, -1.9941]}, "properties": {"radio": "GSM", "range_m": "1000", "samples": "3"}}, {"type": "Feature", "geometry": {"type": "Point", "coordinates": [30.1887, -1.995]}, "properties": {"radio": "GSM", "range_m": "1000", "samples": "3"}}, {"type": "Feature", "geometry": {"type": "Point", "coordinates": [30.1903, -1.9913]}, "properties": {"radio": "GSM", "range_m": "1000", "samples": "6"}}, {"type": "Feature", "geometry": {"type": "Point", "coordinates": [30.1803, -1.9869]}, "properties": {"radio": "GSM", "range_m": "7663", "samples": "6"}}, {"type": "Feature", "geometry": {"type": "Point", "coordinates": [30.5664, -2.1452]}, "properties": {"radio": "GSM", "range_m": "6034", "samples": "26"}}, {"type": "Feature", "geometry": {"type": "Point", "coordinates": [29.7458, -1.2806]}, "properties": {"radio": "GSM", "range_m": "5228", "samples": "3"}}, {"type": "Feature", "geometry": {"type": "Point", "coordinates": [29.7358, -1.3251]}, "properties": {"radio": "GSM", "range_m": "5962", "samples": "11"}}, {"type": "Feature", "geometry": {"type": "Point", "coordinates": [30.5748, -2.1465]}, "properties": {"radio": "GSM", "range_m": "1000", "samples": "19"}}, {"type": "Feature", "geometry": {"type": "Point", "coordinates": [30.2225, -1.9799]}, "properties": {"radio": "GSM", "range_m": "1000", "samples": "4"}}, {"type": "Feature", "geometry": {"type": "Point", "coordinates": [30.0962, -1.9679]}, "properties": {"radio": "GSM", "range_m": "1000", "samples": "4"}}, {"type": "Feature", "geometry": {"type": "Point", "coordinates": [30.0845, -1.9759]}, "properties": {"radio": "GSM", "range_m": "1100", "samples": "19"}}, {"type": "Feature", "geometry": {"type": "Point", "coordinates": [30.096, -1.9507]}, "properties": {"radio": "GSM", "range_m": "3341", "samples": "45"}}, {"type": "Feature", "geometry": {"type": "Point", "coordinates": [30.4605, -2.0253]}, "properties": {"radio": "GSM", "range_m": "13329", "samples": "2"}}, {"type": "Feature", "geometry": {"type": "Point", "coordinates": [30.1491, -1.9575]}, "properties": {"radio": "GSM", "range_m": "1000", "samples": "8"}}, {"type": "Feature", "geometry": {"type": "Point", "coordinates": [30.0456, -1.9391]}, "properties": {"radio": "GSM", "range_m": "1218", "samples": "7"}}, {"type": "Feature", "geometry": {"type": "Point", "coordinates": [30.001, -1.9507]}, "properties": {"radio": "GSM", "range_m": "1964", "samples": "9"}}, {"type": "Feature", "geometry": {"type": "Point", "coordinates": [29.996, -1.9534]}, "properties": {"radio": "GSM", "range_m": "1393", "samples": "2"}}, {"type": "Feature", "geometry": {"type": "Point", "coordinates": [30.0043, -1.9446]}, "properties": {"radio": "GSM", "range_m": "1000", "samples": "5"}}, {"type": "Feature", "geometry": {"type": "Point", "coordinates": [29.6281, -1.4985]}, "properties": {"radio": "GSM", "range_m": "1000", "samples": "2"}}, {"type": "Feature", "geometry": {"type": "Point", "coordinates": [29.6305, -1.5004]}, "properties": {"radio": "GSM", "range_m": "1000", "samples": "3"}}, {"type": "Feature", "geometry": {"type": "Point", "coordinates": [30.5612, -2.1363]}, "properties": {"radio": "GSM", "range_m": "3491", "samples": "9"}}, {"type": "Feature", "geometry": {"type": "Point", "coordinates": [30.5969, -2.2773]}, "properties": {"radio": "GSM", "range_m": "1000", "samples": "2"}}, {"type": "Feature", "geometry": {"type": "Point", "coordinates": [30.7543, -2.3315]}, "properties": {"radio": "GSM", "range_m": "4487", "samples": "11"}}, {"type": "Feature", "geometry": {"type": "Point", "coordinates": [30.2058, -2.2451]}, "properties": {"radio": "GSM", "range_m": "5643", "samples": "6"}}, {"type": "Feature", "geometry": {"type": "Point", "coordinates": [30.2021, -2.294]}, "properties": {"radio": "GSM", "range_m": "12372", "samples": "24"}}, {"type": "Feature", "geometry": {"type": "Point", "coordinates": [30.2123, -2.2441]}, "properties": {"radio": "GSM", "range_m": "5068", "samples": "6"}}, {"type": "Feature", "geometry": {"type": "Point", "coordinates": [30.2215, -2.2498]}, "properties": {"radio": "GSM", "range_m": "5026", "samples": "3"}}, {"type": "Feature", "geometry": {"type": "Point", "coordinates": [30.2132, -2.2351]}, "properties": {"radio": "GSM", "range_m": "4215", "samples": "5"}}, {"type": "Feature", "geometry": {"type": "Point", "coordinates": [30.2133, -2.2474]}, "properties": {"radio": "GSM", "range_m": "1000", "samples": "2"}}, {"type": "Feature", "geometry": {"type": "Point", "coordinates": [30.2117, -2.262]}, "properties": {"radio": "GSM", "range_m": "3083", "samples": "50"}}, {"type": "Feature", "geometry": {"type": "Point", "coordinates": [30.2016, -2.3195]}, "properties": {"radio": "GSM", "range_m": "3219", "samples": "25"}}, {"type": "Feature", "geometry": {"type": "Point", "coordinates": [30.2239, -2.2617]}, "properties": {"radio": "GSM", "range_m": "10847", "samples": "5"}}, {"type": "Feature", "geometry": {"type": "Point", "coordinates": [30.2165, -2.2629]}, "properties": {"radio": "GSM", "range_m": "6573", "samples": "4"}}, {"type": "Feature", "geometry": {"type": "Point", "coordinates": [30.197, -2.2358]}, "properties": {"radio": "GSM", "range_m": "6336", "samples": "22"}}, {"type": "Feature", "geometry": {"type": "Point", "coordinates": [30.2088, -2.3148]}, "properties": {"radio": "GSM", "range_m": "2388", "samples": "2"}}, {"type": "Feature", "geometry": {"type": "Point", "coordinates": [30.1607, -2.3461]}, "properties": {"radio": "GSM", "range_m": "7796", "samples": "21"}}, {"type": "Feature", "geometry": {"type": "Point", "coordinates": [30.1806, -2.2291]}, "properties": {"radio": "GSM", "range_m": "9693", "samples": "23"}}, {"type": "Feature", "geometry": {"type": "Point", "coordinates": [30.5662, -2.2664]}, "properties": {"radio": "GSM", "range_m": "3547", "samples": "3"}}, {"type": "Feature", "geometry": {"type": "Point", "coordinates": [30.1197, -1.9603]}, "properties": {"radio": "GSM", "range_m": "1000", "samples": "9"}}, {"type": "Feature", "geometry": {"type": "Point", "coordinates": [30.12, -1.9609]}, "properties": {"radio": "GSM", "range_m": "1000", "samples": "10"}}, {"type": "Feature", "geometry": {"type": "Point", "coordinates": [30.2249, -2.2427]}, "properties": {"radio": "GSM", "range_m": "5791", "samples": "4"}}, {"type": "Feature", "geometry": {"type": "Point", "coordinates": [30.0865, -1.9708]}, "properties": {"radio": "GSM", "range_m": "1000", "samples": "4"}}, {"type": "Feature", "geometry": {"type": "Point", "coordinates": [30.0789, -1.9608]}, "properties": {"radio": "GSM", "range_m": "1278", "samples": "3"}}, {"type": "Feature", "geometry": {"type": "Point", "coordinates": [30.1259, -1.9624]}, "properties": {"radio": "GSM", "range_m": "1000", "samples": "2"}}, {"type": "Feature", "geometry": {"type": "Point", "coordinates": [30.5625, -2.1425]}, "properties": {"radio": "GSM", "range_m": "3839", "samples": "6"}}, {"type": "Feature", "geometry": {"type": "Point", "coordinates": [30.3341, -1.9444]}, "properties": {"radio": "GSM", "range_m": "1000", "samples": "5"}}, {"type": "Feature", "geometry": {"type": "Point", "coordinates": [30.2343, -1.9593]}, "properties": {"radio": "GSM", "range_m": "1288", "samples": "16"}}, {"type": "Feature", "geometry": {"type": "Point", "coordinates": [30.1867, -1.9859]}, "properties": {"radio": "GSM", "range_m": "1105", "samples": "8"}}, {"type": "Feature", "geometry": {"type": "Point", "coordinates": [30.1761, -1.9746]}, "properties": {"radio": "GSM", "range_m": "3730", "samples": "9"}}, {"type": "Feature", "geometry": {"type": "Point", "coordinates": [30.1221, -1.9463]}, "properties": {"radio": "GSM", "range_m": "1000", "samples": "4"}}, {"type": "Feature", "geometry": {"type": "Point", "coordinates": [30.1221, -1.9458]}, "properties": {"radio": "GSM", "range_m": "1000", "samples": "3"}}, {"type": "Feature", "geometry": {"type": "Point", "coordinates": [30.122, -1.9452]}, "properties": {"radio": "GSM", "range_m": "1000", "samples": "5"}}, {"type": "Feature", "geometry": {"type": "Point", "coordinates": [30.1219, -1.9443]}, "properties": {"radio": "GSM", "range_m": "1000", "samples": "4"}}, {"type": "Feature", "geometry": {"type": "Point", "coordinates": [30.1214, -1.9461]}, "properties": {"radio": "GSM", "range_m": "1000", "samples": "4"}}, {"type": "Feature", "geometry": {"type": "Point", "coordinates": [30.1221, -1.9463]}, "properties": {"radio": "GSM", "range_m": "1000", "samples": "4"}}, {"type": "Feature", "geometry": {"type": "Point", "coordinates": [30.1216, -1.9443]}, "properties": {"radio": "GSM", "range_m": "1000", "samples": "4"}}, {"type": "Feature", "geometry": {"type": "Point", "coordinates": [30.0522, -1.9101]}, "properties": {"radio": "GSM", "range_m": "1237", "samples": "2"}}, {"type": "Feature", "geometry": {"type": "Point", "coordinates": [30.0455, -1.9386]}, "properties": {"radio": "GSM", "range_m": "1000", "samples": "3"}}, {"type": "Feature", "geometry": {"type": "Point", "coordinates": [30.0409, -1.9414]}, "properties": {"radio": "GSM", "range_m": "1000", "samples": "2"}}, {"type": "Feature", "geometry": {"type": "Point", "coordinates": [30.0462, -1.9379]}, "properties": {"radio": "GSM", "range_m": "1000", "samples": "2"}}, {"type": "Feature", "geometry": {"type": "Point", "coordinates": [30.063, -1.9442]}, "properties": {"radio": "GSM", "range_m": "1542", "samples": "2"}}, {"type": "Feature", "geometry": {"type": "Point", "coordinates": [30.1575, -1.9542]}, "properties": {"radio": "GSM", "range_m": "1000", "samples": "3"}}, {"type": "Feature", "geometry": {"type": "Point", "coordinates": [30.158, -1.9551]}, "properties": {"radio": "GSM", "range_m": "1000", "samples": "8"}}, {"type": "Feature", "geometry": {"type": "Point", "coordinates": [29.7801, -1.2485]}, "properties": {"radio": "GSM", "range_m": "1000", "samples": "5"}}, {"type": "Feature", "geometry": {"type": "Point", "coordinates": [30.2342, -1.9596]}, "properties": {"radio": "GSM", "range_m": "1282", "samples": "8"}}, {"type": "Feature", "geometry": {"type": "Point", "coordinates": [30.6641, -2.271]}, "properties": {"radio": "GSM", "range_m": "1465", "samples": "7"}}, {"type": "Feature", "geometry": {"type": "Point", "coordinates": [30.2406, -1.9586]}, "properties": {"radio": "GSM", "range_m": "2875", "samples": "4"}}, {"type": "Feature", "geometry": {"type": "Point", "coordinates": [30.0863, -1.9719]}, "properties": {"radio": "GSM", "range_m": "1000", "samples": "3"}}, {"type": "Feature", "geometry": {"type": "Point", "coordinates": [30.1232, -1.9618]}, "properties": {"radio": "GSM", "range_m": "1000", "samples": "5"}}, {"type": "Feature", "geometry": {"type": "Point", "coordinates": [30.1213, -1.9612]}, "properties": {"radio": "GSM", "range_m": "1000", "samples": "4"}}, {"type": "Feature", "geometry": {"type": "Point", "coordinates": [30.1573, -1.9592]}, "properties": {"radio": "GSM", "range_m": "1000", "samples": "5"}}, {"type": "Feature", "geometry": {"type": "Point", "coordinates": [30.5294, -1.9577]}, "properties": {"radio": "GSM", "range_m": "1038", "samples": "2"}}, {"type": "Feature", "geometry": {"type": "Point", "coordinates": [30.1672, -1.9678]}, "properties": {"radio": "GSM", "range_m": "1000", "samples": "2"}}, {"type": "Feature", "geometry": {"type": "Point", "coordinates": [30.1705, -1.9693]}, "properties": {"radio": "GSM", "range_m": "1108", "samples": "6"}}, {"type": "Feature", "geometry": {"type": "Point", "coordinates": [30.0736, -1.9502]}, "properties": {"radio": "GSM", "range_m": "1392", "samples": "4"}}, {"type": "Feature", "geometry": {"type": "Point", "coordinates": [30.0347, -1.9435]}, "properties": {"radio": "GSM", "range_m": "1000", "samples": "3"}}, {"type": "Feature", "geometry": {"type": "Point", "coordinates": [29.5637, -1.5375]}, "properties": {"radio": "GSM", "range_m": "1000", "samples": "2"}}, {"type": "Feature", "geometry": {"type": "Point", "coordinates": [30.0743, -1.949]}, "properties": {"radio": "GSM", "range_m": "1000", "samples": "3"}}, {"type": "Feature", "geometry": {"type": "Point", "coordinates": [29.9989, -1.9534]}, "properties": {"radio": "GSM", "range_m": "1583", "samples": "6"}}, {"type": "Feature", "geometry": {"type": "Point", "coordinates": [29.9949, -1.9574]}, "properties": {"radio": "GSM", "range_m": "1863", "samples": "3"}}, {"type": "Feature", "geometry": {"type": "Point", "coordinates": [29.9975, -1.9539]}, "properties": {"radio": "GSM", "range_m": "1383", "samples": "2"}}, {"type": "Feature", "geometry": {"type": "Point", "coordinates": [29.9957, -1.9559]}, "properties": {"radio": "GSM", "range_m": "1686", "samples": "5"}}, {"type": "Feature", "geometry": {"type": "Point", "coordinates": [30.0802, -1.9489]}, "properties": {"radio": "GSM", "range_m": "990", "samples": "26"}}, {"type": "Feature", "geometry": {"type": "Point", "coordinates": [30.0752, -1.955]}, "properties": {"radio": "GSM", "range_m": "1000", "samples": "2"}}, {"type": "Feature", "geometry": {"type": "Point", "coordinates": [30.05, -1.9378]}, "properties": {"radio": "GSM", "range_m": "1000", "samples": "2"}}, {"type": "Feature", "geometry": {"type": "Point", "coordinates": [29.755, -1.2957]}, "properties": {"radio": "GSM", "range_m": "7534", "samples": "8"}}, {"type": "Feature", "geometry": {"type": "Point", "coordinates": [29.7869, -2.3865]}, "properties": {"radio": "GSM", "range_m": "1000", "samples": "3"}}, {"type": "Feature", "geometry": {"type": "Point", "coordinates": [29.7873, -2.3871]}, "properties": {"radio": "GSM", "range_m": "1000", "samples": "4"}}, {"type": "Feature", "geometry": {"type": "Point", "coordinates": [29.7494, -2.5812]}, "properties": {"radio": "GSM", "range_m": "2611", "samples": "3"}}, {"type": "Feature", "geometry": {"type": "Point", "coordinates": [29.7405, -2.5885]}, "properties": {"radio": "GSM", "range_m": "1000", "samples": "3"}}, {"type": "Feature", "geometry": {"type": "Point", "coordinates": [29.7405, -2.5885]}, "properties": {"radio": "GSM", "range_m": "1000", "samples": "3"}}, {"type": "Feature", "geometry": {"type": "Point", "coordinates": [29.5166, -2.4934]}, "properties": {"radio": "GSM", "range_m": "3392", "samples": "2"}}, {"type": "Feature", "geometry": {"type": "Point", "coordinates": [29.4206, -2.5226]}, "properties": {"radio": "GSM", "range_m": "7218", "samples": "4"}}, {"type": "Feature", "geometry": {"type": "Point", "coordinates": [29.4404, -2.524]}, "properties": {"radio": "GSM", "range_m": "1000", "samples": "2"}}, {"type": "Feature", "geometry": {"type": "Point", "coordinates": [29.3677, -2.5265]}, "properties": {"radio": "GSM", "range_m": "4792", "samples": "4"}}, {"type": "Feature", "geometry": {"type": "Point", "coordinates": [29.3566, -2.5269]}, "properties": {"radio": "GSM", "range_m": "10615", "samples": "23"}}, {"type": "Feature", "geometry": {"type": "Point", "coordinates": [29.3007, -2.4937]}, "properties": {"radio": "GSM", "range_m": "2703", "samples": "50"}}, {"type": "Feature", "geometry": {"type": "Point", "coordinates": [29.2465, -2.4823]}, "properties": {"radio": "GSM", "range_m": "4738", "samples": "3"}}, {"type": "Feature", "geometry": {"type": "Point", "coordinates": [29.1663, -2.4855]}, "properties": {"radio": "GSM", "range_m": "1000", "samples": "3"}}, {"type": "Feature", "geometry": {"type": "Point", "coordinates": [29.1782, -2.4846]}, "properties": {"radio": "GSM", "range_m": "2330", "samples": "3"}}, {"type": "Feature", "geometry": {"type": "Point", "coordinates": [29.1554, -2.4891]}, "properties": {"radio": "GSM", "range_m": "1852", "samples": "23"}}, {"type": "Feature", "geometry": {"type": "Point", "coordinates": [29.1539, -2.49]}, "properties": {"radio": "GSM", "range_m": "5715", "samples": "22"}}, {"type": "Feature", "geometry": {"type": "Point", "coordinates": [29.1164, -2.4816]}, "properties": {"radio": "GSM", "range_m": "12075", "samples": "14"}}, {"type": "Feature", "geometry": {"type": "Point", "coordinates": [29.0639, -2.4342]}, "properties": {"radio": "GSM", "range_m": "3935", "samples": "3"}}, {"type": "Feature", "geometry": {"type": "Point", "coordinates": [28.9278, -2.4832]}, "properties": {"radio": "GSM", "range_m": "3539", "samples": "3"}}, {"type": "Feature", "geometry": {"type": "Point", "coordinates": [28.9191, -2.4849]}, "properties": {"radio": "GSM", "range_m": "4511", "samples": "19"}}, {"type": "Feature", "geometry": {"type": "Point", "coordinates": [28.9299, -2.4865]}, "properties": {"radio": "GSM", "range_m": "1000", "samples": "9"}}, {"type": "Feature", "geometry": {"type": "Point", "coordinates": [28.9314, -2.4869]}, "properties": {"radio": "GSM", "range_m": "1000", "samples": "2"}}, {"type": "Feature", "geometry": {"type": "Point", "coordinates": [28.9092, -2.4952]}, "properties": {"radio": "GSM", "range_m": "2885", "samples": "3"}}, {"type": "Feature", "geometry": {"type": "Point", "coordinates": [28.9314, -2.4869]}, "properties": {"radio": "GSM", "range_m": "1000", "samples": "2"}}, {"type": "Feature", "geometry": {"type": "Point", "coordinates": [29.7396, -2.5875]}, "properties": {"radio": "GSM", "range_m": "1000", "samples": "2"}}, {"type": "Feature", "geometry": {"type": "Point", "coordinates": [29.9917, -1.9635]}, "properties": {"radio": "GSM", "range_m": "1000", "samples": "4"}}, {"type": "Feature", "geometry": {"type": "Point", "coordinates": [29.9918, -1.9639]}, "properties": {"radio": "GSM", "range_m": "1000", "samples": "3"}}, {"type": "Feature", "geometry": {"type": "Point", "coordinates": [30.0844, -1.9634]}, "properties": {"radio": "GSM", "range_m": "1505", "samples": "3"}}, {"type": "Feature", "geometry": {"type": "Point", "coordinates": [30.1266, -1.963]}, "properties": {"radio": "GSM", "range_m": "1000", "samples": "2"}}, {"type": "Feature", "geometry": {"type": "Point", "coordinates": [30.1264, -1.9629]}, "properties": {"radio": "GSM", "range_m": "1000", "samples": "2"}}, {"type": "Feature", "geometry": {"type": "Point", "coordinates": [30.2357, -1.9573]}, "properties": {"radio": "GSM", "range_m": "1000", "samples": "5"}}, {"type": "Feature", "geometry": {"type": "Point", "coordinates": [30.2383, -1.9561]}, "properties": {"radio": "GSM", "range_m": "2003", "samples": "9"}}, {"type": "Feature", "geometry": {"type": "Point", "coordinates": [30.2429, -1.9544]}, "properties": {"radio": "GSM", "range_m": "1521", "samples": "6"}}, {"type": "Feature", "geometry": {"type": "Point", "coordinates": [30.2338, -1.9617]}, "properties": {"radio": "GSM", "range_m": "2181", "samples": "9"}}, {"type": "Feature", "geometry": {"type": "Point", "coordinates": [30.458, -1.0516]}, "properties": {"radio": "GSM", "range_m": "1000", "samples": "4"}}, {"type": "Feature", "geometry": {"type": "Point", "coordinates": [29.7768, -1.2485]}, "properties": {"radio": "GSM", "range_m": "1000", "samples": "3"}}, {"type": "Feature", "geometry": {"type": "Point", "coordinates": [30.7464, -2.3071]}, "properties": {"radio": "GSM", "range_m": "2984", "samples": "5"}}, {"type": "Feature", "geometry": {"type": "Point", "coordinates": [30.5558, -2.0918]}, "properties": {"radio": "GSM", "range_m": "5742", "samples": "6"}}, {"type": "Feature", "geometry": {"type": "Point", "coordinates": [30.561, -2.0607]}, "properties": {"radio": "GSM", "range_m": "3459", "samples": "6"}}, {"type": "Feature", "geometry": {"type": "Point", "coordinates": [30.5624, -2.0541]}, "properties": {"radio": "GSM", "range_m": "2950", "samples": "14"}}, {"type": "Feature", "geometry": {"type": "Point", "coordinates": [30.5626, -2.0364]}, "properties": {"radio": "GSM", "range_m": "4703", "samples": "10"}}, {"type": "Feature", "geometry": {"type": "Point", "coordinates": [30.5549, -2.0004]}, "properties": {"radio": "GSM", "range_m": "5552", "samples": "11"}}, {"type": "Feature", "geometry": {"type": "Point", "coordinates": [30.5635, -2.04]}, "properties": {"radio": "GSM", "range_m": "1000", "samples": "3"}}, {"type": "Feature", "geometry": {"type": "Point", "coordinates": [30.3088, -1.9131]}, "properties": {"radio": "GSM", "range_m": "3407", "samples": "12"}}, {"type": "Feature", "geometry": {"type": "Point", "coordinates": [30.3299, -1.9318]}, "properties": {"radio": "GSM", "range_m": "6731", "samples": "7"}}, {"type": "Feature", "geometry": {"type": "Point", "coordinates": [30.2471, -1.9531]}, "properties": {"radio": "GSM", "range_m": "2624", "samples": "7"}}, {"type": "Feature", "geometry": {"type": "Point", "coordinates": [30.2429, -1.9547]}, "properties": {"radio": "GSM", "range_m": "3114", "samples": "12"}}, {"type": "Feature", "geometry": {"type": "Point", "coordinates": [29.7795, -1.2471]}, "properties": {"radio": "GSM", "range_m": "1000", "samples": "10"}}, {"type": "Feature", "geometry": {"type": "Point", "coordinates": [29.7378, -1.3362]}, "properties": {"radio": "GSM", "range_m": "3570", "samples": "8"}}, {"type": "Feature", "geometry": {"type": "Point", "coordinates": [30.068, -1.9398]}, "properties": {"radio": "GSM", "range_m": "1000", "samples": "2"}}, {"type": "Feature", "geometry": {"type": "Point", "coordinates": [30.5369, -1.9623]}, "properties": {"radio": "GSM", "range_m": "2575", "samples": "3"}}, {"type": "Feature", "geometry": {"type": "Point", "coordinates": [30.5102, -1.9333]}, "properties": {"radio": "GSM", "range_m": "2610", "samples": "3"}}, {"type": "Feature", "geometry": {"type": "Point", "coordinates": [28.8921, -2.503]}, "properties": {"radio": "GSM", "range_m": "2059", "samples": "5"}}, {"type": "Feature", "geometry": {"type": "Point", "coordinates": [28.8915, -2.4869]}, "properties": {"radio": "GSM", "range_m": "5021", "samples": "5"}}, {"type": "Feature", "geometry": {"type": "Point", "coordinates": [28.9449, -2.4862]}, "properties": {"radio": "GSM", "range_m": "1365", "samples": "24"}}, {"type": "Feature", "geometry": {"type": "Point", "coordinates": [28.8979, -2.48]}, "properties": {"radio": "GSM", "range_m": "1024", "samples": "23"}}, {"type": "Feature", "geometry": {"type": "Point", "coordinates": [29.0689, -2.4266]}, "properties": {"radio": "GSM", "range_m": "1376", "samples": "22"}}, {"type": "Feature", "geometry": {"type": "Point", "coordinates": [30.7262, -2.2809]}, "properties": {"radio": "GSM", "range_m": "1000", "samples": "3"}}, {"type": "Feature", "geometry": {"type": "Point", "coordinates": [30.5638, -2.0376]}, "properties": {"radio": "GSM", "range_m": "1000", "samples": "2"}}, {"type": "Feature", "geometry": {"type": "Point", "coordinates": [30.5158, -1.947]}, "properties": {"radio": "GSM", "range_m": "1000", "samples": "2"}}, {"type": "Feature", "geometry": {"type": "Point", "coordinates": [30.0234, -1.9321]}, "properties": {"radio": "GSM", "range_m": "1000", "samples": "2"}}, {"type": "Feature", "geometry": {"type": "Point", "coordinates": [29.923, -1.7499]}, "properties": {"radio": "GSM", "range_m": "4527", "samples": "3"}}, {"type": "Feature", "geometry": {"type": "Point", "coordinates": [29.9194, -1.7298]}, "properties": {"radio": "GSM", "range_m": "1000", "samples": "2"}}, {"type": "Feature", "geometry": {"type": "Point", "coordinates": [29.9194, -1.7298]}, "properties": {"radio": "GSM", "range_m": "1000", "samples": "2"}}, {"type": "Feature", "geometry": {"type": "Point", "coordinates": [30.2257, -1.9796]}, "properties": {"radio": "GSM", "range_m": "1000", "samples": "4"}}, {"type": "Feature", "geometry": {"type": "Point", "coordinates": [30.5522, -1.9771]}, "properties": {"radio": "GSM", "range_m": "1631", "samples": "3"}}, {"type": "Feature", "geometry": {"type": "Point", "coordinates": [30.5581, -1.9976]}, "properties": {"radio": "GSM", "range_m": "1000", "samples": "2"}}, {"type": "Feature", "geometry": {"type": "Point", "coordinates": [30.4355, -1.1152]}, "properties": {"radio": "GSM", "range_m": "1000", "samples": "1"}}, {"type": "Feature", "geometry": {"type": "Point", "coordinates": [30.4355, -1.1152]}, "properties": {"radio": "GSM", "range_m": "1000", "samples": "1"}}, {"type": "Feature", "geometry": {"type": "Point", "coordinates": [30.4355, -1.1152]}, "properties": {"radio": "GSM", "range_m": "1000", "samples": "1"}}, {"type": "Feature", "geometry": {"type": "Point", "coordinates": [29.2801, -1.68]}, "properties": {"radio": "GSM", "range_m": "1000", "samples": "1"}}, {"type": "Feature", "geometry": {"type": "Point", "coordinates": [30.5531, -2.1389]}, "properties": {"radio": "GSM", "range_m": "5290", "samples": "10"}}, {"type": "Feature", "geometry": {"type": "Point", "coordinates": [30.4926, -1.902]}, "properties": {"radio": "GSM", "range_m": "1000", "samples": "1"}}, {"type": "Feature", "geometry": {"type": "Point", "coordinates": [30.3661, -1.9514]}, "properties": {"radio": "GSM", "range_m": "1000", "samples": "1"}}, {"type": "Feature", "geometry": {"type": "Point", "coordinates": [30.0754, -1.9533]}, "properties": {"radio": "GSM", "range_m": "1000", "samples": "1"}}, {"type": "Feature", "geometry": {"type": "Point", "coordinates": [30.0753, -1.9527]}, "properties": {"radio": "GSM", "range_m": "1000", "samples": "2"}}, {"type": "Feature", "geometry": {"type": "Point", "coordinates": [29.9474, -1.977]}, "properties": {"radio": "GSM", "range_m": "1000", "samples": "1"}}, {"type": "Feature", "geometry": {"type": "Point", "coordinates": [29.919, -1.9906]}, "properties": {"radio": "GSM", "range_m": "1000", "samples": "1"}}, {"type": "Feature", "geometry": {"type": "Point", "coordinates": [29.919, -1.9906]}, "properties": {"radio": "GSM", "range_m": "1000", "samples": "1"}}, {"type": "Feature", "geometry": {"type": "Point", "coordinates": [29.919, -1.9906]}, "properties": {"radio": "GSM", "range_m": "1000", "samples": "1"}}, {"type": "Feature", "geometry": {"type": "Point", "coordinates": [29.919, -1.9906]}, "properties": {"radio": "GSM", "range_m": "1000", "samples": "1"}}, {"type": "Feature", "geometry": {"type": "Point", "coordinates": [29.7827, -2.0739]}, "properties": {"radio": "GSM", "range_m": "1000", "samples": "1"}}, {"type": "Feature", "geometry": {"type": "Point", "coordinates": [29.7827, -2.0739]}, "properties": {"radio": "GSM", "range_m": "1000", "samples": "1"}}, {"type": "Feature", "geometry": {"type": "Point", "coordinates": [29.7703, -2.1822]}, "properties": {"radio": "GSM", "range_m": "1000", "samples": "1"}}, {"type": "Feature", "geometry": {"type": "Point", "coordinates": [29.7938, -2.2081]}, "properties": {"radio": "GSM", "range_m": "1000", "samples": "1"}}, {"type": "Feature", "geometry": {"type": "Point", "coordinates": [29.7938, -2.2081]}, "properties": {"radio": "GSM", "range_m": "1000", "samples": "1"}}, {"type": "Feature", "geometry": {"type": "Point", "coordinates": [29.7684, -2.3415]}, "properties": {"radio": "GSM", "range_m": "1000", "samples": "1"}}, {"type": "Feature", "geometry": {"type": "Point", "coordinates": [29.7684, -2.3416]}, "properties": {"radio": "GSM", "range_m": "1000", "samples": "1"}}, {"type": "Feature", "geometry": {"type": "Point", "coordinates": [29.7684, -2.3416]}, "properties": {"radio": "GSM", "range_m": "1000", "samples": "1"}}, {"type": "Feature", "geometry": {"type": "Point", "coordinates": [29.7634, -2.5447]}, "properties": {"radio": "GSM", "range_m": "1000", "samples": "1"}}, {"type": "Feature", "geometry": {"type": "Point", "coordinates": [29.7631, -2.458]}, "properties": {"radio": "GSM", "range_m": "1000", "samples": "1"}}, {"type": "Feature", "geometry": {"type": "Point", "coordinates": [29.7631, -2.458]}, "properties": {"radio": "GSM", "range_m": "1000", "samples": "1"}}, {"type": "Feature", "geometry": {"type": "Point", "coordinates": [29.7634, -2.5447]}, "properties": {"radio": "GSM", "range_m": "1000", "samples": "1"}}, {"type": "Feature", "geometry": {"type": "Point", "coordinates": [29.764, -2.5633]}, "properties": {"radio": "GSM", "range_m": "1000", "samples": "1"}}, {"type": "Feature", "geometry": {"type": "Point", "coordinates": [29.764, -2.5633]}, "properties": {"radio": "GSM", "range_m": "1000", "samples": "1"}}, {"type": "Feature", "geometry": {"type": "Point", "coordinates": [29.645, -2.5183]}, "properties": {"radio": "GSM", "range_m": "1000", "samples": "2"}}, {"type": "Feature", "geometry": {"type": "Point", "coordinates": [29.6417, -2.5156]}, "properties": {"radio": "GSM", "range_m": "1000", "samples": "1"}}, {"type": "Feature", "geometry": {"type": "Point", "coordinates": [29.4839, -2.5077]}, "properties": {"radio": "GSM", "range_m": "1000", "samples": "2"}}, {"type": "Feature", "geometry": {"type": "Point", "coordinates": [29.4839, -2.5076]}, "properties": {"radio": "GSM", "range_m": "1000", "samples": "1"}}, {"type": "Feature", "geometry": {"type": "Point", "coordinates": [29.4839, -2.5077]}, "properties": {"radio": "GSM", "range_m": "1000", "samples": "1"}}, {"type": "Feature", "geometry": {"type": "Point", "coordinates": [29.4839, -2.5077]}, "properties": {"radio": "GSM", "range_m": "1000", "samples": "1"}}, {"type": "Feature", "geometry": {"type": "Point", "coordinates": [29.4839, -2.5077]}, "properties": {"radio": "GSM", "range_m": "1000", "samples": "2"}}, {"type": "Feature", "geometry": {"type": "Point", "coordinates": [29.0809, -2.433]}, "properties": {"radio": "GSM", "range_m": "1485", "samples": "2"}}, {"type": "Feature", "geometry": {"type": "Point", "coordinates": [28.9539, -2.484]}, "properties": {"radio": "GSM", "range_m": "1000", "samples": "1"}}, {"type": "Feature", "geometry": {"type": "Point", "coordinates": [28.9539, -2.484]}, "properties": {"radio": "GSM", "range_m": "1000", "samples": "1"}}, {"type": "Feature", "geometry": {"type": "Point", "coordinates": [28.9338, -2.4887]}, "properties": {"radio": "GSM", "range_m": "1993", "samples": "2"}}, {"type": "Feature", "geometry": {"type": "Point", "coordinates": [28.9286, -2.4859]}, "properties": {"radio": "GSM", "range_m": "1000", "samples": "1"}}, {"type": "Feature", "geometry": {"type": "Point", "coordinates": [28.9068, -2.4777]}, "properties": {"radio": "GSM", "range_m": "1000", "samples": "1"}}, {"type": "Feature", "geometry": {"type": "Point", "coordinates": [28.9188, -2.4932]}, "properties": {"radio": "GSM", "range_m": "4850", "samples": "3"}}, {"type": "Feature", "geometry": {"type": "Point", "coordinates": [28.9068, -2.4777]}, "properties": {"radio": "GSM", "range_m": "1000", "samples": "1"}}, {"type": "Feature", "geometry": {"type": "Point", "coordinates": [28.9068, -2.4777]}, "properties": {"radio": "GSM", "range_m": "1000", "samples": "1"}}, {"type": "Feature", "geometry": {"type": "Point", "coordinates": [28.9147, -2.4766]}, "properties": {"radio": "GSM", "range_m": "4825", "samples": "3"}}, {"type": "Feature", "geometry": {"type": "Point", "coordinates": [28.8384, -2.5029]}, "properties": {"radio": "GSM", "range_m": "1000", "samples": "1"}}, {"type": "Feature", "geometry": {"type": "Point", "coordinates": [28.8384, -2.5029]}, "properties": {"radio": "GSM", "range_m": "1000", "samples": "1"}}, {"type": "Feature", "geometry": {"type": "Point", "coordinates": [28.8384, -2.5029]}, "properties": {"radio": "GSM", "range_m": "1000", "samples": "1"}}, {"type": "Feature", "geometry": {"type": "Point", "coordinates": [28.7892, -2.5166]}, "properties": {"radio": "GSM", "range_m": "1000", "samples": "1"}}, {"type": "Feature", "geometry": {"type": "Point", "coordinates": [28.8966, -2.487]}, "properties": {"radio": "GSM", "range_m": "4508", "samples": "3"}}, {"type": "Feature", "geometry": {"type": "Point", "coordinates": [28.8966, -2.4663]}, "properties": {"radio": "GSM", "range_m": "4160", "samples": "3"}}, {"type": "Feature", "geometry": {"type": "Point", "coordinates": [28.8966, -2.4663]}, "properties": {"radio": "GSM", "range_m": "4160", "samples": "3"}}, {"type": "Feature", "geometry": {"type": "Point", "coordinates": [28.8846, -2.52]}, "properties": {"radio": "GSM", "range_m": "1000", "samples": "1"}}, {"type": "Feature", "geometry": {"type": "Point", "coordinates": [28.8668, -2.4885]}, "properties": {"radio": "GSM", "range_m": "1000", "samples": "1"}}, {"type": "Feature", "geometry": {"type": "Point", "coordinates": [28.8843, -2.4574]}, "properties": {"radio": "GSM", "range_m": "1000", "samples": "1"}}, {"type": "Feature", "geometry": {"type": "Point", "coordinates": [29.7643, -2.5631]}, "properties": {"radio": "GSM", "range_m": "1000", "samples": "1"}}, {"type": "Feature", "geometry": {"type": "Point", "coordinates": [30.7846, -2.3818]}, "properties": {"radio": "GSM", "range_m": "1317", "samples": "5"}}, {"type": "Feature", "geometry": {"type": "Point", "coordinates": [30.7815, -2.3804]}, "properties": {"radio": "GSM", "range_m": "1000", "samples": "4"}}, {"type": "Feature", "geometry": {"type": "Point", "coordinates": [30.7824, -2.381]}, "properties": {"radio": "GSM", "range_m": "1099", "samples": "4"}}, {"type": "Feature", "geometry": {"type": "Point", "coordinates": [30.7679, -2.3645]}, "properties": {"radio": "GSM", "range_m": "2139", "samples": "3"}}, {"type": "Feature", "geometry": {"type": "Point", "coordinates": [30.763, -2.3562]}, "properties": {"radio": "GSM", "range_m": "1000", "samples": "2"}}, {"type": "Feature", "geometry": {"type": "Point", "coordinates": [30.763, -2.3562]}, "properties": {"radio": "GSM", "range_m": "1000", "samples": "2"}}, {"type": "Feature", "geometry": {"type": "Point", "coordinates": [30.7493, -2.3195]}, "properties": {"radio": "GSM", "range_m": "4394", "samples": "2"}}, {"type": "Feature", "geometry": {"type": "Point", "coordinates": [30.7441, -2.3085]}, "properties": {"radio": "GSM", "range_m": "3846", "samples": "6"}}, {"type": "Feature", "geometry": {"type": "Point", "coordinates": [30.7431, -2.3]}, "properties": {"radio": "GSM", "range_m": "1000", "samples": "1"}}, {"type": "Feature", "geometry": {"type": "Point", "coordinates": [30.7208, -2.2854]}, "properties": {"radio": "GSM", "range_m": "1372", "samples": "3"}}, {"type": "Feature", "geometry": {"type": "Point", "coordinates": [30.5481, -1.9689]}, "properties": {"radio": "GSM", "range_m": "1000", "samples": "1"}}, {"type": "Feature", "geometry": {"type": "Point", "coordinates": [30.189, -1.9895]}, "properties": {"radio": "GSM", "range_m": "1000", "samples": "2"}}, {"type": "Feature", "geometry": {"type": "Point", "coordinates": [29.9894, -1.964]}, "properties": {"radio": "GSM", "range_m": "1000", "samples": "2"}}, {"type": "Feature", "geometry": {"type": "Point", "coordinates": [29.9894, -1.964]}, "properties": {"radio": "GSM", "range_m": "1000", "samples": "1"}}, {"type": "Feature", "geometry": {"type": "Point", "coordinates": [29.9899, -1.9641]}, "properties": {"radio": "GSM", "range_m": "1000", "samples": "1"}}, {"type": "Feature", "geometry": {"type": "Point", "coordinates": [29.9899, -1.9641]}, "properties": {"radio": "GSM", "range_m": "1000", "samples": "1"}}, {"type": "Feature", "geometry": {"type": "Point", "coordinates": [29.9893, -1.964]}, "properties": {"radio": "GSM", "range_m": "1000", "samples": "1"}}, {"type": "Feature", "geometry": {"type": "Point", "coordinates": [29.9894, -1.9639]}, "properties": {"radio": "GSM", "range_m": "1000", "samples": "1"}}, {"type": "Feature", "geometry": {"type": "Point", "coordinates": [29.9893, -1.964]}, "properties": {"radio": "GSM", "range_m": "1000", "samples": "1"}}, {"type": "Feature", "geometry": {"type": "Point", "coordinates": [30.0756, -1.957]}, "properties": {"radio": "GSM", "range_m": "1000", "samples": "1"}}, {"type": "Feature", "geometry": {"type": "Point", "coordinates": [30.0916, -1.9675]}, "properties": {"radio": "GSM", "range_m": "1000", "samples": "1"}}, {"type": "Feature", "geometry": {"type": "Point", "coordinates": [30.1641, -1.9659]}, "properties": {"radio": "GSM", "range_m": "1658", "samples": "4"}}, {"type": "Feature", "geometry": {"type": "Point", "coordinates": [30.2855, -1.8933]}, "properties": {"radio": "GSM", "range_m": "1000", "samples": "3"}}, {"type": "Feature", "geometry": {"type": "Point", "coordinates": [30.2838, -1.9025]}, "properties": {"radio": "GSM", "range_m": "2838", "samples": "6"}}, {"type": "Feature", "geometry": {"type": "Point", "coordinates": [30.6954, -2.2718]}, "properties": {"radio": "GSM", "range_m": "1000", "samples": "1"}}, {"type": "Feature", "geometry": {"type": "Point", "coordinates": [30.7521, -2.3296]}, "properties": {"radio": "GSM", "range_m": "1000", "samples": "3"}}, {"type": "Feature", "geometry": {"type": "Point", "coordinates": [30.7513, -2.3209]}, "properties": {"radio": "GSM", "range_m": "1215", "samples": "2"}}, {"type": "Feature", "geometry": {"type": "Point", "coordinates": [30.7513, -2.3237]}, "properties": {"radio": "GSM", "range_m": "1082", "samples": "3"}}, {"type": "Feature", "geometry": {"type": "Point", "coordinates": [30.6951, -2.2758]}, "properties": {"radio": "GSM", "range_m": "1675", "samples": "3"}}, {"type": "Feature", "geometry": {"type": "Point", "coordinates": [30.6992, -2.2781]}, "properties": {"radio": "GSM", "range_m": "1707", "samples": "4"}}, {"type": "Feature", "geometry": {"type": "Point", "coordinates": [30.6867, -2.274]}, "properties": {"radio": "GSM", "range_m": "2874", "samples": "4"}}, {"type": "Feature", "geometry": {"type": "Point", "coordinates": [30.692, -2.2719]}, "properties": {"radio": "GSM", "range_m": "1000", "samples": "1"}}, {"type": "Feature", "geometry": {"type": "Point", "coordinates": [30.6951, -2.2758]}, "properties": {"radio": "GSM", "range_m": "1675", "samples": "3"}}, {"type": "Feature", "geometry": {"type": "Point", "coordinates": [30.64, -2.2664]}, "properties": {"radio": "GSM", "range_m": "2395", "samples": "3"}}, {"type": "Feature", "geometry": {"type": "Point", "coordinates": [30.6292, -2.2653]}, "properties": {"radio": "GSM", "range_m": "1000", "samples": "2"}}, {"type": "Feature", "geometry": {"type": "Point", "coordinates": [30.5776, -2.2797]}, "properties": {"radio": "GSM", "range_m": "3044", "samples": "5"}}, {"type": "Feature", "geometry": {"type": "Point", "coordinates": [30.6384, -2.2635]}, "properties": {"radio": "GSM", "range_m": "1000", "samples": "2"}}, {"type": "Feature", "geometry": {"type": "Point", "coordinates": [30.5715, -2.2825]}, "properties": {"radio": "GSM", "range_m": "1796", "samples": "6"}}, {"type": "Feature", "geometry": {"type": "Point", "coordinates": [30.5758, -2.2832]}, "properties": {"radio": "GSM", "range_m": "1000", "samples": "7"}}, {"type": "Feature", "geometry": {"type": "Point", "coordinates": [30.5651, -2.2797]}, "properties": {"radio": "GSM", "range_m": "1659", "samples": "6"}}, {"type": "Feature", "geometry": {"type": "Point", "coordinates": [30.5756, -2.2841]}, "properties": {"radio": "GSM", "range_m": "1000", "samples": "3"}}, {"type": "Feature", "geometry": {"type": "Point", "coordinates": [30.5677, -2.2777]}, "properties": {"radio": "GSM", "range_m": "3592", "samples": "8"}}, {"type": "Feature", "geometry": {"type": "Point", "coordinates": [30.5533, -2.275]}, "properties": {"radio": "GSM", "range_m": "1040", "samples": "8"}}, {"type": "Feature", "geometry": {"type": "Point", "coordinates": [30.5793, -2.2785]}, "properties": {"radio": "GSM", "range_m": "2487", "samples": "4"}}, {"type": "Feature", "geometry": {"type": "Point", "coordinates": [30.5652, -2.1959]}, "properties": {"radio": "GSM", "range_m": "4908", "samples": "7"}}, {"type": "Feature", "geometry": {"type": "Point", "coordinates": [30.574, -2.1679]}, "properties": {"radio": "GSM", "range_m": "2744", "samples": "7"}}, {"type": "Feature", "geometry": {"type": "Point", "coordinates": [30.5677, -2.1648]}, "properties": {"radio": "GSM", "range_m": "4299", "samples": "7"}}, {"type": "Feature", "geometry": {"type": "Point", "coordinates": [30.5646, -2.201]}, "properties": {"radio": "GSM", "range_m": "5372", "samples": "7"}}, {"type": "Feature", "geometry": {"type": "Point", "coordinates": [30.5471, -2.1823]}, "properties": {"radio": "GSM", "range_m": "3242", "samples": "4"}}, {"type": "Feature", "geometry": {"type": "Point", "coordinates": [30.574, -2.1679]}, "properties": {"radio": "GSM", "range_m": "2744", "samples": "7"}}, {"type": "Feature", "geometry": {"type": "Point", "coordinates": [30.5718, -2.1733]}, "properties": {"radio": "GSM", "range_m": "2094", "samples": "3"}}, {"type": "Feature", "geometry": {"type": "Point", "coordinates": [30.5755, -2.1613]}, "properties": {"radio": "GSM", "range_m": "1292", "samples": "2"}}, {"type": "Feature", "geometry": {"type": "Point", "coordinates": [30.5759, -2.1649]}, "properties": {"radio": "GSM", "range_m": "1000", "samples": "2"}}, {"type": "Feature", "geometry": {"type": "Point", "coordinates": [30.5688, -2.1085]}, "properties": {"radio": "GSM", "range_m": "4699", "samples": "2"}}, {"type": "Feature", "geometry": {"type": "Point", "coordinates": [30.5536, -2.1054]}, "properties": {"radio": "GSM", "range_m": "2714", "samples": "6"}}, {"type": "Feature", "geometry": {"type": "Point", "coordinates": [30.5505, -2.1229]}, "properties": {"radio": "GSM", "range_m": "1000", "samples": "2"}}, {"type": "Feature", "geometry": {"type": "Point", "coordinates": [30.4991, -1.9749]}, "properties": {"radio": "GSM", "range_m": "7359", "samples": "2"}}, {"type": "Feature", "geometry": {"type": "Point", "coordinates": [30.5035, -1.9261]}, "properties": {"radio": "GSM", "range_m": "2908", "samples": "5"}}, {"type": "Feature", "geometry": {"type": "Point", "coordinates": [30.5368, -1.962]}, "properties": {"radio": "GSM", "range_m": "2606", "samples": "3"}}, {"type": "Feature", "geometry": {"type": "Point", "coordinates": [30.4927, -1.914]}, "properties": {"radio": "GSM", "range_m": "3901", "samples": "8"}}, {"type": "Feature", "geometry": {"type": "Point", "coordinates": [30.4822, -1.8981]}, "properties": {"radio": "GSM", "range_m": "1531", "samples": "4"}}, {"type": "Feature", "geometry": {"type": "Point", "coordinates": [30.5017, -1.8955]}, "properties": {"radio": "GSM", "range_m": "1028", "samples": "2"}}, {"type": "Feature", "geometry": {"type": "Point", "coordinates": [30.4956, -1.9139]}, "properties": {"radio": "GSM", "range_m": "1352", "samples": "7"}}, {"type": "Feature", "geometry": {"type": "Point", "coordinates": [30.5046, -1.9286]}, "properties": {"radio": "GSM", "range_m": "3325", "samples": "4"}}, {"type": "Feature", "geometry": {"type": "Point", "coordinates": [30.448, -1.9261]}, "properties": {"radio": "GSM", "range_m": "5209", "samples": "6"}}, {"type": "Feature", "geometry": {"type": "Point", "coordinates": [30.4362, -1.9282]}, "properties": {"radio": "GSM", "range_m": "6440", "samples": "9"}}, {"type": "Feature", "geometry": {"type": "Point", "coordinates": [30.3953, -1.9456]}, "properties": {"radio": "GSM", "range_m": "5854", "samples": "4"}}, {"type": "Feature", "geometry": {"type": "Point", "coordinates": [30.4202, -1.9434]}, "properties": {"radio": "GSM", "range_m": "1000", "samples": "1"}}, {"type": "Feature", "geometry": {"type": "Point", "coordinates": [30.226, -1.9796]}, "properties": {"radio": "GSM", "range_m": "1000", "samples": "2"}}, {"type": "Feature", "geometry": {"type": "Point", "coordinates": [30.1684, -1.9692]}, "properties": {"radio": "GSM", "range_m": "3817", "samples": "7"}}, {"type": "Feature", "geometry": {"type": "Point", "coordinates": [30.1734, -1.9749]}, "properties": {"radio": "GSM", "range_m": "2757", "samples": "4"}}, {"type": "Feature", "geometry": {"type": "Point", "coordinates": [30.1515, -1.9586]}, "properties": {"radio": "GSM", "range_m": "1000", "samples": "1"}}, {"type": "Feature", "geometry": {"type": "Point", "coordinates": [30.1902, -1.9932]}, "properties": {"radio": "GSM", "range_m": "1000", "samples": "1"}}, {"type": "Feature", "geometry": {"type": "Point", "coordinates": [30.1647, -1.9525]}, "properties": {"radio": "GSM", "range_m": "5337", "samples": "4"}}, {"type": "Feature", "geometry": {"type": "Point", "coordinates": [30.189, -1.9948]}, "properties": {"radio": "GSM", "range_m": "1000", "samples": "3"}}, {"type": "Feature", "geometry": {"type": "Point", "coordinates": [30.1891, -1.9948]}, "properties": {"radio": "GSM", "range_m": "1000", "samples": "3"}}, {"type": "Feature", "geometry": {"type": "Point", "coordinates": [30.1893, -1.9944]}, "properties": {"radio": "GSM", "range_m": "1000", "samples": "2"}}, {"type": "Feature", "geometry": {"type": "Point", "coordinates": [30.1884, -1.9957]}, "properties": {"radio": "GSM", "range_m": "1000", "samples": "2"}}, {"type": "Feature", "geometry": {"type": "Point", "coordinates": [30.1884, -1.9957]}, "properties": {"radio": "GSM", "range_m": "1000", "samples": "2"}}, {"type": "Feature", "geometry": {"type": "Point", "coordinates": [30.3958, -1.5823]}, "properties": {"radio": "GSM", "range_m": "1000", "samples": "1"}}, {"type": "Feature", "geometry": {"type": "Point", "coordinates": [30.1884, -1.9957]}, "properties": {"radio": "GSM", "range_m": "1000", "samples": "2"}}, {"type": "Feature", "geometry": {"type": "Point", "coordinates": [30.1884, -1.9957]}, "properties": {"radio": "GSM", "range_m": "1000", "samples": "1"}}, {"type": "Feature", "geometry": {"type": "Point", "coordinates": [30.2038, -1.986]}, "properties": {"radio": "GSM", "range_m": "1797", "samples": "3"}}, {"type": "Feature", "geometry": {"type": "Point", "coordinates": [30.1595, -1.9419]}, "properties": {"radio": "GSM", "range_m": "1000", "samples": "4"}}, {"type": "Feature", "geometry": {"type": "Point", "coordinates": [30.154, -1.9385]}, "properties": {"radio": "GSM", "range_m": "1000", "samples": "2"}}, {"type": "Feature", "geometry": {"type": "Point", "coordinates": [30.154, -1.9385]}, "properties": {"radio": "GSM", "range_m": "1000", "samples": "2"}}, {"type": "Feature", "geometry": {"type": "Point", "coordinates": [30.1573, -1.939]}, "properties": {"radio": "GSM", "range_m": "1000", "samples": "4"}}, {"type": "Feature", "geometry": {"type": "Point", "coordinates": [30.1585, -1.941]}, "properties": {"radio": "GSM", "range_m": "1000", "samples": "3"}}, {"type": "Feature", "geometry": {"type": "Point", "coordinates": [30.154, -1.9385]}, "properties": {"radio": "GSM", "range_m": "1000", "samples": "2"}}, {"type": "Feature", "geometry": {"type": "Point", "coordinates": [30.1585, -1.941]}, "properties": {"radio": "GSM", "range_m": "1000", "samples": "3"}}, {"type": "Feature", "geometry": {"type": "Point", "coordinates": [30.1573, -1.9435]}, "properties": {"radio": "GSM", "range_m": "1612", "samples": "4"}}, {"type": "Feature", "geometry": {"type": "Point", "coordinates": [30.2108, -1.982]}, "properties": {"radio": "GSM", "range_m": "1000", "samples": "2"}}, {"type": "Feature", "geometry": {"type": "Point", "coordinates": [30.203, -1.9836]}, "properties": {"radio": "GSM", "range_m": "1326", "samples": "4"}}, {"type": "Feature", "geometry": {"type": "Point", "coordinates": [30.2155, -1.9813]}, "properties": {"radio": "GSM", "range_m": "1056", "samples": "3"}}, {"type": "Feature", "geometry": {"type": "Point", "coordinates": [30.2108, -1.982]}, "properties": {"radio": "GSM", "range_m": "1000", "samples": "2"}}, {"type": "Feature", "geometry": {"type": "Point", "coordinates": [30.2629, -1.9468]}, "properties": {"radio": "GSM", "range_m": "1092", "samples": "4"}}, {"type": "Feature", "geometry": {"type": "Point", "coordinates": [30.427, -1.9426]}, "properties": {"radio": "GSM", "range_m": "1555", "samples": "4"}}, {"type": "Feature", "geometry": {"type": "Point", "coordinates": [30.4611, -1.8962]}, "properties": {"radio": "GSM", "range_m": "2175", "samples": "3"}}, {"type": "Feature", "geometry": {"type": "Point", "coordinates": [30.5078, -1.933]}, "properties": {"radio": "GSM", "range_m": "2585", "samples": "3"}}, {"type": "Feature", "geometry": {"type": "Point", "coordinates": [30.4734, -1.8701]}, "properties": {"radio": "GSM", "range_m": "5398", "samples": "2"}}, {"type": "Feature", "geometry": {"type": "Point", "coordinates": [30.4981, -1.9119]}, "properties": {"radio": "GSM", "range_m": "1000", "samples": "1"}}, {"type": "Feature", "geometry": {"type": "Point", "coordinates": [30.5545, -1.9773]}, "properties": {"radio": "GSM", "range_m": "1000", "samples": "1"}}, {"type": "Feature", "geometry": {"type": "Point", "coordinates": [30.5565, -1.9925]}, "properties": {"radio": "GSM", "range_m": "1708", "samples": "2"}}, {"type": "Feature", "geometry": {"type": "Point", "coordinates": [30.5545, -1.9773]}, "properties": {"radio": "GSM", "range_m": "1000", "samples": "1"}}, {"type": "Feature", "geometry": {"type": "Point", "coordinates": [30.562, -2.0599]}, "properties": {"radio": "GSM", "range_m": "1000", "samples": "2"}}, {"type": "Feature", "geometry": {"type": "Point", "coordinates": [30.56, -2.1487]}, "properties": {"radio": "GSM", "range_m": "2512", "samples": "5"}}, {"type": "Feature", "geometry": {"type": "Point", "coordinates": [30.5582, -2.2191]}, "properties": {"radio": "GSM", "range_m": "3263", "samples": "2"}}, {"type": "Feature", "geometry": {"type": "Point", "coordinates": [30.58, -2.2808]}, "properties": {"radio": "GSM", "range_m": "1000", "samples": "1"}}, {"type": "Feature", "geometry": {"type": "Point", "coordinates": [30.5799, -2.2809]}, "properties": {"radio": "GSM", "range_m": "1000", "samples": "2"}}, {"type": "Feature", "geometry": {"type": "Point", "coordinates": [30.6532, -2.2661]}, "properties": {"radio": "GSM", "range_m": "1000", "samples": "2"}}, {"type": "Feature", "geometry": {"type": "Point", "coordinates": [30.6443, -2.2664]}, "properties": {"radio": "GSM", "range_m": "1972", "samples": "3"}}, {"type": "Feature", "geometry": {"type": "Point", "coordinates": [30.7016, -2.2801]}, "properties": {"radio": "GSM", "range_m": "2038", "samples": "3"}}, {"type": "Feature", "geometry": {"type": "Point", "coordinates": [29.2848, -2.4911]}, "properties": {"radio": "GSM", "range_m": "2634", "samples": "3"}}, {"type": "Feature", "geometry": {"type": "Point", "coordinates": [29.1218, -2.4821]}, "properties": {"radio": "GSM", "range_m": "1000", "samples": "2"}}, {"type": "Feature", "geometry": {"type": "Point", "coordinates": [30.5376, -1.9611]}, "properties": {"radio": "GSM", "range_m": "1000", "samples": "1"}}, {"type": "Feature", "geometry": {"type": "Point", "coordinates": [30.2359, -1.9571]}, "properties": {"radio": "GSM", "range_m": "1000", "samples": "4"}}, {"type": "Feature", "geometry": {"type": "Point", "coordinates": [30.1324, -1.957]}, "properties": {"radio": "GSM", "range_m": "1000", "samples": "1"}}, {"type": "Feature", "geometry": {"type": "Point", "coordinates": [30.133, -1.9571]}, "properties": {"radio": "GSM", "range_m": "1133", "samples": "4"}}, {"type": "Feature", "geometry": {"type": "Point", "coordinates": [30.0881, -1.9689]}, "properties": {"radio": "GSM", "range_m": "1000", "samples": "1"}}, {"type": "Feature", "geometry": {"type": "Point", "coordinates": [30.075, -1.9556]}, "properties": {"radio": "GSM", "range_m": "1000", "samples": "1"}}, {"type": "Feature", "geometry": {"type": "Point", "coordinates": [30.075, -1.9556]}, "properties": {"radio": "GSM", "range_m": "1000", "samples": "1"}}, {"type": "Feature", "geometry": {"type": "Point", "coordinates": [30.051, -1.9372]}, "properties": {"radio": "GSM", "range_m": "1000", "samples": "1"}}, {"type": "Feature", "geometry": {"type": "Point", "coordinates": [30.0295, -1.9456]}, "properties": {"radio": "GSM", "range_m": "1000", "samples": "1"}}, {"type": "Feature", "geometry": {"type": "Point", "coordinates": [29.9903, -1.964]}, "properties": {"radio": "GSM", "range_m": "1000", "samples": "1"}}, {"type": "Feature", "geometry": {"type": "Point", "coordinates": [29.9903, -1.964]}, "properties": {"radio": "GSM", "range_m": "1000", "samples": "1"}}, {"type": "Feature", "geometry": {"type": "Point", "coordinates": [29.9957, -1.9633]}, "properties": {"radio": "GSM", "range_m": "1000", "samples": "1"}}, {"type": "Feature", "geometry": {"type": "Point", "coordinates": [29.9957, -1.9633]}, "properties": {"radio": "GSM", "range_m": "1000", "samples": "1"}}, {"type": "Feature", "geometry": {"type": "Point", "coordinates": [29.9903, -1.964]}, "properties": {"radio": "GSM", "range_m": "1000", "samples": "1"}}, {"type": "Feature", "geometry": {"type": "Point", "coordinates": [29.9902, -1.9641]}, "properties": {"radio": "GSM", "range_m": "1000", "samples": "1"}}, {"type": "Feature", "geometry": {"type": "Point", "coordinates": [29.9903, -1.9642]}, "properties": {"radio": "GSM", "range_m": "1000", "samples": "1"}}, {"type": "Feature", "geometry": {"type": "Point", "coordinates": [29.9957, -1.9633]}, "properties": {"radio": "GSM", "range_m": "1000", "samples": "1"}}, {"type": "Feature", "geometry": {"type": "Point", "coordinates": [29.9902, -1.9641]}, "properties": {"radio": "GSM", "range_m": "1000", "samples": "1"}}, {"type": "Feature", "geometry": {"type": "Point", "coordinates": [29.9957, -1.9633]}, "properties": {"radio": "GSM", "range_m": "1000", "samples": "1"}}, {"type": "Feature", "geometry": {"type": "Point", "coordinates": [29.9902, -1.9641]}, "properties": {"radio": "GSM", "range_m": "1000", "samples": "1"}}, {"type": "Feature", "geometry": {"type": "Point", "coordinates": [29.9902, -1.9642]}, "properties": {"radio": "GSM", "range_m": "1000", "samples": "1"}}, {"type": "Feature", "geometry": {"type": "Point", "coordinates": [29.9902, -1.9641]}, "properties": {"radio": "GSM", "range_m": "1000", "samples": "1"}}, {"type": "Feature", "geometry": {"type": "Point", "coordinates": [29.9903, -1.9641]}, "properties": {"radio": "GSM", "range_m": "1000", "samples": "1"}}, {"type": "Feature", "geometry": {"type": "Point", "coordinates": [29.9903, -1.9642]}, "properties": {"radio": "GSM", "range_m": "1000", "samples": "1"}}, {"type": "Feature", "geometry": {"type": "Point", "coordinates": [29.9902, -1.9641]}, "properties": {"radio": "GSM", "range_m": "1000", "samples": "1"}}, {"type": "Feature", "geometry": {"type": "Point", "coordinates": [29.9957, -1.9633]}, "properties": {"radio": "GSM", "range_m": "1000", "samples": "1"}}, {"type": "Feature", "geometry": {"type": "Point", "coordinates": [30.0401, -1.939]}, "properties": {"radio": "GSM", "range_m": "1236", "samples": "2"}}, {"type": "Feature", "geometry": {"type": "Point", "coordinates": [30.051, -1.9372]}, "properties": {"radio": "GSM", "range_m": "1000", "samples": "1"}}, {"type": "Feature", "geometry": {"type": "Point", "coordinates": [30.0498, -1.9046]}, "properties": {"radio": "GSM", "range_m": "1000", "samples": "1"}}, {"type": "Feature", "geometry": {"type": "Point", "coordinates": [30.0498, -1.9046]}, "properties": {"radio": "GSM", "range_m": "1000", "samples": "1"}}, {"type": "Feature", "geometry": {"type": "Point", "coordinates": [30.0498, -1.9046]}, "properties": {"radio": "GSM", "range_m": "1000", "samples": "1"}}, {"type": "Feature", "geometry": {"type": "Point", "coordinates": [30.0498, -1.9046]}, "properties": {"radio": "GSM", "range_m": "1000", "samples": "1"}}, {"type": "Feature", "geometry": {"type": "Point", "coordinates": [30.0498, -1.9046]}, "properties": {"radio": "GSM", "range_m": "1000", "samples": "1"}}, {"type": "Feature", "geometry": {"type": "Point", "coordinates": [30.0498, -1.9046]}, "properties": {"radio": "GSM", "range_m": "1000", "samples": "1"}}, {"type": "Feature", "geometry": {"type": "Point", "coordinates": [30.0498, -1.9046]}, "properties": {"radio": "GSM", "range_m": "1000", "samples": "1"}}, {"type": "Feature", "geometry": {"type": "Point", "coordinates": [30.1143, -1.9605]}, "properties": {"radio": "GSM", "range_m": "1000", "samples": "1"}}, {"type": "Feature", "geometry": {"type": "Point", "coordinates": [30.1161, -1.96]}, "properties": {"radio": "GSM", "range_m": "1000", "samples": "2"}}, {"type": "Feature", "geometry": {"type": "Point", "coordinates": [30.1143, -1.9605]}, "properties": {"radio": "GSM", "range_m": "1000", "samples": "1"}}, {"type": "Feature", "geometry": {"type": "Point", "coordinates": [30.1143, -1.9605]}, "properties": {"radio": "GSM", "range_m": "1000", "samples": "1"}}, {"type": "Feature", "geometry": {"type": "Point", "coordinates": [30.1143, -1.9605]}, "properties": {"radio": "GSM", "range_m": "1000", "samples": "1"}}, {"type": "Feature", "geometry": {"type": "Point", "coordinates": [30.1143, -1.9605]}, "properties": {"radio": "GSM", "range_m": "1000", "samples": "1"}}, {"type": "Feature", "geometry": {"type": "Point", "coordinates": [30.5592, -2.0785]}, "properties": {"radio": "GSM", "range_m": "1000", "samples": "1"}}, {"type": "Feature", "geometry": {"type": "Point", "coordinates": [30.6048, -2.2738]}, "properties": {"radio": "GSM", "range_m": "3841", "samples": "4"}}, {"type": "Feature", "geometry": {"type": "Point", "coordinates": [29.7441, -1.3368]}, "properties": {"radio": "GSM", "range_m": "7042", "samples": "15"}}, {"type": "Feature", "geometry": {"type": "Point", "coordinates": [29.734, -1.3308]}, "properties": {"radio": "GSM", "range_m": "4782", "samples": "6"}}, {"type": "Feature", "geometry": {"type": "Point", "coordinates": [29.7364, -1.3291]}, "properties": {"radio": "GSM", "range_m": "5504", "samples": "9"}}, {"type": "Feature", "geometry": {"type": "Point", "coordinates": [29.743, -1.3478]}, "properties": {"radio": "GSM", "range_m": "1762", "samples": "6"}}, {"type": "Feature", "geometry": {"type": "Point", "coordinates": [30.4559, -1.0628]}, "properties": {"radio": "GSM", "range_m": "1298", "samples": "4"}}, {"type": "Feature", "geometry": {"type": "Point", "coordinates": [30.4551, -1.0648]}, "properties": {"radio": "GSM", "range_m": "1000", "samples": "1"}}, {"type": "Feature", "geometry": {"type": "Point", "coordinates": [29.7234, -1.3103]}, "properties": {"radio": "GSM", "range_m": "1000", "samples": "2"}}, {"type": "Feature", "geometry": {"type": "Point", "coordinates": [29.7241, -1.3137]}, "properties": {"radio": "GSM", "range_m": "1000", "samples": "3"}}, {"type": "Feature", "geometry": {"type": "Point", "coordinates": [29.7782, -1.2457]}, "properties": {"radio": "GSM", "range_m": "1000", "samples": "1"}}, {"type": "Feature", "geometry": {"type": "Point", "coordinates": [30.4573, -1.0541]}, "properties": {"radio": "GSM", "range_m": "1698", "samples": "5"}}, {"type": "Feature", "geometry": {"type": "Point", "coordinates": [30.0059, -1.4086]}, "properties": {"radio": "GSM", "range_m": "1000", "samples": "1"}}, {"type": "Feature", "geometry": {"type": "Point", "coordinates": [29.7644, -1.278]}, "properties": {"radio": "GSM", "range_m": "1000", "samples": "1"}}, {"type": "Feature", "geometry": {"type": "Point", "coordinates": [30.4542, -1.0675]}, "properties": {"radio": "GSM", "range_m": "1000", "samples": "3"}}, {"type": "Feature", "geometry": {"type": "Point", "coordinates": [29.7758, -1.2473]}, "properties": {"radio": "GSM", "range_m": "1000", "samples": "1"}}, {"type": "Feature", "geometry": {"type": "Point", "coordinates": [30.411, -1.1376]}, "properties": {"radio": "GSM", "range_m": "13363", "samples": "4"}}, {"type": "Feature", "geometry": {"type": "Point", "coordinates": [30.7674, -2.3635]}, "properties": {"radio": "GSM", "range_m": "1000", "samples": "4"}}, {"type": "Feature", "geometry": {"type": "Point", "coordinates": [30.7634, -2.3567]}, "properties": {"radio": "GSM", "range_m": "1000", "samples": "1"}}, {"type": "Feature", "geometry": {"type": "Point", "coordinates": [30.7598, -2.349]}, "properties": {"radio": "GSM", "range_m": "1247", "samples": "4"}}, {"type": "Feature", "geometry": {"type": "Point", "coordinates": [30.7684, -2.3643]}, "properties": {"radio": "GSM", "range_m": "1848", "samples": "3"}}, {"type": "Feature", "geometry": {"type": "Point", "coordinates": [30.781, -2.3776]}, "properties": {"radio": "GSM", "range_m": "3038", "samples": "10"}}, {"type": "Feature", "geometry": {"type": "Point", "coordinates": [30.7504, -2.3272]}, "properties": {"radio": "GSM", "range_m": "5404", "samples": "4"}}, {"type": "Feature", "geometry": {"type": "Point", "coordinates": [30.7608, -2.3512]}, "properties": {"radio": "GSM", "range_m": "1524", "samples": "3"}}, {"type": "Feature", "geometry": {"type": "Point", "coordinates": [30.7378, -2.2969]}, "properties": {"radio": "GSM", "range_m": "5034", "samples": "7"}}, {"type": "Feature", "geometry": {"type": "Point", "coordinates": [30.7415, -2.3032]}, "properties": {"radio": "GSM", "range_m": "3190", "samples": "8"}}, {"type": "Feature", "geometry": {"type": "Point", "coordinates": [30.7752, -2.3722]}, "properties": {"radio": "GSM", "range_m": "4000", "samples": "8"}}, {"type": "Feature", "geometry": {"type": "Point", "coordinates": [30.7382, -2.295]}, "properties": {"radio": "GSM", "range_m": "5209", "samples": "8"}}, {"type": "Feature", "geometry": {"type": "Point", "coordinates": [30.7349, -2.2823]}, "properties": {"radio": "GSM", "range_m": "1000", "samples": "3"}}, {"type": "Feature", "geometry": {"type": "Point", "coordinates": [30.7382, -2.29]}, "properties": {"radio": "GSM", "range_m": "1926", "samples": "4"}}, {"type": "Feature", "geometry": {"type": "Point", "coordinates": [30.7343, -2.2902]}, "properties": {"radio": "GSM", "range_m": "3047", "samples": "9"}}, {"type": "Feature", "geometry": {"type": "Point", "coordinates": [30.7343, -2.2902]}, "properties": {"radio": "GSM", "range_m": "3047", "samples": "9"}}, {"type": "Feature", "geometry": {"type": "Point", "coordinates": [30.7007, -2.276]}, "properties": {"radio": "GSM", "range_m": "1587", "samples": "6"}}, {"type": "Feature", "geometry": {"type": "Point", "coordinates": [30.6854, -2.2728]}, "properties": {"radio": "GSM", "range_m": "2666", "samples": "8"}}, {"type": "Feature", "geometry": {"type": "Point", "coordinates": [30.6864, -2.2758]}, "properties": {"radio": "GSM", "range_m": "8181", "samples": "8"}}, {"type": "Feature", "geometry": {"type": "Point", "coordinates": [30.6941, -2.2717]}, "properties": {"radio": "GSM", "range_m": "1000", "samples": "3"}}, {"type": "Feature", "geometry": {"type": "Point", "coordinates": [30.6941, -2.2717]}, "properties": {"radio": "GSM", "range_m": "1000", "samples": "3"}}, {"type": "Feature", "geometry": {"type": "Point", "coordinates": [30.6984, -2.2743]}, "properties": {"radio": "GSM", "range_m": "1000", "samples": "5"}}, {"type": "Feature", "geometry": {"type": "Point", "coordinates": [30.639, -2.2683]}, "properties": {"radio": "GSM", "range_m": "7516", "samples": "7"}}, {"type": "Feature", "geometry": {"type": "Point", "coordinates": [30.6279, -2.2663]}, "properties": {"radio": "GSM", "range_m": "1801", "samples": "6"}}, {"type": "Feature", "geometry": {"type": "Point", "coordinates": [30.6303, -2.2652]}, "properties": {"radio": "GSM", "range_m": "1000", "samples": "1"}}, {"type": "Feature", "geometry": {"type": "Point", "coordinates": [30.5762, -2.2833]}, "properties": {"radio": "GSM", "range_m": "1000", "samples": "4"}}, {"type": "Feature", "geometry": {"type": "Point", "coordinates": [30.572, -2.2848]}, "properties": {"radio": "GSM", "range_m": "1000", "samples": "1"}}, {"type": "Feature", "geometry": {"type": "Point", "coordinates": [30.7857, -2.3825]}, "properties": {"radio": "GSM", "range_m": "1318", "samples": "7"}}, {"type": "Feature", "geometry": {"type": "Point", "coordinates": [30.784, -2.3812]}, "properties": {"radio": "GSM", "range_m": "2646", "samples": "9"}}, {"type": "Feature", "geometry": {"type": "Point", "coordinates": [30.7857, -2.3825]}, "properties": {"radio": "GSM", "range_m": "1318", "samples": "7"}}, {"type": "Feature", "geometry": {"type": "Point", "coordinates": [30.7827, -2.3827]}, "properties": {"radio": "GSM", "range_m": "1000", "samples": "9"}}, {"type": "Feature", "geometry": {"type": "Point", "coordinates": [30.2076, -2.2895]}, "properties": {"radio": "GSM", "range_m": "1000", "samples": "1"}}, {"type": "Feature", "geometry": {"type": "Point", "coordinates": [30.1485, -2.3391]}, "properties": {"radio": "GSM", "range_m": "4827", "samples": "2"}}, {"type": "Feature", "geometry": {"type": "Point", "coordinates": [30.176, -2.3368]}, "properties": {"radio": "GSM", "range_m": "1950", "samples": "2"}}, {"type": "Feature", "geometry": {"type": "Point", "coordinates": [30.1487, -2.3607]}, "properties": {"radio": "GSM", "range_m": "2091", "samples": "2"}}, {"type": "Feature", "geometry": {"type": "Point", "coordinates": [30.107, -2.3519]}, "properties": {"radio": "GSM", "range_m": "1000", "samples": "1"}}, {"type": "Feature", "geometry": {"type": "Point", "coordinates": [30.1213, -2.363]}, "properties": {"radio": "GSM", "range_m": "2007", "samples": "2"}}, {"type": "Feature", "geometry": {"type": "Point", "coordinates": [30.1213, -2.363]}, "properties": {"radio": "GSM", "range_m": "2007", "samples": "2"}}, {"type": "Feature", "geometry": {"type": "Point", "coordinates": [30.0605, -2.3117]}, "properties": {"radio": "GSM", "range_m": "1000", "samples": "2"}}, {"type": "Feature", "geometry": {"type": "Point", "coordinates": [30.0536, -2.3084]}, "properties": {"radio": "GSM", "range_m": "1000", "samples": "1"}}, {"type": "Feature", "geometry": {"type": "Point", "coordinates": [30.0605, -2.3117]}, "properties": {"radio": "GSM", "range_m": "1000", "samples": "2"}}, {"type": "Feature", "geometry": {"type": "Point", "coordinates": [30.0536, -2.3084]}, "properties": {"radio": "GSM", "range_m": "1000", "samples": "1"}}, {"type": "Feature", "geometry": {"type": "Point", "coordinates": [30.0536, -2.3084]}, "properties": {"radio": "GSM", "range_m": "1000", "samples": "1"}}, {"type": "Feature", "geometry": {"type": "Point", "coordinates": [30.0605, -2.3117]}, "properties": {"radio": "GSM", "range_m": "1000", "samples": "2"}}, {"type": "Feature", "geometry": {"type": "Point", "coordinates": [30.0536, -2.3084]}, "properties": {"radio": "GSM", "range_m": "1000", "samples": "1"}}, {"type": "Feature", "geometry": {"type": "Point", "coordinates": [29.979, -2.2931]}, "properties": {"radio": "GSM", "range_m": "1000", "samples": "1"}}, {"type": "Feature", "geometry": {"type": "Point", "coordinates": [29.9252, -2.301]}, "properties": {"radio": "GSM", "range_m": "1000", "samples": "2"}}, {"type": "Feature", "geometry": {"type": "Point", "coordinates": [29.8979, -2.3202]}, "properties": {"radio": "GSM", "range_m": "3713", "samples": "2"}}, {"type": "Feature", "geometry": {"type": "Point", "coordinates": [29.979, -2.2931]}, "properties": {"radio": "GSM", "range_m": "1000", "samples": "1"}}, {"type": "Feature", "geometry": {"type": "Point", "coordinates": [29.8729, -2.3433]}, "properties": {"radio": "GSM", "range_m": "1000", "samples": "3"}}, {"type": "Feature", "geometry": {"type": "Point", "coordinates": [29.979, -2.2931]}, "properties": {"radio": "GSM", "range_m": "1000", "samples": "1"}}, {"type": "Feature", "geometry": {"type": "Point", "coordinates": [29.979, -2.2931]}, "properties": {"radio": "GSM", "range_m": "1000", "samples": "1"}}, {"type": "Feature", "geometry": {"type": "Point", "coordinates": [29.9252, -2.301]}, "properties": {"radio": "GSM", "range_m": "1000", "samples": "2"}}, {"type": "Feature", "geometry": {"type": "Point", "coordinates": [29.9278, -2.3044]}, "properties": {"radio": "GSM", "range_m": "1000", "samples": "1"}}, {"type": "Feature", "geometry": {"type": "Point", "coordinates": [29.9278, -2.3044]}, "properties": {"radio": "GSM", "range_m": "1000", "samples": "1"}}, {"type": "Feature", "geometry": {"type": "Point", "coordinates": [29.9278, -2.3044]}, "properties": {"radio": "GSM", "range_m": "1000", "samples": "1"}}, {"type": "Feature", "geometry": {"type": "Point", "coordinates": [29.9252, -2.301]}, "properties": {"radio": "GSM", "range_m": "1000", "samples": "2"}}, {"type": "Feature", "geometry": {"type": "Point", "coordinates": [29.9252, -2.301]}, "properties": {"radio": "GSM", "range_m": "1000", "samples": "2"}}, {"type": "Feature", "geometry": {"type": "Point", "coordinates": [29.8729, -2.3433]}, "properties": {"radio": "GSM", "range_m": "1000", "samples": "3"}}, {"type": "Feature", "geometry": {"type": "Point", "coordinates": [29.871, -2.3449]}, "properties": {"radio": "GSM", "range_m": "1000", "samples": "2"}}, {"type": "Feature", "geometry": {"type": "Point", "coordinates": [29.7775, -2.3482]}, "properties": {"radio": "GSM", "range_m": "1846", "samples": "2"}}, {"type": "Feature", "geometry": {"type": "Point", "coordinates": [29.8177, -2.3189]}, "properties": {"radio": "GSM", "range_m": "1000", "samples": "2"}}, {"type": "Feature", "geometry": {"type": "Point", "coordinates": [29.7852, -2.3247]}, "properties": {"radio": "GSM", "range_m": "1331", "samples": "2"}}, {"type": "Feature", "geometry": {"type": "Point", "coordinates": [29.7949, -2.3177]}, "properties": {"radio": "GSM", "range_m": "1000", "samples": "1"}}, {"type": "Feature", "geometry": {"type": "Point", "coordinates": [29.8177, -2.3189]}, "properties": {"radio": "GSM", "range_m": "1000", "samples": "2"}}, {"type": "Feature", "geometry": {"type": "Point", "coordinates": [29.7804, -2.3461]}, "properties": {"radio": "GSM", "range_m": "2061", "samples": "2"}}, {"type": "Feature", "geometry": {"type": "Point", "coordinates": [29.7788, -2.3413]}, "properties": {"radio": "GSM", "range_m": "2596", "samples": "3"}}, {"type": "Feature", "geometry": {"type": "Point", "coordinates": [29.7949, -2.3177]}, "properties": {"radio": "GSM", "range_m": "1000", "samples": "1"}}, {"type": "Feature", "geometry": {"type": "Point", "coordinates": [29.7839, -2.3257]}, "properties": {"radio": "GSM", "range_m": "1512", "samples": "3"}}, {"type": "Feature", "geometry": {"type": "Point", "coordinates": [29.782, -2.3791]}, "properties": {"radio": "GSM", "range_m": "1632", "samples": "2"}}, {"type": "Feature", "geometry": {"type": "Point", "coordinates": [29.7817, -2.362]}, "properties": {"radio": "GSM", "range_m": "3819", "samples": "3"}}, {"type": "Feature", "geometry": {"type": "Point", "coordinates": [29.7796, -2.3646]}, "properties": {"radio": "GSM", "range_m": "1000", "samples": "1"}}, {"type": "Feature", "geometry": {"type": "Point", "coordinates": [29.7796, -2.3646]}, "properties": {"radio": "GSM", "range_m": "1000", "samples": "1"}}, {"type": "Feature", "geometry": {"type": "Point", "coordinates": [29.7688, -2.448]}, "properties": {"radio": "GSM", "range_m": "1000", "samples": "2"}}, {"type": "Feature", "geometry": {"type": "Point", "coordinates": [29.7688, -2.448]}, "properties": {"radio": "GSM", "range_m": "1000", "samples": "2"}}, {"type": "Feature", "geometry": {"type": "Point", "coordinates": [29.7694, -2.4397]}, "properties": {"radio": "GSM", "range_m": "1000", "samples": "1"}}, {"type": "Feature", "geometry": {"type": "Point", "coordinates": [29.7694, -2.4397]}, "properties": {"radio": "GSM", "range_m": "1000", "samples": "1"}}, {"type": "Feature", "geometry": {"type": "Point", "coordinates": [29.7644, -2.4548]}, "properties": {"radio": "GSM", "range_m": "1798", "samples": "3"}}, {"type": "Feature", "geometry": {"type": "Point", "coordinates": [29.7694, -2.4397]}, "properties": {"radio": "GSM", "range_m": "1000", "samples": "1"}}, {"type": "Feature", "geometry": {"type": "Point", "coordinates": [29.7688, -2.448]}, "properties": {"radio": "GSM", "range_m": "1000", "samples": "2"}}, {"type": "Feature", "geometry": {"type": "Point", "coordinates": [29.7663, -2.5017]}, "properties": {"radio": "GSM", "range_m": "5050", "samples": "3"}}, {"type": "Feature", "geometry": {"type": "Point", "coordinates": [29.7701, -2.5119]}, "properties": {"radio": "GSM", "range_m": "1000", "samples": "1"}}, {"type": "Feature", "geometry": {"type": "Point", "coordinates": [29.7653, -2.5243]}, "properties": {"radio": "GSM", "range_m": "1480", "samples": "2"}}, {"type": "Feature", "geometry": {"type": "Point", "coordinates": [29.7712, -2.5038]}, "properties": {"radio": "GSM", "range_m": "1000", "samples": "2"}}, {"type": "Feature", "geometry": {"type": "Point", "coordinates": [29.7414, -2.5963]}, "properties": {"radio": "GSM", "range_m": "1000", "samples": "3"}}, {"type": "Feature", "geometry": {"type": "Point", "coordinates": [29.7413, -2.5962]}, "properties": {"radio": "GSM", "range_m": "1000", "samples": "4"}}, {"type": "Feature", "geometry": {"type": "Point", "coordinates": [29.7463, -2.5889]}, "properties": {"radio": "GSM", "range_m": "1000", "samples": "1"}}, {"type": "Feature", "geometry": {"type": "Point", "coordinates": [29.7467, -2.5909]}, "properties": {"radio": "GSM", "range_m": "1574", "samples": "4"}}, {"type": "Feature", "geometry": {"type": "Point", "coordinates": [29.7463, -2.5889]}, "properties": {"radio": "GSM", "range_m": "1000", "samples": "1"}}, {"type": "Feature", "geometry": {"type": "Point", "coordinates": [29.7415, -2.5958]}, "properties": {"radio": "GSM", "range_m": "1000", "samples": "3"}}, {"type": "Feature", "geometry": {"type": "Point", "coordinates": [29.7463, -2.5889]}, "properties": {"radio": "GSM", "range_m": "1000", "samples": "1"}}, {"type": "Feature", "geometry": {"type": "Point", "coordinates": [29.7413, -2.5962]}, "properties": {"radio": "GSM", "range_m": "1000", "samples": "4"}}, {"type": "Feature", "geometry": {"type": "Point", "coordinates": [29.7413, -2.5962]}, "properties": {"radio": "GSM", "range_m": "1000", "samples": "4"}}, {"type": "Feature", "geometry": {"type": "Point", "coordinates": [29.7413, -2.5964]}, "properties": {"radio": "GSM", "range_m": "1000", "samples": "3"}}, {"type": "Feature", "geometry": {"type": "Point", "coordinates": [29.7418, -2.5958]}, "properties": {"radio": "GSM", "range_m": "1000", "samples": "3"}}, {"type": "Feature", "geometry": {"type": "Point", "coordinates": [29.7413, -2.5962]}, "properties": {"radio": "GSM", "range_m": "1000", "samples": "4"}}, {"type": "Feature", "geometry": {"type": "Point", "coordinates": [29.7413, -2.5962]}, "properties": {"radio": "GSM", "range_m": "1000", "samples": "4"}}, {"type": "Feature", "geometry": {"type": "Point", "coordinates": [30.4534, -1.07]}, "properties": {"radio": "GSM", "range_m": "1000", "samples": "1"}}, {"type": "Feature", "geometry": {"type": "Point", "coordinates": [30.1282, -2.1316]}, "properties": {"radio": "UMTS", "range_m": "1000", "samples": "1"}}, {"type": "Feature", "geometry": {"type": "Point", "coordinates": [30.1282, -2.1316]}, "properties": {"radio": "UMTS", "range_m": "1000", "samples": "1"}}, {"type": "Feature", "geometry": {"type": "Point", "coordinates": [30.7851, -2.3825]}, "properties": {"radio": "GSM", "range_m": "1387", "samples": "8"}}, {"type": "Feature", "geometry": {"type": "Point", "coordinates": [30.7578, -2.3271]}, "properties": {"radio": "GSM", "range_m": "7627", "samples": "6"}}, {"type": "Feature", "geometry": {"type": "Point", "coordinates": [30.7508, -2.3191]}, "properties": {"radio": "GSM", "range_m": "1000", "samples": "1"}}, {"type": "Feature", "geometry": {"type": "Point", "coordinates": [30.7508, -2.3191]}, "properties": {"radio": "GSM", "range_m": "1000", "samples": "1"}}, {"type": "Feature", "geometry": {"type": "Point", "coordinates": [30.7548, -2.3301]}, "properties": {"radio": "GSM", "range_m": "3296", "samples": "3"}}, {"type": "Feature", "geometry": {"type": "Point", "coordinates": [30.7339, -2.2822]}, "properties": {"radio": "GSM", "range_m": "1000", "samples": "3"}}, {"type": "Feature", "geometry": {"type": "Point", "coordinates": [30.7003, -2.276]}, "properties": {"radio": "GSM", "range_m": "1000", "samples": "5"}}, {"type": "Feature", "geometry": {"type": "Point", "coordinates": [30.5938, -2.2773]}, "properties": {"radio": "GSM", "range_m": "2187", "samples": "4"}}, {"type": "Feature", "geometry": {"type": "Point", "coordinates": [30.6417, -2.2689]}, "properties": {"radio": "GSM", "range_m": "3227", "samples": "7"}}, {"type": "Feature", "geometry": {"type": "Point", "coordinates": [30.5713, -2.1734]}, "properties": {"radio": "GSM", "range_m": "2025", "samples": "3"}}, {"type": "Feature", "geometry": {"type": "Point", "coordinates": [30.5684, -2.1418]}, "properties": {"radio": "GSM", "range_m": "4391", "samples": "3"}}, {"type": "Feature", "geometry": {"type": "Point", "coordinates": [30.5448, -2.1583]}, "properties": {"radio": "GSM", "range_m": "1000", "samples": "2"}}, {"type": "Feature", "geometry": {"type": "Point", "coordinates": [30.4665, -2.1755]}, "properties": {"radio": "GSM", "range_m": "1000", "samples": "1"}}, {"type": "Feature", "geometry": {"type": "Point", "coordinates": [30.5424, -2.1597]}, "properties": {"radio": "GSM", "range_m": "2917", "samples": "2"}}, {"type": "Feature", "geometry": {"type": "Point", "coordinates": [30.4826, -2.168]}, "properties": {"radio": "GSM", "range_m": "1969", "samples": "2"}}, {"type": "Feature", "geometry": {"type": "Point", "coordinates": [30.4826, -2.168]}, "properties": {"radio": "GSM", "range_m": "1969", "samples": "2"}}, {"type": "Feature", "geometry": {"type": "Point", "coordinates": [30.4665, -2.1755]}, "properties": {"radio": "GSM", "range_m": "1000", "samples": "1"}}, {"type": "Feature", "geometry": {"type": "Point", "coordinates": [30.4665, -2.1755]}, "properties": {"radio": "GSM", "range_m": "1000", "samples": "1"}}, {"type": "Feature", "geometry": {"type": "Point", "coordinates": [30.43, -2.2115]}, "properties": {"radio": "GSM", "range_m": "1000", "samples": "2"}}, {"type": "Feature", "geometry": {"type": "Point", "coordinates": [30.43, -2.2115]}, "properties": {"radio": "GSM", "range_m": "1000", "samples": "2"}}, {"type": "Feature", "geometry": {"type": "Point", "coordinates": [30.43, -2.2115]}, "properties": {"radio": "GSM", "range_m": "1000", "samples": "2"}}, {"type": "Feature", "geometry": {"type": "Point", "coordinates": [30.4299, -2.2115]}, "properties": {"radio": "GSM", "range_m": "1000", "samples": "1"}}, {"type": "Feature", "geometry": {"type": "Point", "coordinates": [30.4299, -2.2115]}, "properties": {"radio": "GSM", "range_m": "1000", "samples": "1"}}, {"type": "Feature", "geometry": {"type": "Point", "coordinates": [30.2407, -2.2088]}, "properties": {"radio": "GSM", "range_m": "1000", "samples": "1"}}, {"type": "Feature", "geometry": {"type": "Point", "coordinates": [30.3511, -2.123]}, "properties": {"radio": "GSM", "range_m": "18856", "samples": "3"}}, {"type": "Feature", "geometry": {"type": "Point", "coordinates": [30.3878, -2.2216]}, "properties": {"radio": "GSM", "range_m": "1000", "samples": "2"}}, {"type": "Feature", "geometry": {"type": "Point", "coordinates": [30.3554, -2.2077]}, "properties": {"radio": "GSM", "range_m": "4273", "samples": "2"}}, {"type": "Feature", "geometry": {"type": "Point", "coordinates": [30.3541, -2.1856]}, "properties": {"radio": "GSM", "range_m": "1000", "samples": "1"}}, {"type": "Feature", "geometry": {"type": "Point", "coordinates": [30.3541, -2.1856]}, "properties": {"radio": "GSM", "range_m": "1000", "samples": "1"}}, {"type": "Feature", "geometry": {"type": "Point", "coordinates": [30.3878, -2.2216]}, "properties": {"radio": "GSM", "range_m": "1000", "samples": "2"}}, {"type": "Feature", "geometry": {"type": "Point", "coordinates": [30.3541, -2.1856]}, "properties": {"radio": "GSM", "range_m": "1000", "samples": "1"}}, {"type": "Feature", "geometry": {"type": "Point", "coordinates": [30.3209, -2.1907]}, "properties": {"radio": "GSM", "range_m": "1000", "samples": "1"}}, {"type": "Feature", "geometry": {"type": "Point", "coordinates": [30.3541, -2.1856]}, "properties": {"radio": "GSM", "range_m": "1000", "samples": "1"}}, {"type": "Feature", "geometry": {"type": "Point", "coordinates": [30.3209, -2.1907]}, "properties": {"radio": "GSM", "range_m": "1000", "samples": "1"}}, {"type": "Feature", "geometry": {"type": "Point", "coordinates": [30.2971, -2.1972]}, "properties": {"radio": "GSM", "range_m": "1000", "samples": "1"}}, {"type": "Feature", "geometry": {"type": "Point", "coordinates": [30.2971, -2.1972]}, "properties": {"radio": "GSM", "range_m": "1000", "samples": "1"}}, {"type": "Feature", "geometry": {"type": "Point", "coordinates": [30.2971, -2.1972]}, "properties": {"radio": "GSM", "range_m": "1000", "samples": "1"}}, {"type": "Feature", "geometry": {"type": "Point", "coordinates": [30.2648, -2.2064]}, "properties": {"radio": "GSM", "range_m": "1000", "samples": "1"}}, {"type": "Feature", "geometry": {"type": "Point", "coordinates": [30.2406, -2.2089]}, "properties": {"radio": "GSM", "range_m": "1000", "samples": "2"}}, {"type": "Feature", "geometry": {"type": "Point", "coordinates": [30.2406, -2.2089]}, "properties": {"radio": "GSM", "range_m": "1000", "samples": "2"}}, {"type": "Feature", "geometry": {"type": "Point", "coordinates": [30.2406, -2.2089]}, "properties": {"radio": "GSM", "range_m": "1000", "samples": "2"}}, {"type": "Feature", "geometry": {"type": "Point", "coordinates": [30.19, -2.3262]}, "properties": {"radio": "GSM", "range_m": "1000", "samples": "1"}}, {"type": "Feature", "geometry": {"type": "Point", "coordinates": [30.1355, -2.3741]}, "properties": {"radio": "GSM", "range_m": "1000", "samples": "1"}}, {"type": "Feature", "geometry": {"type": "Point", "coordinates": [30.0674, -2.315]}, "properties": {"radio": "GSM", "range_m": "1000", "samples": "1"}}, {"type": "Feature", "geometry": {"type": "Point", "coordinates": [30.0674, -2.315]}, "properties": {"radio": "GSM", "range_m": "1000", "samples": "1"}}, {"type": "Feature", "geometry": {"type": "Point", "coordinates": [29.9225, -2.2976]}, "properties": {"radio": "GSM", "range_m": "1000", "samples": "1"}}, {"type": "Feature", "geometry": {"type": "Point", "coordinates": [29.9854, -2.2979]}, "properties": {"radio": "GSM", "range_m": "1000", "samples": "1"}}, {"type": "Feature", "geometry": {"type": "Point", "coordinates": [29.9854, -2.2979]}, "properties": {"radio": "GSM", "range_m": "1000", "samples": "1"}}, {"type": "Feature", "geometry": {"type": "Point", "coordinates": [29.9854, -2.2979]}, "properties": {"radio": "GSM", "range_m": "1000", "samples": "1"}}, {"type": "Feature", "geometry": {"type": "Point", "coordinates": [29.9854, -2.2979]}, "properties": {"radio": "GSM", "range_m": "1000", "samples": "1"}}, {"type": "Feature", "geometry": {"type": "Point", "coordinates": [29.7754, -2.3317]}, "properties": {"radio": "GSM", "range_m": "1000", "samples": "1"}}, {"type": "Feature", "geometry": {"type": "Point", "coordinates": [29.7784, -2.3297]}, "properties": {"radio": "GSM", "range_m": "1000", "samples": "2"}}, {"type": "Feature", "geometry": {"type": "Point", "coordinates": [29.7849, -2.3934]}, "properties": {"radio": "GSM", "range_m": "1000", "samples": "2"}}, {"type": "Feature", "geometry": {"type": "Point", "coordinates": [29.7849, -2.3934]}, "properties": {"radio": "GSM", "range_m": "1000", "samples": "2"}}, {"type": "Feature", "geometry": {"type": "Point", "coordinates": [29.7844, -2.3936]}, "properties": {"radio": "GSM", "range_m": "1000", "samples": "1"}}, {"type": "Feature", "geometry": {"type": "Point", "coordinates": [29.7763, -2.4249]}, "properties": {"radio": "GSM", "range_m": "3599", "samples": "2"}}, {"type": "Feature", "geometry": {"type": "Point", "coordinates": [29.7849, -2.3934]}, "properties": {"radio": "GSM", "range_m": "1000", "samples": "2"}}, {"type": "Feature", "geometry": {"type": "Point", "coordinates": [29.7556, -2.4684]}, "properties": {"radio": "GSM", "range_m": "1000", "samples": "1"}}, {"type": "Feature", "geometry": {"type": "Point", "coordinates": [29.7556, -2.4684]}, "properties": {"radio": "GSM", "range_m": "1000", "samples": "1"}}, {"type": "Feature", "geometry": {"type": "Point", "coordinates": [29.7556, -2.4684]}, "properties": {"radio": "GSM", "range_m": "1000", "samples": "1"}}, {"type": "Feature", "geometry": {"type": "Point", "coordinates": [29.7639, -2.482]}, "properties": {"radio": "GSM", "range_m": "1780", "samples": "2"}}, {"type": "Feature", "geometry": {"type": "Point", "coordinates": [29.7412, -2.596]}, "properties": {"radio": "GSM", "range_m": "1000", "samples": "2"}}, {"type": "Feature", "geometry": {"type": "Point", "coordinates": [29.7412, -2.5962]}, "properties": {"radio": "GSM", "range_m": "1000", "samples": "3"}}, {"type": "Feature", "geometry": {"type": "Point", "coordinates": [29.7413, -2.5966]}, "properties": {"radio": "GSM", "range_m": "1000", "samples": "2"}}, {"type": "Feature", "geometry": {"type": "Point", "coordinates": [29.7413, -2.5965]}, "properties": {"radio": "GSM", "range_m": "1000", "samples": "1"}}, {"type": "Feature", "geometry": {"type": "Point", "coordinates": [29.7581, -2.5824]}, "properties": {"radio": "GSM", "range_m": "1000", "samples": "1"}}, {"type": "Feature", "geometry": {"type": "Point", "coordinates": [29.7581, -2.5824]}, "properties": {"radio": "GSM", "range_m": "1000", "samples": "1"}}, {"type": "Feature", "geometry": {"type": "Point", "coordinates": [29.7682, -2.4563]}, "properties": {"radio": "GSM", "range_m": "1000", "samples": "1"}}, {"type": "Feature", "geometry": {"type": "Point", "coordinates": [29.7853, -2.3932]}, "properties": {"radio": "GSM", "range_m": "1000", "samples": "1"}}, {"type": "Feature", "geometry": {"type": "Point", "coordinates": [29.7853, -2.3932]}, "properties": {"radio": "GSM", "range_m": "1000", "samples": "1"}}, {"type": "Feature", "geometry": {"type": "Point", "coordinates": [29.8688, -2.3472]}, "properties": {"radio": "GSM", "range_m": "1000", "samples": "1"}}, {"type": "Feature", "geometry": {"type": "Point", "coordinates": [29.8688, -2.3472]}, "properties": {"radio": "GSM", "range_m": "1000", "samples": "1"}}, {"type": "Feature", "geometry": {"type": "Point", "coordinates": [29.8688, -2.3472]}, "properties": {"radio": "GSM", "range_m": "1000", "samples": "1"}}, {"type": "Feature", "geometry": {"type": "Point", "coordinates": [30.3899, -2.2247]}, "properties": {"radio": "GSM", "range_m": "1000", "samples": "1"}}, {"type": "Feature", "geometry": {"type": "Point", "coordinates": [30.3899, -2.2247]}, "properties": {"radio": "GSM", "range_m": "1000", "samples": "1"}}, {"type": "Feature", "geometry": {"type": "Point", "coordinates": [30.5426, -2.1632]}, "properties": {"radio": "GSM", "range_m": "1000", "samples": "1"}}, {"type": "Feature", "geometry": {"type": "Point", "coordinates": [30.5678, -2.1451]}, "properties": {"radio": "GSM", "range_m": "4807", "samples": "5"}}, {"type": "Feature", "geometry": {"type": "Point", "coordinates": [30.5798, -2.1552]}, "properties": {"radio": "GSM", "range_m": "1000", "samples": "1"}}, {"type": "Feature", "geometry": {"type": "Point", "coordinates": [30.631, -2.265]}, "properties": {"radio": "GSM", "range_m": "1025", "samples": "4"}}, {"type": "Feature", "geometry": {"type": "Point", "coordinates": [30.7637, -2.3578]}, "properties": {"radio": "GSM", "range_m": "1000", "samples": "2"}}, {"type": "Feature", "geometry": {"type": "Point", "coordinates": [30.7262, -2.2815]}, "properties": {"radio": "GSM", "range_m": "1000", "samples": "2"}}, {"type": "Feature", "geometry": {"type": "Point", "coordinates": [30.7806, -2.3707]}, "properties": {"radio": "GSM", "range_m": "2329", "samples": "2"}}, {"type": "Feature", "geometry": {"type": "Point", "coordinates": [30.2357, -1.9572]}, "properties": {"radio": "GSM", "range_m": "1000", "samples": "1"}}, {"type": "Feature", "geometry": {"type": "Point", "coordinates": [30.2358, -1.9572]}, "properties": {"radio": "GSM", "range_m": "1000", "samples": "1"}}, {"type": "Feature", "geometry": {"type": "Point", "coordinates": [30.0942, -1.9681]}, "properties": {"radio": "GSM", "range_m": "1000", "samples": "1"}}, {"type": "Feature", "geometry": {"type": "Point", "coordinates": [30.0942, -1.9681]}, "properties": {"radio": "GSM", "range_m": "1000", "samples": "1"}}, {"type": "Feature", "geometry": {"type": "Point", "coordinates": [30.0824, -1.8737]}, "properties": {"radio": "GSM", "range_m": "1000", "samples": "1"}}, {"type": "Feature", "geometry": {"type": "Point", "coordinates": [30.0824, -1.8737]}, "properties": {"radio": "GSM", "range_m": "1000", "samples": "1"}}, {"type": "Feature", "geometry": {"type": "Point", "coordinates": [30.0824, -1.8737]}, "properties": {"radio": "GSM", "range_m": "1000", "samples": "1"}}, {"type": "Feature", "geometry": {"type": "Point", "coordinates": [30.0824, -1.8737]}, "properties": {"radio": "GSM", "range_m": "1000", "samples": "1"}}, {"type": "Feature", "geometry": {"type": "Point", "coordinates": [30.0824, -1.8737]}, "properties": {"radio": "GSM", "range_m": "1000", "samples": "1"}}, {"type": "Feature", "geometry": {"type": "Point", "coordinates": [30.0824, -1.8737]}, "properties": {"radio": "GSM", "range_m": "1000", "samples": "1"}}, {"type": "Feature", "geometry": {"type": "Point", "coordinates": [30.0824, -1.8737]}, "properties": {"radio": "GSM", "range_m": "1000", "samples": "1"}}, {"type": "Feature", "geometry": {"type": "Point", "coordinates": [30.0873, -1.8209]}, "properties": {"radio": "GSM", "range_m": "1130", "samples": "2"}}, {"type": "Feature", "geometry": {"type": "Point", "coordinates": [30.0955, -1.8149]}, "properties": {"radio": "GSM", "range_m": "1000", "samples": "1"}}, {"type": "Feature", "geometry": {"type": "Point", "coordinates": [30.0873, -1.8209]}, "properties": {"radio": "GSM", "range_m": "1130", "samples": "2"}}, {"type": "Feature", "geometry": {"type": "Point", "coordinates": [30.0955, -1.8149]}, "properties": {"radio": "GSM", "range_m": "1000", "samples": "1"}}, {"type": "Feature", "geometry": {"type": "Point", "coordinates": [30.0955, -1.8149]}, "properties": {"radio": "GSM", "range_m": "1000", "samples": "1"}}, {"type": "Feature", "geometry": {"type": "Point", "coordinates": [30.0873, -1.8209]}, "properties": {"radio": "GSM", "range_m": "1130", "samples": "2"}}, {"type": "Feature", "geometry": {"type": "Point", "coordinates": [30.1249, -1.7709]}, "properties": {"radio": "GSM", "range_m": "1000", "samples": "2"}}, {"type": "Feature", "geometry": {"type": "Point", "coordinates": [30.1249, -1.7709]}, "properties": {"radio": "GSM", "range_m": "1000", "samples": "2"}}, {"type": "Feature", "geometry": {"type": "Point", "coordinates": [30.1249, -1.7709]}, "properties": {"radio": "GSM", "range_m": "1000", "samples": "2"}}, {"type": "Feature", "geometry": {"type": "Point", "coordinates": [30.1249, -1.7709]}, "properties": {"radio": "GSM", "range_m": "1000", "samples": "2"}}, {"type": "Feature", "geometry": {"type": "Point", "coordinates": [30.1249, -1.7709]}, "properties": {"radio": "GSM", "range_m": "1000", "samples": "2"}}, {"type": "Feature", "geometry": {"type": "Point", "coordinates": [30.1212, -1.7073]}, "properties": {"radio": "GSM", "range_m": "1000", "samples": "1"}}, {"type": "Feature", "geometry": {"type": "Point", "coordinates": [30.1199, -1.7048]}, "properties": {"radio": "GSM", "range_m": "1000", "samples": "2"}}, {"type": "Feature", "geometry": {"type": "Point", "coordinates": [30.1038, -1.6601]}, "properties": {"radio": "GSM", "range_m": "1000", "samples": "2"}}, {"type": "Feature", "geometry": {"type": "Point", "coordinates": [30.1038, -1.6601]}, "properties": {"radio": "GSM", "range_m": "1000", "samples": "2"}}, {"type": "Feature", "geometry": {"type": "Point", "coordinates": [30.1005, -1.661]}, "properties": {"radio": "GSM", "range_m": "1000", "samples": "1"}}, {"type": "Feature", "geometry": {"type": "Point", "coordinates": [30.103, -1.6308]}, "properties": {"radio": "GSM", "range_m": "1000", "samples": "1"}}, {"type": "Feature", "geometry": {"type": "Point", "coordinates": [30.079, -1.5996]}, "properties": {"radio": "GSM", "range_m": "1000", "samples": "2"}}, {"type": "Feature", "geometry": {"type": "Point", "coordinates": [30.103, -1.6308]}, "properties": {"radio": "GSM", "range_m": "1000", "samples": "1"}}, {"type": "Feature", "geometry": {"type": "Point", "coordinates": [30.103, -1.6308]}, "properties": {"radio": "GSM", "range_m": "1000", "samples": "1"}}, {"type": "Feature", "geometry": {"type": "Point", "coordinates": [30.0519, -1.5982]}, "properties": {"radio": "GSM", "range_m": "2919", "samples": "7"}}, {"type": "Feature", "geometry": {"type": "Point", "coordinates": [30.0516, -1.5983]}, "properties": {"radio": "GSM", "range_m": "1000", "samples": "1"}}, {"type": "Feature", "geometry": {"type": "Point", "coordinates": [30.08, -1.5989]}, "properties": {"radio": "GSM", "range_m": "1000", "samples": "1"}}, {"type": "Feature", "geometry": {"type": "Point", "coordinates": [30.0485, -1.598]}, "properties": {"radio": "GSM", "range_m": "1000", "samples": "5"}}, {"type": "Feature", "geometry": {"type": "Point", "coordinates": [30.079, -1.5996]}, "properties": {"radio": "GSM", "range_m": "1000", "samples": "2"}}, {"type": "Feature", "geometry": {"type": "Point", "coordinates": [30.08, -1.5989]}, "properties": {"radio": "GSM", "range_m": "1000", "samples": "1"}}, {"type": "Feature", "geometry": {"type": "Point", "coordinates": [30.0476, -1.5979]}, "properties": {"radio": "GSM", "range_m": "1000", "samples": "7"}}, {"type": "Feature", "geometry": {"type": "Point", "coordinates": [30.0476, -1.5979]}, "properties": {"radio": "GSM", "range_m": "1000", "samples": "7"}}, {"type": "Feature", "geometry": {"type": "Point", "coordinates": [30.0476, -1.5979]}, "properties": {"radio": "GSM", "range_m": "1000", "samples": "7"}}, {"type": "Feature", "geometry": {"type": "Point", "coordinates": [30.0516, -1.5983]}, "properties": {"radio": "GSM", "range_m": "1000", "samples": "1"}}, {"type": "Feature", "geometry": {"type": "Point", "coordinates": [30.0476, -1.5979]}, "properties": {"radio": "GSM", "range_m": "1000", "samples": "7"}}, {"type": "Feature", "geometry": {"type": "Point", "coordinates": [30.0475, -1.5978]}, "properties": {"radio": "GSM", "range_m": "1000", "samples": "5"}}, {"type": "Feature", "geometry": {"type": "Point", "coordinates": [30.0475, -1.5978]}, "properties": {"radio": "GSM", "range_m": "1000", "samples": "3"}}, {"type": "Feature", "geometry": {"type": "Point", "coordinates": [30.0475, -1.5978]}, "properties": {"radio": "GSM", "range_m": "1000", "samples": "4"}}, {"type": "Feature", "geometry": {"type": "Point", "coordinates": [30.0474, -1.5978]}, "properties": {"radio": "GSM", "range_m": "1000", "samples": "5"}}, {"type": "Feature", "geometry": {"type": "Point", "coordinates": [30.0474, -1.5978]}, "properties": {"radio": "GSM", "range_m": "1000", "samples": "4"}}, {"type": "Feature", "geometry": {"type": "Point", "coordinates": [30.0475, -1.5978]}, "properties": {"radio": "GSM", "range_m": "1000", "samples": "4"}}, {"type": "Feature", "geometry": {"type": "Point", "coordinates": [30.0474, -1.5978]}, "properties": {"radio": "GSM", "range_m": "1000", "samples": "3"}}, {"type": "Feature", "geometry": {"type": "Point", "coordinates": [30.0475, -1.5978]}, "properties": {"radio": "GSM", "range_m": "1000", "samples": "3"}}, {"type": "Feature", "geometry": {"type": "Point", "coordinates": [30.0474, -1.5978]}, "properties": {"radio": "GSM", "range_m": "1000", "samples": "2"}}, {"type": "Feature", "geometry": {"type": "Point", "coordinates": [30.0474, -1.5978]}, "properties": {"radio": "GSM", "range_m": "1000", "samples": "2"}}, {"type": "Feature", "geometry": {"type": "Point", "coordinates": [30.0474, -1.5978]}, "properties": {"radio": "GSM", "range_m": "1000", "samples": "1"}}, {"type": "Feature", "geometry": {"type": "Point", "coordinates": [30.0478, -1.598]}, "properties": {"radio": "GSM", "range_m": "1000", "samples": "3"}}, {"type": "Feature", "geometry": {"type": "Point", "coordinates": [30.0476, -1.5978]}, "properties": {"radio": "GSM", "range_m": "1000", "samples": "4"}}, {"type": "Feature", "geometry": {"type": "Point", "coordinates": [30.0476, -1.5978]}, "properties": {"radio": "GSM", "range_m": "1000", "samples": "5"}}, {"type": "Feature", "geometry": {"type": "Point", "coordinates": [30.0475, -1.5978]}, "properties": {"radio": "GSM", "range_m": "1000", "samples": "3"}}, {"type": "Feature", "geometry": {"type": "Point", "coordinates": [30.0475, -1.5978]}, "properties": {"radio": "GSM", "range_m": "1000", "samples": "3"}}, {"type": "Feature", "geometry": {"type": "Point", "coordinates": [30.0601, -1.6131]}, "properties": {"radio": "GSM", "range_m": "6597", "samples": "4"}}, {"type": "Feature", "geometry": {"type": "Point", "coordinates": [30.0476, -1.5978]}, "properties": {"radio": "GSM", "range_m": "1000", "samples": "4"}}, {"type": "Feature", "geometry": {"type": "Point", "coordinates": [30.0476, -1.5978]}, "properties": {"radio": "GSM", "range_m": "1000", "samples": "3"}}, {"type": "Feature", "geometry": {"type": "Point", "coordinates": [30.0476, -1.5978]}, "properties": {"radio": "GSM", "range_m": "1000", "samples": "3"}}, {"type": "Feature", "geometry": {"type": "Point", "coordinates": [30.0476, -1.5979]}, "properties": {"radio": "GSM", "range_m": "1000", "samples": "1"}}, {"type": "Feature", "geometry": {"type": "Point", "coordinates": [30.0781, -1.6002]}, "properties": {"radio": "GSM", "range_m": "1000", "samples": "1"}}, {"type": "Feature", "geometry": {"type": "Point", "coordinates": [30.0791, -1.8269]}, "properties": {"radio": "GSM", "range_m": "1000", "samples": "1"}}, {"type": "Feature", "geometry": {"type": "Point", "coordinates": [30.0566, -1.9]}, "properties": {"radio": "GSM", "range_m": "1000", "samples": "1"}}, {"type": "Feature", "geometry": {"type": "Point", "coordinates": [30.0566, -1.9]}, "properties": {"radio": "GSM", "range_m": "1000", "samples": "1"}}, {"type": "Feature", "geometry": {"type": "Point", "coordinates": [30.0566, -1.9]}, "properties": {"radio": "GSM", "range_m": "1000", "samples": "1"}}, {"type": "Feature", "geometry": {"type": "Point", "coordinates": [30.0566, -1.9]}, "properties": {"radio": "GSM", "range_m": "1000", "samples": "1"}}, {"type": "Feature", "geometry": {"type": "Point", "coordinates": [30.0566, -1.9]}, "properties": {"radio": "GSM", "range_m": "1000", "samples": "1"}}, {"type": "Feature", "geometry": {"type": "Point", "coordinates": [30.0566, -1.9]}, "properties": {"radio": "GSM", "range_m": "1000", "samples": "1"}}, {"type": "Feature", "geometry": {"type": "Point", "coordinates": [30.0594, -1.9355]}, "properties": {"radio": "GSM", "range_m": "1000", "samples": "1"}}, {"type": "Feature", "geometry": {"type": "Point", "coordinates": [30.0594, -1.9355]}, "properties": {"radio": "GSM", "range_m": "1000", "samples": "1"}}, {"type": "Feature", "geometry": {"type": "Point", "coordinates": [30.0594, -1.9355]}, "properties": {"radio": "GSM", "range_m": "1000", "samples": "1"}}, {"type": "Feature", "geometry": {"type": "Point", "coordinates": [30.0894, -1.9673]}, "properties": {"radio": "GSM", "range_m": "1000", "samples": "1"}}, {"type": "Feature", "geometry": {"type": "Point", "coordinates": [30.1387, -1.954]}, "properties": {"radio": "GSM", "range_m": "1000", "samples": "1"}}, {"type": "Feature", "geometry": {"type": "Point", "coordinates": [30.1972, -1.9848]}, "properties": {"radio": "GSM", "range_m": "1000", "samples": "1"}}, {"type": "Feature", "geometry": {"type": "Point", "coordinates": [30.562, -2.0157]}, "properties": {"radio": "GSM", "range_m": "1000", "samples": "1"}}, {"type": "Feature", "geometry": {"type": "Point", "coordinates": [30.562, -2.0157]}, "properties": {"radio": "GSM", "range_m": "1000", "samples": "1"}}, {"type": "Feature", "geometry": {"type": "Point", "coordinates": [30.6472, -2.2699]}, "properties": {"radio": "GSM", "range_m": "2233", "samples": "2"}}, {"type": "Feature", "geometry": {"type": "Point", "coordinates": [30.6546, -2.2694]}, "properties": {"radio": "GSM", "range_m": "3040", "samples": "4"}}, {"type": "Feature", "geometry": {"type": "Point", "coordinates": [30.4515, -1.9284]}, "properties": {"radio": "GSM", "range_m": "9508", "samples": "3"}}, {"type": "Feature", "geometry": {"type": "Point", "coordinates": [30.2884, -1.8929]}, "properties": {"radio": "GSM", "range_m": "1000", "samples": "2"}}, {"type": "Feature", "geometry": {"type": "Point", "coordinates": [30.2356, -1.9573]}, "properties": {"radio": "GSM", "range_m": "1000", "samples": "5"}}, {"type": "Feature", "geometry": {"type": "Point", "coordinates": [30.2339, -1.9616]}, "properties": {"radio": "GSM", "range_m": "1595", "samples": "4"}}, {"type": "Feature", "geometry": {"type": "Point", "coordinates": [30.2358, -1.9571]}, "properties": {"radio": "GSM", "range_m": "1000", "samples": "2"}}, {"type": "Feature", "geometry": {"type": "Point", "coordinates": [30.1732, -1.97]}, "properties": {"radio": "GSM", "range_m": "1000", "samples": "1"}}, {"type": "Feature", "geometry": {"type": "Point", "coordinates": [30.1605, -1.9395]}, "properties": {"radio": "GSM", "range_m": "1000", "samples": "2"}}, {"type": "Feature", "geometry": {"type": "Point", "coordinates": [30.1337, -1.9352]}, "properties": {"radio": "GSM", "range_m": "1000", "samples": "2"}}, {"type": "Feature", "geometry": {"type": "Point", "coordinates": [30.137, -1.9327]}, "properties": {"radio": "GSM", "range_m": "1000", "samples": "2"}}, {"type": "Feature", "geometry": {"type": "Point", "coordinates": [30.1337, -1.9352]}, "properties": {"radio": "GSM", "range_m": "1000", "samples": "2"}}, {"type": "Feature", "geometry": {"type": "Point", "coordinates": [30.1407, -1.9301]}, "properties": {"radio": "GSM", "range_m": "1000", "samples": "3"}}, {"type": "Feature", "geometry": {"type": "Point", "coordinates": [30.1337, -1.9352]}, "properties": {"radio": "GSM", "range_m": "1000", "samples": "2"}}, {"type": "Feature", "geometry": {"type": "Point", "coordinates": [30.1342, -1.9348]}, "properties": {"radio": "GSM", "range_m": "1000", "samples": "1"}}, {"type": "Feature", "geometry": {"type": "Point", "coordinates": [30.1342, -1.9348]}, "properties": {"radio": "GSM", "range_m": "1000", "samples": "1"}}, {"type": "Feature", "geometry": {"type": "Point", "coordinates": [30.1211, -1.948]}, "properties": {"radio": "GSM", "range_m": "1000", "samples": "3"}}, {"type": "Feature", "geometry": {"type": "Point", "coordinates": [30.1219, -1.948]}, "properties": {"radio": "GSM", "range_m": "1000", "samples": "2"}}, {"type": "Feature", "geometry": {"type": "Point", "coordinates": [30.1211, -1.948]}, "properties": {"radio": "GSM", "range_m": "1000", "samples": "3"}}, {"type": "Feature", "geometry": {"type": "Point", "coordinates": [30.1219, -1.9478]}, "properties": {"radio": "GSM", "range_m": "1000", "samples": "1"}}, {"type": "Feature", "geometry": {"type": "Point", "coordinates": [30.1215, -1.9479]}, "properties": {"radio": "GSM", "range_m": "1000", "samples": "3"}}, {"type": "Feature", "geometry": {"type": "Point", "coordinates": [30.1221, -1.9482]}, "properties": {"radio": "GSM", "range_m": "1000", "samples": "3"}}, {"type": "Feature", "geometry": {"type": "Point", "coordinates": [30.1405, -1.9297]}, "properties": {"radio": "GSM", "range_m": "1000", "samples": "2"}}, {"type": "Feature", "geometry": {"type": "Point", "coordinates": [30.1215, -1.9481]}, "properties": {"radio": "GSM", "range_m": "1000", "samples": "3"}}, {"type": "Feature", "geometry": {"type": "Point", "coordinates": [30.122, -1.9477]}, "properties": {"radio": "GSM", "range_m": "1000", "samples": "1"}}, {"type": "Feature", "geometry": {"type": "Point", "coordinates": [30.1381, -1.9317]}, "properties": {"radio": "GSM", "range_m": "1000", "samples": "3"}}, {"type": "Feature", "geometry": {"type": "Point", "coordinates": [30.1224, -1.948]}, "properties": {"radio": "GSM", "range_m": "1000", "samples": "2"}}, {"type": "Feature", "geometry": {"type": "Point", "coordinates": [30.1408, -1.9303]}, "properties": {"radio": "GSM", "range_m": "1000", "samples": "2"}}, {"type": "Feature", "geometry": {"type": "Point", "coordinates": [30.1405, -1.9297]}, "properties": {"radio": "GSM", "range_m": "1000", "samples": "2"}}, {"type": "Feature", "geometry": {"type": "Point", "coordinates": [30.1215, -1.948]}, "properties": {"radio": "GSM", "range_m": "1000", "samples": "1"}}, {"type": "Feature", "geometry": {"type": "Point", "coordinates": [30.1215, -1.9481]}, "properties": {"radio": "GSM", "range_m": "1000", "samples": "3"}}, {"type": "Feature", "geometry": {"type": "Point", "coordinates": [30.1215, -1.9481]}, "properties": {"radio": "GSM", "range_m": "1000", "samples": "2"}}, {"type": "Feature", "geometry": {"type": "Point", "coordinates": [30.1142, -1.9488]}, "properties": {"radio": "GSM", "range_m": "1000", "samples": "1"}}, {"type": "Feature", "geometry": {"type": "Point", "coordinates": [30.1142, -1.9488]}, "properties": {"radio": "GSM", "range_m": "1000", "samples": "1"}}, {"type": "Feature", "geometry": {"type": "Point", "coordinates": [30.1142, -1.9488]}, "properties": {"radio": "GSM", "range_m": "1000", "samples": "1"}}, {"type": "Feature", "geometry": {"type": "Point", "coordinates": [30.1142, -1.9488]}, "properties": {"radio": "GSM", "range_m": "1000", "samples": "1"}}, {"type": "Feature", "geometry": {"type": "Point", "coordinates": [30.1142, -1.9488]}, "properties": {"radio": "GSM", "range_m": "1000", "samples": "1"}}, {"type": "Feature", "geometry": {"type": "Point", "coordinates": [30.1218, -1.9482]}, "properties": {"radio": "GSM", "range_m": "1000", "samples": "2"}}, {"type": "Feature", "geometry": {"type": "Point", "coordinates": [30.1407, -1.9301]}, "properties": {"radio": "GSM", "range_m": "1000", "samples": "3"}}, {"type": "Feature", "geometry": {"type": "Point", "coordinates": [30.4919, -1.9136]}, "properties": {"radio": "GSM", "range_m": "2325", "samples": "5"}}, {"type": "Feature", "geometry": {"type": "Point", "coordinates": [30.5714, -2.1059]}, "properties": {"radio": "GSM", "range_m": "4983", "samples": "2"}}, {"type": "Feature", "geometry": {"type": "Point", "coordinates": [30.5633, -2.0618]}, "properties": {"radio": "GSM", "range_m": "1000", "samples": "1"}}, {"type": "Feature", "geometry": {"type": "Point", "coordinates": [30.5633, -2.0618]}, "properties": {"radio": "GSM", "range_m": "1000", "samples": "1"}}, {"type": "Feature", "geometry": {"type": "Point", "coordinates": [30.6904, -2.2751]}, "properties": {"radio": "GSM", "range_m": "3264", "samples": "3"}}, {"type": "Feature", "geometry": {"type": "Point", "coordinates": [30.705, -2.2789]}, "properties": {"radio": "GSM", "range_m": "1000", "samples": "3"}}, {"type": "Feature", "geometry": {"type": "Point", "coordinates": [30.7456, -2.304]}, "properties": {"radio": "GSM", "range_m": "1729", "samples": "5"}}, {"type": "Feature", "geometry": {"type": "Point", "coordinates": [29.3726, -2.5262]}, "properties": {"radio": "GSM", "range_m": "1000", "samples": "1"}}, {"type": "Feature", "geometry": {"type": "Point", "coordinates": [29.3239, -2.5188]}, "properties": {"radio": "GSM", "range_m": "1000", "samples": "1"}}, {"type": "Feature", "geometry": {"type": "Point", "coordinates": [29.7079, -1.44]}, "properties": {"radio": "GSM", "range_m": "1000", "samples": "1"}}, {"type": "Feature", "geometry": {"type": "Point", "coordinates": [30.6637, -2.2703]}, "properties": {"radio": "GSM", "range_m": "1000", "samples": "3"}}, {"type": "Feature", "geometry": {"type": "Point", "coordinates": [30.6536, -2.2703]}, "properties": {"radio": "GSM", "range_m": "3358", "samples": "4"}}, {"type": "Feature", "geometry": {"type": "Point", "coordinates": [30.6617, -2.2688]}, "properties": {"radio": "GSM", "range_m": "1000", "samples": "1"}}, {"type": "Feature", "geometry": {"type": "Point", "coordinates": [30.5554, -2.0945]}, "properties": {"radio": "GSM", "range_m": "1112", "samples": "2"}}, {"type": "Feature", "geometry": {"type": "Point", "coordinates": [30.5621, -2.0171]}, "properties": {"radio": "GSM", "range_m": "1000", "samples": "1"}}, {"type": "Feature", "geometry": {"type": "Point", "coordinates": [30.5055, -1.8817]}, "properties": {"radio": "GSM", "range_m": "1000", "samples": "2"}}, {"type": "Feature", "geometry": {"type": "Point", "coordinates": [30.5055, -1.8817]}, "properties": {"radio": "GSM", "range_m": "1000", "samples": "2"}}, {"type": "Feature", "geometry": {"type": "Point", "coordinates": [30.5024, -1.8741]}, "properties": {"radio": "GSM", "range_m": "1000", "samples": "1"}}, {"type": "Feature", "geometry": {"type": "Point", "coordinates": [30.4514, -1.8269]}, "properties": {"radio": "GSM", "range_m": "1000", "samples": "2"}}, {"type": "Feature", "geometry": {"type": "Point", "coordinates": [30.4514, -1.8269]}, "properties": {"radio": "GSM", "range_m": "1000", "samples": "2"}}, {"type": "Feature", "geometry": {"type": "Point", "coordinates": [30.4514, -1.8269]}, "properties": {"radio": "GSM", "range_m": "1000", "samples": "2"}}, {"type": "Feature", "geometry": {"type": "Point", "coordinates": [30.4742, -1.8434]}, "properties": {"radio": "GSM", "range_m": "1000", "samples": "1"}}, {"type": "Feature", "geometry": {"type": "Point", "coordinates": [30.4742, -1.8434]}, "properties": {"radio": "GSM", "range_m": "1000", "samples": "1"}}, {"type": "Feature", "geometry": {"type": "Point", "coordinates": [30.4514, -1.8269]}, "properties": {"radio": "GSM", "range_m": "1000", "samples": "2"}}, {"type": "Feature", "geometry": {"type": "Point", "coordinates": [30.4486, -1.8284]}, "properties": {"radio": "GSM", "range_m": "1000", "samples": "1"}}, {"type": "Feature", "geometry": {"type": "Point", "coordinates": [30.412, -1.7928]}, "properties": {"radio": "GSM", "range_m": "1000", "samples": "2"}}, {"type": "Feature", "geometry": {"type": "Point", "coordinates": [30.412, -1.7928]}, "properties": {"radio": "GSM", "range_m": "1000", "samples": "2"}}, {"type": "Feature", "geometry": {"type": "Point", "coordinates": [30.412, -1.7928]}, "properties": {"radio": "GSM", "range_m": "1000", "samples": "2"}}, {"type": "Feature", "geometry": {"type": "Point", "coordinates": [30.412, -1.7928]}, "properties": {"radio": "GSM", "range_m": "1000", "samples": "2"}}, {"type": "Feature", "geometry": {"type": "Point", "coordinates": [30.4099, -1.787]}, "properties": {"radio": "GSM", "range_m": "1000", "samples": "1"}}, {"type": "Feature", "geometry": {"type": "Point", "coordinates": [30.4099, -1.787]}, "properties": {"radio": "GSM", "range_m": "1000", "samples": "1"}}, {"type": "Feature", "geometry": {"type": "Point", "coordinates": [30.4043, -1.7215]}, "properties": {"radio": "GSM", "range_m": "1707", "samples": "2"}}, {"type": "Feature", "geometry": {"type": "Point", "coordinates": [30.3963, -1.7346]}, "properties": {"radio": "GSM", "range_m": "1000", "samples": "1"}}, {"type": "Feature", "geometry": {"type": "Point", "coordinates": [30.4037, -1.6563]}, "properties": {"radio": "GSM", "range_m": "1000", "samples": "1"}}, {"type": "Feature", "geometry": {"type": "Point", "coordinates": [30.4037, -1.6563]}, "properties": {"radio": "GSM", "range_m": "1000", "samples": "1"}}, {"type": "Feature", "geometry": {"type": "Point", "coordinates": [30.3847, -1.608]}, "properties": {"radio": "GSM", "range_m": "1000", "samples": "2"}}, {"type": "Feature", "geometry": {"type": "Point", "coordinates": [30.3847, -1.608]}, "properties": {"radio": "GSM", "range_m": "1000", "samples": "2"}}, {"type": "Feature", "geometry": {"type": "Point", "coordinates": [30.3846, -1.5991]}, "properties": {"radio": "GSM", "range_m": "1000", "samples": "1"}}, {"type": "Feature", "geometry": {"type": "Point", "coordinates": [30.3846, -1.5991]}, "properties": {"radio": "GSM", "range_m": "1000", "samples": "1"}}, {"type": "Feature", "geometry": {"type": "Point", "coordinates": [30.4042, -1.509]}, "properties": {"radio": "GSM", "range_m": "1000", "samples": "2"}}, {"type": "Feature", "geometry": {"type": "Point", "coordinates": [30.4042, -1.509]}, "properties": {"radio": "GSM", "range_m": "1000", "samples": "2"}}, {"type": "Feature", "geometry": {"type": "Point", "coordinates": [30.4042, -1.509]}, "properties": {"radio": "GSM", "range_m": "1000", "samples": "2"}}, {"type": "Feature", "geometry": {"type": "Point", "coordinates": [30.4042, -1.509]}, "properties": {"radio": "GSM", "range_m": "1000", "samples": "2"}}, {"type": "Feature", "geometry": {"type": "Point", "coordinates": [30.4043, -1.509]}, "properties": {"radio": "GSM", "range_m": "1000", "samples": "1"}}, {"type": "Feature", "geometry": {"type": "Point", "coordinates": [30.4042, -1.509]}, "properties": {"radio": "GSM", "range_m": "1000", "samples": "2"}}, {"type": "Feature", "geometry": {"type": "Point", "coordinates": [30.3958, -1.4556]}, "properties": {"radio": "GSM", "range_m": "6002", "samples": "2"}}, {"type": "Feature", "geometry": {"type": "Point", "coordinates": [30.3919, -1.4169]}, "properties": {"radio": "GSM", "range_m": "1000", "samples": "1"}}, {"type": "Feature", "geometry": {"type": "Point", "coordinates": [30.3685, -1.3606]}, "properties": {"radio": "GSM", "range_m": "1000", "samples": "1"}}, {"type": "Feature", "geometry": {"type": "Point", "coordinates": [30.378, -1.3814]}, "properties": {"radio": "GSM", "range_m": "2547", "samples": "2"}}, {"type": "Feature", "geometry": {"type": "Point", "coordinates": [30.3896, -1.4096]}, "properties": {"radio": "GSM", "range_m": "1000", "samples": "2"}}, {"type": "Feature", "geometry": {"type": "Point", "coordinates": [30.3919, -1.4169]}, "properties": {"radio": "GSM", "range_m": "1000", "samples": "1"}}, {"type": "Feature", "geometry": {"type": "Point", "coordinates": [30.3896, -1.4096]}, "properties": {"radio": "GSM", "range_m": "1000", "samples": "2"}}, {"type": "Feature", "geometry": {"type": "Point", "coordinates": [30.3927, -1.3644]}, "properties": {"radio": "GSM", "range_m": "5841", "samples": "2"}}, {"type": "Feature", "geometry": {"type": "Point", "coordinates": [30.3991, -1.3033]}, "properties": {"radio": "GSM", "range_m": "1136", "samples": "2"}}, {"type": "Feature", "geometry": {"type": "Point", "coordinates": [30.4072, -1.1775]}, "properties": {"radio": "GSM", "range_m": "1000", "samples": "3"}}, {"type": "Feature", "geometry": {"type": "Point", "coordinates": [30.381, -1.3362]}, "properties": {"radio": "GSM", "range_m": "3042", "samples": "2"}}, {"type": "Feature", "geometry": {"type": "Point", "coordinates": [30.3991, -1.3033]}, "properties": {"radio": "GSM", "range_m": "1136", "samples": "2"}}, {"type": "Feature", "geometry": {"type": "Point", "coordinates": [30.4018, -1.2614]}, "properties": {"radio": "GSM", "range_m": "9350", "samples": "3"}}, {"type": "Feature", "geometry": {"type": "Point", "coordinates": [30.3991, -1.3033]}, "properties": {"radio": "GSM", "range_m": "1136", "samples": "2"}}, {"type": "Feature", "geometry": {"type": "Point", "coordinates": [30.4047, -1.2948]}, "properties": {"radio": "GSM", "range_m": "1000", "samples": "1"}}, {"type": "Feature", "geometry": {"type": "Point", "coordinates": [30.4047, -1.2948]}, "properties": {"radio": "GSM", "range_m": "1000", "samples": "1"}}, {"type": "Feature", "geometry": {"type": "Point", "coordinates": [30.4125, -1.2226]}, "properties": {"radio": "GSM", "range_m": "1000", "samples": "2"}}, {"type": "Feature", "geometry": {"type": "Point", "coordinates": [30.4125, -1.2226]}, "properties": {"radio": "GSM", "range_m": "1000", "samples": "2"}}, {"type": "Feature", "geometry": {"type": "Point", "coordinates": [30.4089, -1.1922]}, "properties": {"radio": "GSM", "range_m": "3292", "samples": "3"}}, {"type": "Feature", "geometry": {"type": "Point", "coordinates": [30.4089, -1.1922]}, "properties": {"radio": "GSM", "range_m": "3292", "samples": "3"}}, {"type": "Feature", "geometry": {"type": "Point", "coordinates": [30.4125, -1.2226]}, "properties": {"radio": "GSM", "range_m": "1000", "samples": "2"}}, {"type": "Feature", "geometry": {"type": "Point", "coordinates": [30.4089, -1.1922]}, "properties": {"radio": "GSM", "range_m": "3293", "samples": "3"}}, {"type": "Feature", "geometry": {"type": "Point", "coordinates": [30.4126, -1.2236]}, "properties": {"radio": "GSM", "range_m": "1000", "samples": "1"}}, {"type": "Feature", "geometry": {"type": "Point", "coordinates": [30.4072, -1.1775]}, "properties": {"radio": "GSM", "range_m": "1000", "samples": "3"}}, {"type": "Feature", "geometry": {"type": "Point", "coordinates": [30.407, -1.1776]}, "properties": {"radio": "GSM", "range_m": "1000", "samples": "2"}}, {"type": "Feature", "geometry": {"type": "Point", "coordinates": [30.4089, -1.1922]}, "properties": {"radio": "GSM", "range_m": "3293", "samples": "3"}}, {"type": "Feature", "geometry": {"type": "Point", "coordinates": [30.4072, -1.1775]}, "properties": {"radio": "GSM", "range_m": "1000", "samples": "3"}}, {"type": "Feature", "geometry": {"type": "Point", "coordinates": [30.407, -1.1776]}, "properties": {"radio": "GSM", "range_m": "1000", "samples": "2"}}, {"type": "Feature", "geometry": {"type": "Point", "coordinates": [30.4073, -1.1776]}, "properties": {"radio": "GSM", "range_m": "1000", "samples": "2"}}, {"type": "Feature", "geometry": {"type": "Point", "coordinates": [30.4072, -1.1775]}, "properties": {"radio": "GSM", "range_m": "1000", "samples": "1"}}, {"type": "Feature", "geometry": {"type": "Point", "coordinates": [30.4073, -1.1776]}, "properties": {"radio": "GSM", "range_m": "1000", "samples": "1"}}, {"type": "Feature", "geometry": {"type": "Point", "coordinates": [30.4072, -1.1775]}, "properties": {"radio": "GSM", "range_m": "1000", "samples": "1"}}, {"type": "Feature", "geometry": {"type": "Point", "coordinates": [30.3934, -1.3118]}, "properties": {"radio": "GSM", "range_m": "1000", "samples": "1"}}, {"type": "Feature", "geometry": {"type": "Point", "coordinates": [30.3874, -1.4023]}, "properties": {"radio": "GSM", "range_m": "1000", "samples": "1"}}, {"type": "Feature", "geometry": {"type": "Point", "coordinates": [30.3874, -1.4023]}, "properties": {"radio": "GSM", "range_m": "1000", "samples": "1"}}, {"type": "Feature", "geometry": {"type": "Point", "coordinates": [30.3874, -1.4023]}, "properties": {"radio": "GSM", "range_m": "1000", "samples": "1"}}, {"type": "Feature", "geometry": {"type": "Point", "coordinates": [30.4042, -1.5091]}, "properties": {"radio": "GSM", "range_m": "1000", "samples": "1"}}, {"type": "Feature", "geometry": {"type": "Point", "coordinates": [30.4042, -1.5091]}, "properties": {"radio": "GSM", "range_m": "1000", "samples": "1"}}, {"type": "Feature", "geometry": {"type": "Point", "coordinates": [30.3848, -1.6169]}, "properties": {"radio": "GSM", "range_m": "1000", "samples": "1"}}, {"type": "Feature", "geometry": {"type": "Point", "coordinates": [30.3848, -1.6169]}, "properties": {"radio": "GSM", "range_m": "1000", "samples": "1"}}, {"type": "Feature", "geometry": {"type": "Point", "coordinates": [30.3848, -1.6169]}, "properties": {"radio": "GSM", "range_m": "1000", "samples": "1"}}, {"type": "Feature", "geometry": {"type": "Point", "coordinates": [30.3848, -1.6169]}, "properties": {"radio": "GSM", "range_m": "1000", "samples": "1"}}, {"type": "Feature", "geometry": {"type": "Point", "coordinates": [30.3848, -1.6169]}, "properties": {"radio": "GSM", "range_m": "1000", "samples": "1"}}, {"type": "Feature", "geometry": {"type": "Point", "coordinates": [30.4142, -1.7986]}, "properties": {"radio": "GSM", "range_m": "1000", "samples": "1"}}, {"type": "Feature", "geometry": {"type": "Point", "coordinates": [30.5086, -1.8893]}, "properties": {"radio": "GSM", "range_m": "1000", "samples": "1"}}, {"type": "Feature", "geometry": {"type": "Point", "coordinates": [30.5086, -1.8893]}, "properties": {"radio": "GSM", "range_m": "1000", "samples": "1"}}, {"type": "Feature", "geometry": {"type": "Point", "coordinates": [30.5086, -1.8893]}, "properties": {"radio": "GSM", "range_m": "1000", "samples": "1"}}, {"type": "Feature", "geometry": {"type": "Point", "coordinates": [30.552, -1.9953]}, "properties": {"radio": "GSM", "range_m": "4572", "samples": "3"}}, {"type": "Feature", "geometry": {"type": "Point", "coordinates": [30.5552, -2.1108]}, "properties": {"radio": "GSM", "range_m": "2785", "samples": "3"}}, {"type": "Feature", "geometry": {"type": "Point", "coordinates": [30.5619, -2.022]}, "properties": {"radio": "GSM", "range_m": "3099", "samples": "3"}}, {"type": "Feature", "geometry": {"type": "Point", "coordinates": [30.2849, -1.8934]}, "properties": {"radio": "GSM", "range_m": "1000", "samples": "1"}}, {"type": "Feature", "geometry": {"type": "Point", "coordinates": [30.2849, -1.8934]}, "properties": {"radio": "GSM", "range_m": "1000", "samples": "1"}}, {"type": "Feature", "geometry": {"type": "Point", "coordinates": [30.2358, -1.9572]}, "properties": {"radio": "GSM", "range_m": "1000", "samples": "1"}}, {"type": "Feature", "geometry": {"type": "Point", "coordinates": [30.2261, -1.9796]}, "properties": {"radio": "GSM", "range_m": "1000", "samples": "1"}}, {"type": "Feature", "geometry": {"type": "Point", "coordinates": [30.1212, -1.9611]}, "properties": {"radio": "GSM", "range_m": "1000", "samples": "2"}}, {"type": "Feature", "geometry": {"type": "Point", "coordinates": [30.118, -1.9596]}, "properties": {"radio": "GSM", "range_m": "1000", "samples": "1"}}, {"type": "Feature", "geometry": {"type": "Point", "coordinates": [30.118, -1.9596]}, "properties": {"radio": "GSM", "range_m": "1000", "samples": "1"}}, {"type": "Feature", "geometry": {"type": "Point", "coordinates": [30.118, -1.9596]}, "properties": {"radio": "GSM", "range_m": "1000", "samples": "1"}}, {"type": "Feature", "geometry": {"type": "Point", "coordinates": [30.0674, -1.9392]}, "properties": {"radio": "GSM", "range_m": "1000", "samples": "1"}}, {"type": "Feature", "geometry": {"type": "Point", "coordinates": [30.0154, -1.9253]}, "properties": {"radio": "GSM", "range_m": "1000", "samples": "2"}}, {"type": "Feature", "geometry": {"type": "Point", "coordinates": [30.0185, -1.9256]}, "properties": {"radio": "GSM", "range_m": "1000", "samples": "1"}}, {"type": "Feature", "geometry": {"type": "Point", "coordinates": [30.0256, -1.9314]}, "properties": {"radio": "GSM", "range_m": "1000", "samples": "1"}}, {"type": "Feature", "geometry": {"type": "Point", "coordinates": [30.0256, -1.9314]}, "properties": {"radio": "GSM", "range_m": "1000", "samples": "1"}}, {"type": "Feature", "geometry": {"type": "Point", "coordinates": [30.0185, -1.9256]}, "properties": {"radio": "GSM", "range_m": "1000", "samples": "1"}}, {"type": "Feature", "geometry": {"type": "Point", "coordinates": [30.0042, -1.9163]}, "properties": {"radio": "GSM", "range_m": "1000", "samples": "1"}}, {"type": "Feature", "geometry": {"type": "Point", "coordinates": [30.0042, -1.9163]}, "properties": {"radio": "GSM", "range_m": "1000", "samples": "1"}}, {"type": "Feature", "geometry": {"type": "Point", "coordinates": [30.0083, -1.9206]}, "properties": {"radio": "GSM", "range_m": "1000", "samples": "2"}}, {"type": "Feature", "geometry": {"type": "Point", "coordinates": [29.9842, -1.8747]}, "properties": {"radio": "GSM", "range_m": "1000", "samples": "1"}}, {"type": "Feature", "geometry": {"type": "Point", "coordinates": [29.9842, -1.8747]}, "properties": {"radio": "GSM", "range_m": "1000", "samples": "1"}}, {"type": "Feature", "geometry": {"type": "Point", "coordinates": [29.9842, -1.8747]}, "properties": {"radio": "GSM", "range_m": "1000", "samples": "1"}}, {"type": "Feature", "geometry": {"type": "Point", "coordinates": [29.9842, -1.8747]}, "properties": {"radio": "GSM", "range_m": "1000", "samples": "1"}}, {"type": "Feature", "geometry": {"type": "Point", "coordinates": [29.9842, -1.8747]}, "properties": {"radio": "GSM", "range_m": "1000", "samples": "1"}}, {"type": "Feature", "geometry": {"type": "Point", "coordinates": [29.9842, -1.8747]}, "properties": {"radio": "GSM", "range_m": "1000", "samples": "1"}}, {"type": "Feature", "geometry": {"type": "Point", "coordinates": [29.9842, -1.8747]}, "properties": {"radio": "GSM", "range_m": "1000", "samples": "1"}}, {"type": "Feature", "geometry": {"type": "Point", "coordinates": [29.955, -1.8416]}, "properties": {"radio": "GSM", "range_m": "1000", "samples": "1"}}, {"type": "Feature", "geometry": {"type": "Point", "coordinates": [29.9276, -1.76]}, "properties": {"radio": "GSM", "range_m": "1000", "samples": "1"}}, {"type": "Feature", "geometry": {"type": "Point", "coordinates": [29.92, -1.7272]}, "properties": {"radio": "GSM", "range_m": "1000", "samples": "1"}}, {"type": "Feature", "geometry": {"type": "Point", "coordinates": [29.8811, -1.659]}, "properties": {"radio": "GSM", "range_m": "1000", "samples": "1"}}, {"type": "Feature", "geometry": {"type": "Point", "coordinates": [29.8811, -1.659]}, "properties": {"radio": "GSM", "range_m": "1000", "samples": "1"}}, {"type": "Feature", "geometry": {"type": "Point", "coordinates": [29.8811, -1.659]}, "properties": {"radio": "GSM", "range_m": "1000", "samples": "1"}}, {"type": "Feature", "geometry": {"type": "Point", "coordinates": [29.8254, -1.6572]}, "properties": {"radio": "GSM", "range_m": "1000", "samples": "1"}}, {"type": "Feature", "geometry": {"type": "Point", "coordinates": [29.7693, -1.6163]}, "properties": {"radio": "GSM", "range_m": "1000", "samples": "1"}}, {"type": "Feature", "geometry": {"type": "Point", "coordinates": [29.7697, -1.6308]}, "properties": {"radio": "GSM", "range_m": "1000", "samples": "1"}}, {"type": "Feature", "geometry": {"type": "Point", "coordinates": [29.7814, -1.6443]}, "properties": {"radio": "GSM", "range_m": "1000", "samples": "1"}}, {"type": "Feature", "geometry": {"type": "Point", "coordinates": [29.8254, -1.6572]}, "properties": {"radio": "GSM", "range_m": "1000", "samples": "1"}}, {"type": "Feature", "geometry": {"type": "Point", "coordinates": [29.7814, -1.6443]}, "properties": {"radio": "GSM", "range_m": "1000", "samples": "1"}}, {"type": "Feature", "geometry": {"type": "Point", "coordinates": [29.7697, -1.6308]}, "properties": {"radio": "GSM", "range_m": "1000", "samples": "1"}}, {"type": "Feature", "geometry": {"type": "Point", "coordinates": [29.7693, -1.6163]}, "properties": {"radio": "GSM", "range_m": "1000", "samples": "1"}}, {"type": "Feature", "geometry": {"type": "Point", "coordinates": [29.7693, -1.6163]}, "properties": {"radio": "GSM", "range_m": "1000", "samples": "1"}}, {"type": "Feature", "geometry": {"type": "Point", "coordinates": [29.7814, -1.6443]}, "properties": {"radio": "GSM", "range_m": "1000", "samples": "1"}}, {"type": "Feature", "geometry": {"type": "Point", "coordinates": [29.7552, -1.5953]}, "properties": {"radio": "GSM", "range_m": "1000", "samples": "1"}}, {"type": "Feature", "geometry": {"type": "Point", "coordinates": [29.7693, -1.6163]}, "properties": {"radio": "GSM", "range_m": "1000", "samples": "1"}}, {"type": "Feature", "geometry": {"type": "Point", "coordinates": [29.7693, -1.6163]}, "properties": {"radio": "GSM", "range_m": "1000", "samples": "1"}}, {"type": "Feature", "geometry": {"type": "Point", "coordinates": [29.6578, -1.5209]}, "properties": {"radio": "GSM", "range_m": "1000", "samples": "1"}}, {"type": "Feature", "geometry": {"type": "Point", "coordinates": [29.6578, -1.5209]}, "properties": {"radio": "GSM", "range_m": "1000", "samples": "1"}}, {"type": "Feature", "geometry": {"type": "Point", "coordinates": [29.6578, -1.5209]}, "properties": {"radio": "GSM", "range_m": "1000", "samples": "1"}}, {"type": "Feature", "geometry": {"type": "Point", "coordinates": [29.6299, -1.4984]}, "properties": {"radio": "GSM", "range_m": "1000", "samples": "1"}}, {"type": "Feature", "geometry": {"type": "Point", "coordinates": [29.6299, -1.4984]}, "properties": {"radio": "GSM", "range_m": "1000", "samples": "1"}}, {"type": "Feature", "geometry": {"type": "Point", "coordinates": [29.5584, -1.5451]}, "properties": {"radio": "GSM", "range_m": "1000", "samples": "1"}}, {"type": "Feature", "geometry": {"type": "Point", "coordinates": [29.5619, -1.5367]}, "properties": {"radio": "GSM", "range_m": "1000", "samples": "1"}}, {"type": "Feature", "geometry": {"type": "Point", "coordinates": [29.5883, -1.5103]}, "properties": {"radio": "GSM", "range_m": "1000", "samples": "1"}}, {"type": "Feature", "geometry": {"type": "Point", "coordinates": [29.5883, -1.5103]}, "properties": {"radio": "GSM", "range_m": "1000", "samples": "1"}}, {"type": "Feature", "geometry": {"type": "Point", "coordinates": [29.5664, -1.5358]}, "properties": {"radio": "GSM", "range_m": "1000", "samples": "1"}}, {"type": "Feature", "geometry": {"type": "Point", "coordinates": [29.5664, -1.5358]}, "properties": {"radio": "GSM", "range_m": "1000", "samples": "1"}}, {"type": "Feature", "geometry": {"type": "Point", "coordinates": [29.5664, -1.5358]}, "properties": {"radio": "GSM", "range_m": "1000", "samples": "1"}}, {"type": "Feature", "geometry": {"type": "Point", "coordinates": [29.5584, -1.5451]}, "properties": {"radio": "GSM", "range_m": "1000", "samples": "1"}}, {"type": "Feature", "geometry": {"type": "Point", "coordinates": [29.5584, -1.5451]}, "properties": {"radio": "GSM", "range_m": "1000", "samples": "1"}}, {"type": "Feature", "geometry": {"type": "Point", "coordinates": [29.5584, -1.5451]}, "properties": {"radio": "GSM", "range_m": "1000", "samples": "1"}}, {"type": "Feature", "geometry": {"type": "Point", "coordinates": [29.518, -1.5941]}, "properties": {"radio": "GSM", "range_m": "1000", "samples": "1"}}, {"type": "Feature", "geometry": {"type": "Point", "coordinates": [29.518, -1.5941]}, "properties": {"radio": "GSM", "range_m": "1000", "samples": "1"}}, {"type": "Feature", "geometry": {"type": "Point", "coordinates": [29.518, -1.5941]}, "properties": {"radio": "GSM", "range_m": "1000", "samples": "1"}}, {"type": "Feature", "geometry": {"type": "Point", "coordinates": [29.518, -1.5941]}, "properties": {"radio": "GSM", "range_m": "1000", "samples": "1"}}, {"type": "Feature", "geometry": {"type": "Point", "coordinates": [29.518, -1.5941]}, "properties": {"radio": "GSM", "range_m": "1000", "samples": "1"}}, {"type": "Feature", "geometry": {"type": "Point", "coordinates": [29.518, -1.5941]}, "properties": {"radio": "GSM", "range_m": "1000", "samples": "1"}}, {"type": "Feature", "geometry": {"type": "Point", "coordinates": [29.4653, -1.6223]}, "properties": {"radio": "GSM", "range_m": "1000", "samples": "1"}}, {"type": "Feature", "geometry": {"type": "Point", "coordinates": [29.418, -1.6299]}, "properties": {"radio": "GSM", "range_m": "1000", "samples": "1"}}, {"type": "Feature", "geometry": {"type": "Point", "coordinates": [29.418, -1.6299]}, "properties": {"radio": "GSM", "range_m": "1000", "samples": "1"}}, {"type": "Feature", "geometry": {"type": "Point", "coordinates": [29.4653, -1.6223]}, "properties": {"radio": "GSM", "range_m": "1000", "samples": "1"}}, {"type": "Feature", "geometry": {"type": "Point", "coordinates": [29.4653, -1.6223]}, "properties": {"radio": "GSM", "range_m": "1000", "samples": "1"}}, {"type": "Feature", "geometry": {"type": "Point", "coordinates": [29.418, -1.6299]}, "properties": {"radio": "GSM", "range_m": "1000", "samples": "1"}}, {"type": "Feature", "geometry": {"type": "Point", "coordinates": [29.418, -1.6299]}, "properties": {"radio": "GSM", "range_m": "1000", "samples": "1"}}, {"type": "Feature", "geometry": {"type": "Point", "coordinates": [29.3625, -1.6586]}, "properties": {"radio": "GSM", "range_m": "1000", "samples": "1"}}, {"type": "Feature", "geometry": {"type": "Point", "coordinates": [29.3625, -1.6586]}, "properties": {"radio": "GSM", "range_m": "1000", "samples": "1"}}, {"type": "Feature", "geometry": {"type": "Point", "coordinates": [29.3625, -1.6586]}, "properties": {"radio": "GSM", "range_m": "1000", "samples": "1"}}, {"type": "Feature", "geometry": {"type": "Point", "coordinates": [30.0123, -1.925]}, "properties": {"radio": "GSM", "range_m": "1000", "samples": "1"}}, {"type": "Feature", "geometry": {"type": "Point", "coordinates": [30.0745, -1.9489]}, "properties": {"radio": "GSM", "range_m": "1000", "samples": "1"}}, {"type": "Feature", "geometry": {"type": "Point", "coordinates": [30.0745, -1.9489]}, "properties": {"radio": "GSM", "range_m": "1000", "samples": "1"}}, {"type": "Feature", "geometry": {"type": "Point", "coordinates": [30.1245, -1.9626]}, "properties": {"radio": "GSM", "range_m": "1000", "samples": "1"}}, {"type": "Feature", "geometry": {"type": "Point", "coordinates": [30.4502, -1.9175]}, "properties": {"radio": "GSM", "range_m": "3274", "samples": "2"}}, {"type": "Feature", "geometry": {"type": "Point", "coordinates": [30.4783, -1.8977]}, "properties": {"radio": "GSM", "range_m": "1000", "samples": "1"}}, {"type": "Feature", "geometry": {"type": "Point", "coordinates": [30.5473, -2.2685]}, "properties": {"radio": "GSM", "range_m": "1000", "samples": "1"}}, {"type": "Feature", "geometry": {"type": "Point", "coordinates": [30.6623, -2.2691]}, "properties": {"radio": "GSM", "range_m": "1000", "samples": "1"}}, {"type": "Feature", "geometry": {"type": "Point", "coordinates": [30.5802, -2.2801]}, "properties": {"radio": "GSM", "range_m": "1000", "samples": "1"}}, {"type": "Feature", "geometry": {"type": "Point", "coordinates": [30.1407, -1.9302]}, "properties": {"radio": "GSM", "range_m": "1000", "samples": "2"}}, {"type": "Feature", "geometry": {"type": "Point", "coordinates": [30.1409, -1.9309]}, "properties": {"radio": "GSM", "range_m": "1000", "samples": "1"}}, {"type": "Feature", "geometry": {"type": "Point", "coordinates": [30.1333, -1.9356]}, "properties": {"radio": "GSM", "range_m": "1000", "samples": "1"}}, {"type": "Feature", "geometry": {"type": "Point", "coordinates": [30.121, -1.9479]}, "properties": {"radio": "GSM", "range_m": "1000", "samples": "2"}}, {"type": "Feature", "geometry": {"type": "Point", "coordinates": [30.1214, -1.9481]}, "properties": {"radio": "GSM", "range_m": "1000", "samples": "2"}}, {"type": "Feature", "geometry": {"type": "Point", "coordinates": [30.1214, -1.948]}, "properties": {"radio": "GSM", "range_m": "1000", "samples": "1"}}, {"type": "Feature", "geometry": {"type": "Point", "coordinates": [30.1215, -1.9482]}, "properties": {"radio": "GSM", "range_m": "1000", "samples": "1"}}, {"type": "Feature", "geometry": {"type": "Point", "coordinates": [30.1405, -1.9295]}, "properties": {"radio": "GSM", "range_m": "1000", "samples": "1"}}, {"type": "Feature", "geometry": {"type": "Point", "coordinates": [30.2553, -1.95]}, "properties": {"radio": "GSM", "range_m": "1000", "samples": "1"}}, {"type": "Feature", "geometry": {"type": "Point", "coordinates": [30.4976, -1.9241]}, "properties": {"radio": "GSM", "range_m": "1000", "samples": "1"}}, {"type": "Feature", "geometry": {"type": "Point", "coordinates": [30.5766, -2.146]}, "properties": {"radio": "GSM", "range_m": "1000", "samples": "1"}}]}